run_id,random_seed,random_run,time,node_id,x_m,y_m,velocity_x_mps,velocity_y_mps
1,1,1,0.000000,0,175.958205,120.347620,-4.538649,-2.097775
1,1,1,0.000000,1,91.250803,27.644819,-3.700944,-3.361995
1,1,1,0.000000,2,206.443034,396.876761,-0.741335,-4.944737
1,1,1,0.000000,3,174.059902,352.463957,-4.230510,2.665105
1,1,1,0.000000,4,458.238478,473.136241,-4.659155,-1.814464
1,1,1,0.000000,5,305.740794,313.707665,-2.149017,-4.514612
1,1,1,0.000000,6,58.076712,252.098915,-2.562964,-4.293159
1,1,1,0.000000,7,2.352704,440.112084,-1.026157,4.893567
1,1,1,0.000000,8,88.802888,305.954841,-4.648885,-1.840615
1,1,1,0.000000,9,72.698906,408.113563,-4.029248,2.960602
1,1,1,0.000000,10,298.358564,427.217401,3.739683,3.318851
1,1,1,0.000000,11,80.666865,54.864065,-0.152517,4.997673
1,1,1,0.000000,12,404.217028,447.770429,-4.684749,1.747319
1,1,1,0.000000,13,223.473657,470.470531,-2.356698,-4.409759
1,1,1,0.000000,14,160.886413,256.064207,1.083272,4.881242
1,1,1,0.000000,15,255.503856,404.515112,4.645947,-1.848020
1,1,1,0.000000,16,16.028146,163.304783,0.804235,4.934897
1,1,1,0.000000,17,257.558243,478.738373,-4.572665,2.022556
1,1,1,0.000000,18,416.619060,375.481550,4.760437,1.529129
1,1,1,0.000000,19,374.594621,14.081720,-4.272229,-2.597703
1,1,1,0.000000,20,229.064722,240.572431,-4.968525,0.560142
1,1,1,0.000000,21,372.186523,56.034904,-2.458115,4.354041
1,1,1,0.000000,22,352.640778,116.459746,-0.493378,-4.975598
1,1,1,0.000000,23,376.999095,453.200899,4.201125,2.711190
1,1,1,0.000000,24,452.620768,44.879696,-4.988275,-0.342222
1,1,1,0.000000,25,23.488101,284.227841,-1.080331,-4.881894
1,1,1,0.000000,26,333.962653,388.538692,1.498666,4.770115
1,1,1,0.000000,27,39.202515,252.698328,-2.367430,4.404007
1,1,1,0.000000,28,460.640004,432.411561,-4.473209,2.233920
1,1,1,0.000000,29,75.143093,267.571332,1.063696,-4.885545
1,1,1,0.000000,30,81.811937,422.265399,4.439934,2.299344
1,1,1,0.000000,31,161.758905,62.662363,2.933568,4.048972
1,1,1,0.000000,32,35.357199,93.999498,-3.019046,-3.985645
1,1,1,0.000000,33,386.446746,390.460473,4.277557,2.588921
1,1,1,0.000000,34,489.371672,157.131255,-4.900378,-0.993126
1,1,1,0.000000,35,275.852621,357.303975,-2.600532,4.270508
1,1,1,0.000000,36,262.212610,270.848711,-1.952298,-4.603100
1,1,1,0.000000,37,106.428264,290.791671,-4.275931,2.591605
1,1,1,0.000000,38,377.838306,145.258748,-3.852505,-3.187194
1,1,1,0.000000,39,308.313113,342.912467,-0.416335,4.982636
1,1,1,0.000000,40,283.401871,231.513643,4.960776,0.625063
1,1,1,0.000000,41,343.135888,132.453943,3.734277,-3.324933
1,1,1,0.000000,42,275.742480,165.740060,3.407292,3.659284
1,1,1,0.000000,43,443.868619,344.806989,2.046394,4.562047
1,1,1,0.000000,44,393.380412,174.289192,-4.901807,-0.986048
1,1,1,0.000000,45,402.622149,224.781324,-2.090445,-4.542030
1,1,1,0.000000,46,319.169822,237.755833,-4.825180,1.310587
1,1,1,0.000000,47,113.288368,460.014887,-4.033945,-2.954198
1,1,1,0.000000,48,423.640179,403.789917,-4.881280,1.083099
1,1,1,0.000000,49,278.961340,372.511276,-2.408213,-4.381839
1,1,1,0.000000,50,484.423126,135.220698,2.637313,4.247891
1,1,1,0.000000,51,473.126022,80.038729,3.098132,3.924484
1,1,1,0.000000,52,213.377202,210.849459,-1.702636,4.701173
1,1,1,0.000000,53,427.308670,23.581900,-3.783441,-3.268879
1,1,1,0.000000,54,450.726069,385.759101,-0.496989,4.975239
1,1,1,0.000000,55,87.517127,392.124107,3.083139,-3.936274
1,1,1,0.000000,56,462.358092,11.745315,-3.420389,3.647046
1,1,1,0.000000,57,251.634193,308.617286,-4.151793,-2.786146
1,1,1,0.000000,58,189.838025,107.420752,1.538494,-4.757419
1,1,1,0.000000,59,31.062020,123.757633,4.453256,-2.273435
1,1,1,0.000000,60,368.336112,198.617675,3.103180,-3.920494
1,1,1,0.000000,61,236.424145,393.057004,4.999422,0.076031
1,1,1,0.000000,62,315.153773,112.610190,-1.213825,4.850426
1,1,1,0.000000,63,491.511011,25.055314,-3.108995,3.915884
1,1,1,0.000000,64,117.918644,12.670805,-4.982798,-0.414396
1,1,1,0.000000,65,317.839144,470.573707,4.388445,2.396154
1,1,1,0.000000,66,355.039934,97.002465,3.876086,3.158474
1,1,1,0.000000,67,293.471260,189.571731,-4.849424,-1.217819
1,1,1,0.000000,68,401.127956,336.086492,1.770294,4.676116
1,1,1,0.000000,69,34.502089,259.945672,-0.178843,4.996800
1,1,1,0.000000,70,396.482232,352.006362,4.113327,2.842629
1,1,1,0.000000,71,299.554660,48.800586,-3.583759,-3.486642
1,1,1,0.000000,72,371.173536,314.511215,4.984841,0.389045
1,1,1,0.000000,73,438.032160,199.672331,-0.417456,-4.982543
1,1,1,0.000000,74,254.532920,181.978500,0.263466,-4.993054
1,1,1,0.000000,75,365.358905,9.984115,4.981026,0.435179
1,1,1,0.000000,76,493.624609,421.942111,-2.386905,-4.393482
1,1,1,0.000000,77,49.138041,344.642543,4.561656,2.047266
1,1,1,0.000000,78,7.845172,37.453917,0.802322,4.935208
1,1,1,0.000000,79,306.776813,419.024978,3.448913,3.620083
1,1,1,0.000000,80,491.515316,279.712476,-4.980516,0.440973
1,1,1,0.000000,81,459.537945,268.636078,-4.773536,-1.487735
1,1,1,0.000000,82,284.303580,475.435412,4.753446,-1.550725
1,1,1,0.000000,83,178.228993,422.839787,3.958760,-3.054213
1,1,1,0.000000,84,376.147304,279.689572,-4.692639,1.726018
1,1,1,0.000000,85,168.146693,66.331831,4.224237,2.675037
1,1,1,0.000000,86,104.928331,383.424207,-1.504261,-4.768354
1,1,1,0.000000,87,483.154085,198.181803,-3.929610,-3.091628
1,1,1,0.000000,88,138.183782,268.853794,2.800215,4.142317
1,1,1,0.000000,89,314.947770,448.696280,3.756972,-3.299267
1,1,1,0.000000,90,217.256083,89.632369,-4.778226,1.472602
1,1,1,0.000000,91,220.812770,179.108885,-2.717907,-4.196782
1,1,1,0.000000,92,220.267859,348.799511,-2.814790,-4.132428
1,1,1,0.000000,93,182.212415,163.551940,-4.573739,2.020126
1,1,1,0.000000,94,86.297621,118.058960,-4.328562,2.502708
1,1,1,0.000000,95,211.344310,120.653720,-4.613201,-1.928309
1,1,1,0.000000,96,126.772409,459.811228,-2.692891,-4.212878
1,1,1,0.000000,97,14.835147,293.983956,0.463753,4.978447
1,1,1,0.000000,98,138.307455,305.648992,2.028728,4.569930
1,1,1,0.000000,99,475.288552,168.520821,4.478472,2.223351
1,1,1,0.000000,100,149.815438,10.162307,4.868856,1.137645
1,1,1,0.000000,101,438.800299,13.552410,3.829038,-3.215349
1,1,1,0.000000,102,136.633142,157.577992,1.659893,4.716435
1,1,1,0.000000,103,396.848532,411.195648,1.649595,-4.720046
1,1,1,0.000000,104,169.087139,284.107216,-3.394730,3.670941
1,1,1,0.000000,105,22.943114,192.706803,4.457676,2.264756
1,1,1,0.000000,106,325.681717,489.909782,3.732068,-3.327412
1,1,1,0.000000,107,228.620843,477.998189,4.564859,-2.040113
1,1,1,0.000000,108,223.880632,56.265810,0.687562,4.952500
1,1,1,0.000000,109,457.588314,108.483932,3.205584,3.837216
1,1,1,0.000000,110,203.722134,71.773941,-4.656611,1.820981
1,1,1,0.000000,111,138.397382,200.116441,-4.419695,2.338012
1,1,1,0.000000,112,263.436487,46.079179,-0.236471,-4.994405
1,1,1,0.000000,113,138.517388,265.296295,3.897614,3.131870
1,1,1,0.000000,114,466.096930,75.195004,-4.989580,0.322632
1,1,1,0.000000,115,35.017977,491.170453,3.525425,3.545614
1,1,1,0.000000,116,37.512887,276.874274,4.306654,2.540223
1,1,1,0.000000,117,118.917803,107.947540,-4.620074,1.911784
1,1,1,0.000000,118,32.438470,255.214178,-4.920532,0.887901
1,1,1,0.000000,119,316.232417,288.479259,4.986526,-0.366825
1,1,1,0.000000,120,473.277217,404.304350,4.966678,-0.576293
1,1,1,0.000000,121,496.414578,417.548948,-0.044175,4.999805
1,1,1,0.000000,122,246.905754,399.499269,2.133587,-4.521925
1,1,1,0.000000,123,330.712171,389.571292,3.840346,3.201834
1,1,1,0.000000,124,449.157973,136.117566,-4.927129,-0.850528
1,1,1,0.000000,125,358.204595,182.384515,4.980180,0.444752
1,1,1,0.000000,126,39.295178,243.995350,4.419655,2.338086
1,1,1,0.000000,127,332.975684,234.101573,3.354286,3.707933
1,1,1,0.000000,128,460.524442,153.258177,4.943077,0.752320
1,1,1,0.000000,129,359.016250,380.754900,-2.941977,-4.042867
1,1,1,0.000000,130,288.760068,384.614625,0.283281,4.991969
1,1,1,0.000000,131,31.544810,252.864163,3.132555,-3.897063
1,1,1,0.000000,132,379.986170,458.385762,1.676298,-4.710629
1,1,1,0.000000,133,44.107125,183.234730,-1.219480,-4.849007
1,1,1,0.000000,134,430.964340,291.919965,-4.716947,-1.658435
1,1,1,0.000000,135,458.375775,116.680962,3.228535,3.817927
1,1,1,0.000000,136,178.916046,484.189643,4.862684,1.163745
1,1,1,0.000000,137,387.757610,445.365147,4.498743,2.182042
1,1,1,0.000000,138,40.109357,192.402106,-2.982990,4.012701
1,1,1,0.000000,139,171.547383,133.348327,4.976723,-0.481905
1,1,1,0.000000,140,245.674417,347.692677,-2.022480,4.572699
1,1,1,0.000000,141,483.990650,428.971408,4.993881,0.247295
1,1,1,0.000000,142,371.280759,440.640776,4.680070,1.759813
1,1,1,0.000000,143,380.216920,368.511301,2.464056,4.350681
1,1,1,0.000000,144,427.576557,456.258340,4.977147,0.477503
1,1,1,0.000000,145,51.806396,174.365698,4.832910,1.281786
1,1,1,0.000000,146,177.130783,282.481581,2.273861,4.453039
1,1,1,0.000000,147,153.856189,325.621381,-4.941546,-0.762316
1,1,1,0.000000,148,299.345946,257.964287,1.837797,4.650000
1,1,1,0.000000,149,465.137403,462.799091,4.999850,-0.038780
1,1,1,1.000000,0,171.419556,118.249845,-4.741479,-1.586941
1,1,1,1.000000,1,87.549858,24.282824,-0.042146,4.999822
1,1,1,1.000000,2,205.701699,391.932024,4.235226,-2.657604
1,1,1,1.000000,3,169.829393,355.129063,2.231065,4.474634
1,1,1,1.000000,4,453.579323,471.321777,-2.572672,4.287349
1,1,1,1.000000,5,303.591776,309.193052,1.515143,-4.764907
1,1,1,1.000000,6,55.513749,247.805755,0.508298,4.974096
1,1,1,1.000000,7,1.326547,445.005652,-4.312144,-2.530891
1,1,1,1.000000,8,84.154003,304.114226,0.808728,4.934162
1,1,1,1.000000,9,68.669658,411.074165,1.654002,-4.718504
1,1,1,1.000000,10,302.098246,430.536252,-4.941614,-0.761873
1,1,1,1.000000,11,80.514348,59.861738,4.965355,0.587582
1,1,1,1.000000,12,399.532279,449.517748,-0.553232,4.969299
1,1,1,1.000000,13,221.116959,466.060772,-4.790750,-1.431333
1,1,1,1.000000,14,161.969686,260.945449,4.490255,-2.199456
1,1,1,1.000000,15,260.149803,402.667092,0.803364,4.935039
1,1,1,1.000000,16,16.832381,168.239680,0.936550,4.911504
1,1,1,1.000000,17,252.985578,480.760929,-3.592833,-3.477291
1,1,1,1.000000,18,421.379498,377.010679,-4.897570,-1.006881
1,1,1,1.000000,19,370.322392,11.484017,0.064255,4.999587
1,1,1,1.000000,20,224.096197,241.132573,-4.462368,-2.255498
1,1,1,1.000000,21,369.728408,60.388945,0.020669,4.999957
1,1,1,1.000000,22,352.147400,111.484148,-3.285674,3.768865
1,1,1,1.000000,23,381.200220,455.912089,-2.750940,-4.175204
1,1,1,1.000000,24,447.632493,44.537474,4.991965,-0.283349
1,1,1,1.000000,25,22.407769,279.345948,4.154341,-2.782346
1,1,1,1.000000,26,335.461319,393.308807,4.960170,0.629853
1,1,1,1.000000,27,36.835085,257.102335,-4.485179,2.209789
1,1,1,1.000000,28,456.166795,434.645481,-1.668537,4.713383
1,1,1,1.000000,29,76.206789,262.685787,3.947016,3.069376
1,1,1,1.000000,30,86.251871,424.564743,4.352926,2.460088
1,1,1,1.000000,31,164.692473,66.711335,-0.153507,4.997643
1,1,1,1.000000,32,32.338154,90.013853,4.617297,-1.918482
1,1,1,1.000000,33,390.724303,393.049394,0.319628,-4.989773
1,1,1,1.000000,34,484.471295,156.138129,-2.432823,4.368223
1,1,1,1.000000,35,273.252090,361.574482,4.970776,0.539801
1,1,1,1.000000,36,260.260312,266.245610,-3.398558,-3.667398
1,1,1,1.000000,37,102.152333,293.383276,1.745895,-4.685280
1,1,1,1.000000,38,373.985801,142.071554,-4.696105,1.716565
1,1,1,1.000000,39,307.896778,347.895104,-4.375645,-2.419449
1,1,1,1.000000,40,288.362647,232.138707,-4.748003,1.567313
1,1,1,1.000000,41,346.870164,129.129010,-3.269716,-3.782718
1,1,1,1.000000,42,279.149772,169.399345,2.479397,-4.341957
1,1,1,1.000000,43,445.915013,349.369036,4.818064,-1.336510
1,1,1,1.000000,44,388.478605,173.303144,-3.778364,-3.274747
1,1,1,1.000000,45,400.531704,220.239294,4.734151,-1.608667
1,1,1,1.000000,46,314.344642,239.066420,4.903924,0.975466
1,1,1,1.000000,47,109.254423,457.060688,-0.779955,4.938792
1,1,1,1.000000,48,418.758899,404.873016,-3.890976,3.140113
1,1,1,1.000000,49,276.553128,368.129437,-4.995338,0.215876
1,1,1,1.000000,50,487.060440,139.468589,0.106888,4.998857
1,1,1,1.000000,51,476.224154,83.963213,-4.849859,1.216087
1,1,1,1.000000,52,211.674566,215.550633,2.825385,-4.125191
1,1,1,1.000000,53,423.525229,20.313021,-4.313469,2.528633
1,1,1,1.000000,54,450.229080,390.734340,1.159565,-4.863683
1,1,1,1.000000,55,90.600265,388.187833,1.293226,-4.829862
1,1,1,1.000000,56,458.937703,15.392361,-2.902793,-4.071092
1,1,1,1.000000,57,247.482399,305.831140,-4.631382,-1.884225
1,1,1,1.000000,58,191.376519,102.663333,-2.794514,4.146166
1,1,1,1.000000,59,35.515276,121.484198,0.610040,-4.962646
1,1,1,1.000000,60,371.439292,194.697181,2.503231,-4.328260
1,1,1,1.000000,61,241.423566,393.133035,-2.128615,4.524267
1,1,1,1.000000,62,313.939948,117.460615,4.669377,1.787993
1,1,1,1.000000,63,488.402016,28.971199,4.718911,-1.652840
1,1,1,1.000000,64,112.935846,12.256409,-1.035702,-4.891556
1,1,1,1.000000,65,322.227588,472.969861,-1.776263,-4.673852
1,1,1,1.000000,66,358.916020,100.160939,0.568014,4.967631
1,1,1,1.000000,67,288.621836,188.353911,-2.057511,-4.557044
1,1,1,1.000000,68,402.898250,340.762608,-2.505815,-4.326765
1,1,1,1.000000,69,34.323246,264.942472,-4.985361,0.382323
1,1,1,1.000000,70,400.595559,354.848992,4.408404,-2.359231
1,1,1,1.000000,71,295.970902,45.313944,-4.992686,-0.270351
1,1,1,1.000000,72,376.158377,314.900260,-4.592739,1.976549
1,1,1,1.000000,73,437.614703,194.689788,-4.896854,1.010355
1,1,1,1.000000,74,254.796386,176.985446,-1.703725,4.700779
1,1,1,1.000000,75,370.339931,10.419293,1.145420,4.867033
1,1,1,1.000000,76,491.237703,417.548629,-3.831943,3.211886
1,1,1,1.000000,77,53.699697,346.689809,-3.865541,-3.171371
1,1,1,1.000000,78,8.647493,42.389126,1.702156,4.701347
1,1,1,1.000000,79,310.225726,422.645061,3.195791,3.845376
1,1,1,1.000000,80,486.534799,280.153449,4.541359,2.091903
1,1,1,1.000000,81,454.764409,267.148343,-1.364871,-4.810107
1,1,1,1.000000,82,289.057026,473.884687,-3.108874,3.915980
1,1,1,1.000000,83,182.187753,419.785574,-1.736703,4.688695
1,1,1,1.000000,84,371.454665,281.415590,-3.002235,-3.998323
1,1,1,1.000000,85,172.370930,69.006868,-1.658901,-4.716784
1,1,1,1.000000,86,103.424070,378.655853,-4.647732,-1.843525
1,1,1,1.000000,87,479.224475,195.090175,4.357669,-2.451678
1,1,1,1.000000,88,140.983998,272.996112,3.765836,-3.289146
1,1,1,1.000000,89,318.704742,445.397013,-4.950400,-0.702525
1,1,1,1.000000,90,212.477857,91.104971,2.391838,4.390798
1,1,1,1.000000,91,218.094863,174.912103,-3.348404,3.713246
1,1,1,1.000000,92,217.453069,344.667083,4.997246,-0.165919
1,1,1,1.000000,93,177.638676,165.572066,1.262049,4.838102
1,1,1,1.000000,94,81.969059,120.561668,4.053316,2.927564
1,1,1,1.000000,95,206.731109,118.725411,-2.053373,-4.558910
1,1,1,1.000000,96,124.079518,455.598351,-4.119193,2.834123
1,1,1,1.000000,97,15.298900,298.962403,-4.591267,1.979967
1,1,1,1.000000,98,140.336183,310.218923,-4.589239,-1.984663
1,1,1,1.000000,99,479.767024,170.744172,0.254461,4.993521
1,1,1,1.000000,100,154.684295,11.299952,4.304641,2.543632
1,1,1,1.000000,101,442.629337,10.337062,-0.431018,-4.981388
1,1,1,1.000000,102,138.293035,162.294427,-0.118530,4.998595
1,1,1,1.000000,103,398.498128,406.475602,-4.962704,-0.609567
1,1,1,1.000000,104,165.692409,287.778157,4.787549,-1.442002
1,1,1,1.000000,105,27.400791,194.971560,4.640377,1.861962
1,1,1,1.000000,106,329.413785,486.582370,4.982833,0.413976
1,1,1,1.000000,107,233.185702,475.958076,2.540201,-4.306667
1,1,1,1.000000,108,224.568194,61.218310,4.918293,0.900219
1,1,1,1.000000,109,460.793898,112.321148,-4.421380,-2.334823
1,1,1,1.000000,110,199.065522,73.594922,1.605904,-4.735090
1,1,1,1.000000,111,133.977687,202.454453,4.992143,-0.280199
1,1,1,1.000000,112,263.200016,41.084774,2.383349,-4.395412
1,1,1,1.000000,113,142.415001,268.428165,0.388159,4.984910
1,1,1,1.000000,114,461.107350,75.517636,-3.307438,-3.749780
1,1,1,1.000000,115,38.543402,494.716067,4.419554,2.338277
1,1,1,1.000000,116,41.819540,279.414497,-2.332917,-4.422386
1,1,1,1.000000,117,114.297729,109.859324,4.662621,1.805537
1,1,1,1.000000,118,27.517939,256.102079,-4.965742,-0.584298
1,1,1,1.000000,119,321.218943,288.112433,-3.634906,-3.433287
1,1,1,1.000000,120,478.243894,403.728056,0.255867,-4.993449
1,1,1,1.000000,121,496.370403,422.548753,4.461740,-2.256740
1,1,1,1.000000,122,249.039341,394.977344,-4.101433,-2.859764
1,1,1,1.000000,123,334.552517,392.773126,0.661569,-4.956039
1,1,1,1.000000,124,444.230844,135.267039,-3.265807,3.786094
1,1,1,1.000000,125,363.184775,182.829267,-0.720562,4.947807
1,1,1,1.000000,126,43.714833,246.333437,2.396438,4.388290
1,1,1,1.000000,127,336.329970,237.809506,1.192484,4.855716
1,1,1,1.000000,128,465.467520,154.010497,-4.692707,-1.725834
1,1,1,1.000000,129,356.074273,376.712033,4.656047,1.822424
1,1,1,1.000000,130,289.043350,389.606593,-3.029687,-3.977562
1,1,1,1.000000,131,34.677364,248.967100,4.063725,-2.913099
1,1,1,1.000000,132,381.662468,453.675134,0.351014,-4.987664
1,1,1,1.000000,133,42.887645,178.385723,-1.491936,-4.772225
1,1,1,1.000000,134,426.247392,290.261530,-4.898665,-1.001541
1,1,1,1.000000,135,461.604309,120.498888,4.454556,-2.270888
1,1,1,1.000000,136,183.778730,485.353387,4.749000,-1.564289
1,1,1,1.000000,137,392.256353,447.547190,-2.965495,4.025647
1,1,1,1.000000,138,37.126367,196.414808,-4.959352,-0.636265
1,1,1,1.000000,139,176.524105,132.866422,-1.603386,-4.735943
1,1,1,1.000000,140,243.651937,352.265376,4.519795,2.138095
1,1,1,1.000000,141,488.984530,429.218703,2.301579,4.438776
1,1,1,1.000000,142,375.960829,442.400588,-3.858889,3.179462
1,1,1,1.000000,143,382.680976,372.861982,-3.907307,3.119768
1,1,1,1.000000,144,432.553703,456.735843,-1.981245,4.590715
1,1,1,1.000000,145,56.639306,175.647484,-1.585537,-4.741948
1,1,1,1.000000,146,179.404644,286.934620,-4.492344,2.195186
1,1,1,1.000000,147,148.914643,324.859065,-4.821965,-1.322368
1,1,1,1.000000,148,301.183743,262.614288,-3.690032,-3.373968
1,1,1,1.000000,149,470.137252,462.760311,-0.180229,-4.996751
1,1,1,2.000000,0,166.678077,116.662904,-3.319909,3.738743
1,1,1,2.000000,1,87.507712,29.282646,-4.100496,-2.861106
1,1,1,2.000000,2,209.936925,389.274420,-3.961562,3.050578
1,1,1,2.000000,3,172.060458,359.603696,1.796482,-4.666117
1,1,1,2.000000,4,451.006651,475.609126,-3.386324,3.678697
1,1,1,2.000000,5,305.106919,304.428145,2.158130,4.510263
1,1,1,2.000000,6,56.022047,252.779851,0.108909,4.998814
1,1,1,2.000000,7,2.985597,442.474760,4.312144,-2.530891
1,1,1,2.000000,8,84.962731,309.048388,-4.776119,-1.479422
1,1,1,2.000000,9,70.323660,406.355661,2.058681,-4.556515
1,1,1,2.000000,10,297.156632,429.774380,0.680436,-4.953484
1,1,1,2.000000,11,85.479703,60.449320,-1.902109,4.624065
1,1,1,2.000000,12,398.979047,454.487047,-4.040921,-2.944648
1,1,1,2.000000,13,216.326209,464.629440,-2.585774,-4.279460
1,1,1,2.000000,14,166.459941,258.745993,-0.866669,4.924316
1,1,1,2.000000,15,260.953166,407.602131,4.999987,-0.011412
1,1,1,2.000000,16,17.768931,173.151184,4.908911,-0.950050
1,1,1,2.000000,17,249.392744,477.283638,-0.313906,-4.990137
1,1,1,2.000000,18,416.481928,376.003798,2.139167,-4.519288
1,1,1,2.000000,19,370.386647,16.483604,-4.756639,1.540905
1,1,1,2.000000,20,219.633829,238.877075,-3.916818,-3.107819
1,1,1,2.000000,21,369.749077,65.388902,4.440992,2.297300
1,1,1,2.000000,22,348.861726,115.253013,0.828520,4.930878
1,1,1,2.000000,23,378.449280,451.736885,4.993222,-0.260258
1,1,1,2.000000,24,452.624458,44.254125,-4.583379,1.998158
1,1,1,2.000000,25,26.562111,276.563602,-3.893451,3.137044
1,1,1,2.000000,26,340.421489,393.938660,-3.508977,-3.561893
1,1,1,2.000000,27,32.349906,259.312124,3.780255,-3.272564
1,1,1,2.000000,28,454.498257,439.358865,-0.060100,-4.999639
1,1,1,2.000000,29,80.153805,265.755163,-2.533260,-4.310753
1,1,1,2.000000,30,90.604798,427.024831,0.628364,4.960359
1,1,1,2.000000,31,164.538966,71.708978,2.493384,-4.333940
1,1,1,2.000000,32,36.955451,88.095372,1.016444,4.895594
1,1,1,2.000000,33,391.043931,388.059620,1.172431,-4.860597
1,1,1,2.000000,34,482.038472,160.506352,-3.032258,-3.975602
1,1,1,2.000000,35,278.222866,362.114283,-0.933698,-4.912047
1,1,1,2.000000,36,256.861755,262.578213,4.225576,-2.672921
1,1,1,2.000000,37,103.898227,288.697995,4.047427,-2.935700
1,1,1,2.000000,38,369.289696,143.788119,3.331563,-3.728362
1,1,1,2.000000,39,303.521133,345.475655,2.062275,4.554890
1,1,1,2.000000,40,283.614644,233.706020,4.310066,2.534429
1,1,1,2.000000,41,343.600448,125.346292,-4.958123,-0.645771
1,1,1,2.000000,42,281.629169,165.057387,-3.151514,3.881747
1,1,1,2.000000,43,450.733077,348.032526,3.868214,-3.168110
1,1,1,2.000000,44,384.700241,170.028397,-4.013801,-2.981510
1,1,1,2.000000,45,405.265855,218.630626,-4.891905,-1.034053
1,1,1,2.000000,46,319.248565,240.041886,-0.571725,-4.967206
1,1,1,2.000000,47,108.474468,461.999481,2.299640,4.439781
1,1,1,2.000000,48,414.867924,408.013129,4.926772,-0.852594
1,1,1,2.000000,49,271.557790,368.345314,1.869000,-4.637547
1,1,1,2.000000,50,487.167328,144.467446,0.263051,-4.993076
1,1,1,2.000000,51,471.374295,85.179300,-4.980497,-0.441187
1,1,1,2.000000,52,214.499950,211.425442,-4.775178,-1.482457
1,1,1,2.000000,53,419.211760,22.841654,4.068905,-2.905859
1,1,1,2.000000,54,451.388645,385.870657,4.946866,-0.726993
1,1,1,2.000000,55,91.893491,383.357971,-4.529459,2.117547
1,1,1,2.000000,56,456.034909,11.321268,-4.863936,1.158503
1,1,1,2.000000,57,242.851018,303.946915,3.108594,3.916203
1,1,1,2.000000,58,188.582005,106.809499,-3.811622,3.235975
1,1,1,2.000000,59,36.125317,116.521552,3.313300,3.744602
1,1,1,2.000000,60,373.942524,190.368921,-4.934388,0.807349
1,1,1,2.000000,61,239.294951,397.657302,-4.741744,-1.586147
1,1,1,2.000000,62,318.609325,119.248609,0.817409,4.932732
1,1,1,2.000000,63,493.120927,27.318358,4.254400,2.626801
1,1,1,2.000000,64,111.900144,7.364853,1.487836,-4.773504
1,1,1,2.000000,65,320.451326,468.296009,-4.941323,-0.763759
1,1,1,2.000000,66,359.484034,105.128570,-4.484022,-2.212136
1,1,1,2.000000,67,286.564325,183.796867,4.059507,-2.918973
1,1,1,2.000000,68,400.392436,336.435843,-3.067642,3.948363
1,1,1,2.000000,69,29.337884,265.324795,-4.081564,2.888051
1,1,1,2.000000,70,405.003963,352.489760,3.568475,-3.502283
1,1,1,2.000000,71,290.978216,45.043593,-2.964970,-4.026034
1,1,1,2.000000,72,371.565638,316.876809,-3.249127,-3.800417
1,1,1,2.000000,73,432.717849,195.700144,-4.984771,0.389945
1,1,1,2.000000,74,253.092661,181.686225,3.952456,-3.062367
1,1,1,2.000000,75,371.485351,15.286327,-1.431530,-4.790691
1,1,1,2.000000,76,487.405760,420.760515,3.115102,3.911028
1,1,1,2.000000,77,49.834156,343.518438,-4.940364,-0.769938
1,1,1,2.000000,78,10.349649,47.090473,-4.911321,0.937512
1,1,1,2.000000,79,313.421517,426.490437,1.502826,-4.768806
1,1,1,2.000000,80,491.076159,282.245351,-0.586606,4.965470
1,1,1,2.000000,81,453.399538,262.338236,3.640666,-3.427178
1,1,1,2.000000,82,285.948151,477.800667,-4.221357,2.679580
1,1,1,2.000000,83,180.451049,424.474269,4.272755,-2.596838
1,1,1,2.000000,84,368.452430,277.417267,2.604526,4.268073
1,1,1,2.000000,85,170.712029,64.290084,1.532186,-4.759455
1,1,1,2.000000,86,98.776338,376.812328,-0.293476,4.991380
1,1,1,2.000000,87,483.582143,192.638497,3.058811,-3.955208
1,1,1,2.000000,88,144.749833,269.706966,-1.513605,4.765396
1,1,1,2.000000,89,313.754342,444.694488,4.230501,2.665120
1,1,1,2.000000,90,214.869695,95.495769,4.615159,-1.923619
1,1,1,2.000000,91,214.746459,178.625349,4.321378,-2.515092
1,1,1,2.000000,92,222.450315,344.501164,4.787468,-1.442272
1,1,1,2.000000,93,178.900724,170.410168,-1.796230,-4.666215
1,1,1,2.000000,94,86.022375,123.489232,-2.400909,-4.385845
1,1,1,2.000000,95,204.677736,114.166501,0.927927,4.913141
1,1,1,2.000000,96,119.960326,458.432473,-1.224348,4.847780
1,1,1,2.000000,97,10.707633,300.942370,1.955064,-4.601926
1,1,1,2.000000,98,135.746944,308.234260,2.415953,4.377576
1,1,1,2.000000,99,480.021485,175.737693,-4.783412,1.455668
1,1,1,2.000000,100,158.988936,13.843584,-1.615353,4.731874
1,1,1,2.000000,101,442.198319,5.355674,-4.964220,0.597096
1,1,1,2.000000,102,138.174504,167.293022,2.002304,4.581570
1,1,1,2.000000,103,393.535424,405.866034,-3.370534,-3.693169
1,1,1,2.000000,104,170.479958,286.336155,-2.092868,4.540915
1,1,1,2.000000,105,32.041167,196.833522,3.992210,3.010359
1,1,1,2.000000,106,334.396617,486.996346,-4.048539,-2.934166
1,1,1,2.000000,107,235.725904,471.651409,1.877448,4.634133
1,1,1,2.000000,108,229.486487,62.118529,4.994414,0.236272
1,1,1,2.000000,109,456.372518,109.986325,4.955215,-0.667717
1,1,1,2.000000,110,200.671426,68.859832,-2.238662,4.470838
1,1,1,2.000000,111,138.969830,202.174255,4.902605,0.982073
1,1,1,2.000000,112,265.583365,36.689362,-4.546592,-2.080506
1,1,1,2.000000,113,142.803160,273.413076,4.700529,1.704415
1,1,1,2.000000,114,457.799912,71.767856,-1.297627,4.828681
1,1,1,2.000000,115,42.962956,497.054344,-0.510806,4.973839
1,1,1,2.000000,116,39.486624,274.992111,-4.977200,-0.476949
1,1,1,2.000000,117,118.960350,111.664861,2.210410,-4.484873
1,1,1,2.000000,118,22.552196,255.517781,-4.995356,-0.215442
1,1,1,2.000000,119,317.584037,284.679147,1.461749,-4.781557
1,1,1,2.000000,120,478.499761,398.734607,-4.904515,-0.972488
1,1,1,2.000000,121,499.167857,420.292013,-4.461740,-2.256740
1,1,1,2.000000,122,244.937909,392.117579,-1.950695,-4.603780
1,1,1,2.000000,123,335.214085,387.817087,3.301033,3.755420
1,1,1,2.000000,124,440.965037,139.053132,4.927747,-0.846940
1,1,1,2.000000,125,362.464214,187.777073,-4.999811,0.043459
1,1,1,2.000000,126,46.111271,250.721726,4.457941,-2.264236
1,1,1,2.000000,127,337.522454,242.665222,4.999732,0.051750
1,1,1,2.000000,128,460.774813,152.284664,2.181241,-4.499132
1,1,1,2.000000,129,360.730320,378.534457,-0.630703,4.960062
1,1,1,2.000000,130,286.013663,385.629031,3.853165,3.186396
1,1,1,2.000000,131,38.741089,246.054001,-1.826202,4.654566
1,1,1,2.000000,132,382.013482,448.687470,-4.297957,2.554911
1,1,1,2.000000,133,41.395709,173.613498,-2.485206,4.338635
1,1,1,2.000000,134,421.348728,289.259989,-1.413972,4.795903
1,1,1,2.000000,135,466.058865,118.228000,-1.853503,-4.643762
1,1,1,2.000000,136,188.527730,483.789098,2.200514,-4.489737
1,1,1,2.000000,137,389.290858,451.572837,3.331033,3.728836
1,1,1,2.000000,138,32.167016,195.778543,-3.602334,3.467448
1,1,1,2.000000,139,174.920719,128.130480,0.573628,4.966986
1,1,1,2.000000,140,248.171732,354.403471,-0.603920,4.963394
1,1,1,2.000000,141,491.286110,433.657479,1.757513,-4.680935
1,1,1,2.000000,142,372.101940,445.580050,-4.970557,-0.541812
1,1,1,2.000000,143,378.773669,375.981750,3.969991,3.039601
1,1,1,2.000000,144,430.572458,461.326559,1.933291,-4.611115
1,1,1,2.000000,145,55.053769,170.905536,1.291363,4.830360
1,1,1,2.000000,146,174.912300,289.129806,4.438515,-2.302083
1,1,1,2.000000,147,144.092679,323.536696,-4.447130,2.285397
1,1,1,2.000000,148,297.493711,259.240319,4.026447,-2.964410
1,1,1,2.000000,149,469.957024,457.763560,0.106981,4.998855
1,1,1,3.000000,0,163.358168,120.401647,-4.888906,-1.048140
1,1,1,3.000000,1,83.407216,26.421540,2.262557,-4.458793
1,1,1,3.000000,2,205.975363,392.324998,-0.858075,4.925820
1,1,1,3.000000,3,173.856940,354.937579,-1.533136,4.759148
1,1,1,3.000000,4,447.620327,479.287823,4.736480,-1.601798
1,1,1,3.000000,5,307.265048,308.938408,-4.838675,1.259852
1,1,1,3.000000,6,56.130956,257.778665,4.871839,1.124805
1,1,1,3.000000,7,1.959780,443.211808,4.945378,0.737048
1,1,1,3.000000,8,80.186612,307.568966,4.085780,-2.882084
1,1,1,3.000000,9,72.382341,401.799146,1.409695,4.797162
1,1,1,3.000000,10,297.837068,424.820895,-3.418115,3.649176
1,1,1,3.000000,11,83.577594,65.073386,4.224558,-2.674530
1,1,1,3.000000,12,394.938125,451.542399,1.186603,-4.857157
1,1,1,3.000000,13,213.740436,460.349980,1.480577,4.775761
1,1,1,3.000000,14,165.593272,263.670308,-4.460357,2.259472
1,1,1,3.000000,15,265.953153,407.590719,-4.989071,-0.330417
1,1,1,3.000000,16,22.677841,172.201134,-2.541798,-4.305724
1,1,1,3.000000,17,249.078839,472.293502,-3.517695,3.553283
1,1,1,3.000000,18,418.621095,371.484510,3.796984,-3.253139
1,1,1,3.000000,19,365.630008,18.024509,-4.366747,-2.435472
1,1,1,3.000000,20,215.717012,235.769256,0.909012,-4.916675
1,1,1,3.000000,21,374.190070,67.686202,-4.925764,0.858398
1,1,1,3.000000,22,349.690246,120.183891,-4.996203,0.194829
1,1,1,3.000000,23,383.442502,451.476627,-2.451559,-4.357736
1,1,1,3.000000,24,448.041079,46.252283,2.163547,-4.507667
1,1,1,3.000000,25,22.668660,279.700645,4.643073,1.855228
1,1,1,3.000000,26,336.912512,390.376767,-0.039281,4.999846
1,1,1,3.000000,27,36.130160,256.039560,-4.507005,-2.164927
1,1,1,3.000000,28,454.438157,434.359226,-3.431267,3.636813
1,1,1,3.000000,29,77.620544,261.444410,-4.921545,-0.882269
1,1,1,3.000000,30,91.233162,431.985190,-4.992095,0.281053
1,1,1,3.000000,31,167.032350,67.375038,4.985536,0.380046
1,1,1,3.000000,32,37.971895,92.990966,2.652340,-4.238525
1,1,1,3.000000,33,392.216362,383.199023,-4.290966,-2.566635
1,1,1,3.000000,34,479.006214,156.530750,0.971883,-4.904635
1,1,1,3.000000,35,277.289168,357.202236,4.444846,-2.289834
1,1,1,3.000000,36,261.087331,259.905292,-4.485680,-2.208772
1,1,1,3.000000,37,107.945654,285.762295,4.445225,-2.289099
1,1,1,3.000000,38,372.621259,140.059757,-4.964794,-0.592298
1,1,1,3.000000,39,305.583409,350.030545,-4.654189,-1.827163
1,1,1,3.000000,40,287.924710,236.240448,4.763331,-1.520090
1,1,1,3.000000,41,338.642326,124.700521,-4.666767,1.794794
1,1,1,3.000000,42,278.477656,168.939135,-3.516496,-3.554470
1,1,1,3.000000,43,454.601291,344.864417,4.925390,0.860542
1,1,1,3.000000,44,380.686440,167.046887,-0.468428,4.978009
1,1,1,3.000000,45,400.373950,217.596573,-4.985571,-0.379577
1,1,1,3.000000,46,318.676840,235.074681,0.597436,4.964179
1,1,1,3.000000,47,110.774108,466.439262,3.321163,-3.737630
1,1,1,3.000000,48,419.794696,407.160535,4.994045,-0.243962
1,1,1,3.000000,49,273.426790,363.707767,-0.035834,-4.999872
1,1,1,3.000000,50,487.430379,139.474370,-4.690494,-1.731838
1,1,1,3.000000,51,466.393797,84.738113,-4.950413,0.702435
1,1,1,3.000000,52,209.724772,209.942985,4.929326,-0.837705
1,1,1,3.000000,53,423.280664,19.935795,4.835122,-1.273420
1,1,1,3.000000,54,456.335511,385.143665,-1.263250,4.837789
1,1,1,3.000000,55,87.364032,385.475518,-3.039174,-3.970318
1,1,1,3.000000,56,451.170974,12.479772,-3.640414,3.427446
1,1,1,3.000000,57,245.959612,307.863118,-4.485760,-2.208610
1,1,1,3.000000,58,184.770382,110.045474,3.814981,-3.232014
1,1,1,3.000000,59,39.438617,120.266154,4.990486,-0.308293
1,1,1,3.000000,60,369.008135,191.176270,-3.937908,-3.081052
1,1,1,3.000000,61,234.553207,396.071155,4.974371,-0.505602
1,1,1,3.000000,62,319.426734,124.181340,-0.845847,-4.927935
1,1,1,3.000000,63,497.375327,29.945159,-2.427100,-4.371406
1,1,1,3.000000,64,113.387980,2.591349,-3.642031,-3.425727
1,1,1,3.000000,65,315.510003,467.532251,-3.614421,-3.454846
1,1,1,3.000000,66,355.000012,102.916434,4.724234,-1.637563
1,1,1,3.000000,67,290.623832,180.877894,4.871908,-1.124504
1,1,1,3.000000,68,397.324794,340.384207,4.860926,1.171069
1,1,1,3.000000,69,25.256321,268.212846,3.256905,-3.793754
1,1,1,3.000000,70,408.572439,348.987478,-3.664320,3.401876
1,1,1,3.000000,71,288.013246,41.017559,-1.269334,-4.836196
1,1,1,3.000000,72,368.316511,313.076392,4.120570,-2.832120
1,1,1,3.000000,73,427.733078,196.090088,-3.433787,-3.634433
1,1,1,3.000000,74,257.045117,178.623858,4.845173,1.234623
1,1,1,3.000000,75,370.053821,10.495636,3.720181,3.340697
1,1,1,3.000000,76,490.520862,424.671543,2.724165,4.192723
1,1,1,3.000000,77,44.893793,342.748500,4.331937,-2.496863
1,1,1,3.000000,78,5.438328,48.027985,-1.427483,4.791899
1,1,1,3.000000,79,314.924343,421.721631,2.875466,4.090439
1,1,1,3.000000,80,490.489553,287.210822,1.138696,-4.868611
1,1,1,3.000000,81,457.040205,258.911058,-4.791596,-1.428499
1,1,1,3.000000,82,281.726795,480.480247,-2.783170,-4.153789
1,1,1,3.000000,83,184.723804,421.877431,-2.046068,4.562193
1,1,1,3.000000,84,371.056956,281.685340,4.963285,-0.604814
1,1,1,3.000000,85,172.244215,59.530630,-4.531301,-2.113602
1,1,1,3.000000,86,98.482861,381.803708,-1.752544,-4.682797
1,1,1,3.000000,87,486.640954,188.683289,4.689727,1.733914
1,1,1,3.000000,88,143.236228,274.472362,-1.810705,4.660617
1,1,1,3.000000,89,317.984842,447.359608,-4.972809,-0.520737
1,1,1,3.000000,90,219.484854,93.572151,-2.862820,-4.099300
1,1,1,3.000000,91,219.067837,176.110256,-2.141563,-4.518153
1,1,1,3.000000,92,227.237783,343.058892,3.717256,-3.343951
1,1,1,3.000000,93,177.104494,165.743954,-0.584124,4.965763
1,1,1,3.000000,94,83.621466,119.103387,-4.582725,-1.999658
1,1,1,3.000000,95,205.605663,119.079642,-4.727896,1.626959
1,1,1,3.000000,96,118.735977,463.280253,3.415073,-3.652023
1,1,1,3.000000,97,12.662698,296.340444,-4.575604,-2.015899
1,1,1,3.000000,98,138.162897,312.611836,-4.164376,2.767304
1,1,1,3.000000,99,475.238073,177.193361,0.977149,-4.903588
1,1,1,3.000000,100,157.373583,18.575458,4.677951,-1.765438
1,1,1,3.000000,101,437.234099,5.952770,-4.906204,-0.963931
1,1,1,3.000000,102,140.176808,171.874591,-4.854031,1.199328
1,1,1,3.000000,103,390.164889,402.172865,-4.497359,-2.184894
1,1,1,3.000000,104,168.387091,290.877070,4.713888,-1.667111
1,1,1,3.000000,105,36.033377,199.843880,-4.957189,0.652898
1,1,1,3.000000,106,330.348078,484.062180,-3.166720,-3.869352
1,1,1,3.000000,107,237.603352,476.285542,4.028740,-2.961293
1,1,1,3.000000,108,234.480902,62.354801,2.287654,4.445969
1,1,1,3.000000,109,461.327733,109.318608,0.529534,4.971880
1,1,1,3.000000,110,198.432764,73.330670,4.918475,0.899224
1,1,1,3.000000,111,143.872435,203.156328,0.598378,-4.964065
1,1,1,3.000000,112,261.036773,34.608856,0.609038,-4.962769
1,1,1,3.000000,113,147.503689,275.117490,3.039166,3.970324
1,1,1,3.000000,114,456.502284,76.596537,-0.569666,4.967442
1,1,1,3.000000,115,42.452150,497.971817,-0.510806,-4.973839
1,1,1,3.000000,116,34.509424,274.515162,-4.968780,0.557876
1,1,1,3.000000,117,121.170760,107.179988,-1.033665,4.891987
1,1,1,3.000000,118,17.556840,255.302339,4.434852,-2.309132
1,1,1,3.000000,119,319.045785,279.897589,-1.030031,-4.892754
1,1,1,3.000000,120,473.595246,397.762119,-2.695364,-4.211296
1,1,1,3.000000,121,494.503224,422.092347,-4.664633,1.800334
1,1,1,3.000000,122,242.987214,387.513799,4.845376,1.233827
1,1,1,3.000000,123,338.515118,391.572507,3.975476,3.032423
1,1,1,3.000000,124,445.892784,138.206192,3.194710,-3.846275
1,1,1,3.000000,125,357.464402,187.820533,4.574018,-2.019495
1,1,1,3.000000,126,50.569212,248.457490,-3.701785,-3.361070
1,1,1,3.000000,127,342.522186,242.716973,4.523481,2.130286
1,1,1,3.000000,128,462.956054,147.785532,-3.344835,-3.716461
1,1,1,3.000000,129,360.099617,383.494519,4.920265,-0.889379
1,1,1,3.000000,130,289.866828,388.815427,2.672170,4.226051
1,1,1,3.000000,131,36.914886,250.708567,2.941963,-4.042877
1,1,1,3.000000,132,377.715526,451.242381,-4.992461,0.274462
1,1,1,3.000000,133,38.910503,177.952133,0.227977,4.994800
1,1,1,3.000000,134,419.934756,294.055892,-4.316647,-2.523204
1,1,1,3.000000,135,464.205362,113.584238,-4.310734,-2.533292
1,1,1,3.000000,136,190.728244,479.299361,3.694060,3.369558
1,1,1,3.000000,137,392.621891,455.301673,-3.805636,3.243013
1,1,1,3.000000,138,28.564682,199.245991,-1.430597,-4.790970
1,1,1,3.000000,139,175.494348,133.097466,1.750328,4.683626
1,1,1,3.000000,140,247.567812,359.366865,1.135355,-4.869391
1,1,1,3.000000,141,493.043623,428.976545,-4.966227,-0.580160
1,1,1,3.000000,142,367.131383,445.038238,2.262079,-4.459036
1,1,1,3.000000,143,382.743660,379.021350,4.681632,1.755655
1,1,1,3.000000,144,432.505749,456.715443,-0.791617,4.936937
1,1,1,3.000000,145,56.345132,175.735897,1.450137,4.785092
1,1,1,3.000000,146,179.350814,286.827723,3.073299,3.943961
1,1,1,3.000000,147,139.645549,325.822093,-0.539080,4.970854
1,1,1,3.000000,148,301.520158,256.275910,-3.364733,3.698455
1,1,1,3.000000,149,470.064005,462.762416,2.091996,-4.541316
1,1,1,4.000000,0,158.469262,119.353507,-0.225022,-4.994934
1,1,1,4.000000,1,85.669773,21.962747,4.939265,-0.776956
1,1,1,4.000000,2,205.117288,397.250818,0.834779,-4.929822
1,1,1,4.000000,3,172.323804,359.696727,-0.373844,4.986004
1,1,1,4.000000,4,452.356807,477.686025,4.868719,1.138233
1,1,1,4.000000,5,302.426374,310.198260,0.604360,-4.963340
1,1,1,4.000000,6,61.002795,258.903471,1.292928,4.829942
1,1,1,4.000000,7,3.035793,448.094655,1.076013,4.882847
1,1,1,4.000000,8,84.272392,304.686883,-4.321733,-2.514483
1,1,1,4.000000,9,73.792037,406.596307,0.741578,-4.944700
1,1,1,4.000000,10,294.418952,428.470072,-4.883538,-1.072875
1,1,1,4.000000,11,87.802152,62.398855,0.484234,-4.976496
1,1,1,4.000000,12,396.124729,446.685242,-2.514238,4.321875
1,1,1,4.000000,13,215.221013,465.125741,-1.472110,4.778378
1,1,1,4.000000,14,161.132915,265.929780,4.571550,-2.025076
1,1,1,4.000000,15,260.964083,407.260302,-2.808164,4.136933
1,1,1,4.000000,16,20.136043,167.895409,3.409897,3.656856
1,1,1,4.000000,17,245.561143,475.846785,4.849638,-1.216969
1,1,1,4.000000,18,422.418079,368.231371,-2.291509,-4.443983
1,1,1,4.000000,19,361.263261,15.589037,1.249616,-4.841328
1,1,1,4.000000,20,216.626023,230.852581,-3.889953,3.141380
1,1,1,4.000000,21,369.264305,68.544601,-3.720885,3.339912
1,1,1,4.000000,22,344.694043,120.378720,-4.251482,-2.631521
1,1,1,4.000000,23,380.990943,447.118891,-2.744403,-4.179504
1,1,1,4.000000,24,450.204626,41.744616,4.880382,1.087139
1,1,1,4.000000,25,27.311733,281.555873,0.884099,-4.921216
1,1,1,4.000000,26,336.873232,395.376613,-3.564585,3.506242
1,1,1,4.000000,27,31.623155,253.874633,-0.381260,-4.985443
1,1,1,4.000000,28,451.006890,437.996039,4.930284,-0.832045
1,1,1,4.000000,29,72.699000,260.562141,-4.851890,-1.207958
1,1,1,4.000000,30,86.241067,432.266243,4.990395,-0.309767
1,1,1,4.000000,31,172.017885,67.755084,-4.813830,1.351681
1,1,1,4.000000,32,40.624234,88.752441,3.409470,-3.657255
1,1,1,4.000000,33,387.925396,380.632388,2.199461,-4.490253
1,1,1,4.000000,34,479.978097,151.626115,-0.367010,-4.986512
1,1,1,4.000000,35,281.734014,354.912402,-4.894313,-1.022597
1,1,1,4.000000,36,256.601651,257.696520,-3.239296,3.808800
1,1,1,4.000000,37,112.390879,283.473196,4.397951,2.378662
1,1,1,4.000000,38,367.656465,139.467458,0.759731,-4.941944
1,1,1,4.000000,39,300.929220,348.203382,-2.329189,-4.424351
1,1,1,4.000000,40,292.688042,234.720359,-4.982380,0.419395
1,1,1,4.000000,41,333.975559,126.495316,-1.070724,4.884010
1,1,1,4.000000,42,274.961159,165.384665,-2.303603,4.437726
1,1,1,4.000000,43,459.526681,345.724958,-2.732452,4.187327
1,1,1,4.000000,44,380.218012,172.024897,4.825570,1.309150
1,1,1,4.000000,45,395.388379,217.216996,-4.942616,-0.755343
1,1,1,4.000000,46,319.274276,240.038859,-3.858604,-3.179807
1,1,1,4.000000,47,114.095270,462.701632,4.603270,1.951898
1,1,1,4.000000,48,424.788740,406.916573,-2.481487,4.340763
1,1,1,4.000000,49,273.390956,358.707895,-4.618861,-1.914712
1,1,1,4.000000,50,482.739884,137.742533,3.709448,3.352610
1,1,1,4.000000,51,461.443385,85.440547,3.565589,3.505221
1,1,1,4.000000,52,214.654098,209.105280,2.904330,-4.069996
1,1,1,4.000000,53,428.115786,18.662375,-4.567057,2.035189
1,1,1,4.000000,54,455.072261,389.981453,-4.828769,-1.297301
1,1,1,4.000000,55,84.324859,381.505200,-2.522644,-4.316974
1,1,1,4.000000,56,447.530560,15.907218,3.464754,-3.604924
1,1,1,4.000000,57,241.473852,305.654507,-3.505047,-3.565760
1,1,1,4.000000,58,188.585364,106.813459,2.416092,4.377499
1,1,1,4.000000,59,44.429103,119.957861,-4.673542,1.777078
1,1,1,4.000000,60,365.070227,188.095218,4.892824,-1.029696
1,1,1,4.000000,61,239.527578,395.565553,4.988086,0.344954
1,1,1,4.000000,62,318.580887,119.253406,-4.913735,0.924775
1,1,1,4.000000,63,494.948227,25.573754,-1.241007,-4.843542
1,1,1,4.000000,64,109.745949,0.834379,-3.642031,3.425727
1,1,1,4.000000,65,311.895582,464.077405,1.027244,-4.893339
1,1,1,4.000000,66,359.724246,101.278872,4.269476,2.602225
1,1,1,4.000000,67,295.495740,179.753390,-3.036385,3.972451
1,1,1,4.000000,68,402.185719,341.555276,4.201901,2.709987
1,1,1,4.000000,69,28.513226,264.419092,4.766401,1.510437
1,1,1,4.000000,70,404.908119,352.389354,3.501397,3.569344
1,1,1,4.000000,71,286.743912,36.181363,2.101253,4.537040
1,1,1,4.000000,72,372.437081,310.244272,3.670893,3.394782
1,1,1,4.000000,73,424.299291,192.455655,4.955492,0.665660
1,1,1,4.000000,74,261.890290,179.858481,0.955728,4.907808
1,1,1,4.000000,75,373.774001,13.836333,-3.607072,3.462518
1,1,1,4.000000,76,493.245026,428.864266,4.898075,-1.004423
1,1,1,4.000000,77,49.225729,340.251636,0.378857,4.985626
1,1,1,4.000000,78,4.010845,52.819884,-4.488676,2.202677
1,1,1,4.000000,79,317.799810,425.812071,1.602986,-4.736078
1,1,1,4.000000,80,491.628249,282.342211,-4.920328,-0.889030
1,1,1,4.000000,81,452.248609,257.482560,3.270406,3.782121
1,1,1,4.000000,82,278.943625,476.326458,1.093601,-4.878938
1,1,1,4.000000,83,182.677736,426.439624,4.619069,-1.914209
1,1,1,4.000000,84,376.020241,281.080526,-4.921113,-0.884672
1,1,1,4.000000,85,167.712914,57.417028,-4.996763,-0.179874
1,1,1,4.000000,86,96.730317,377.120910,-2.067922,4.552329
1,1,1,4.000000,87,491.330682,190.417202,-3.246107,3.802998
1,1,1,4.000000,88,141.425523,279.132978,4.938962,-0.778877
1,1,1,4.000000,89,313.012033,446.838871,-0.644623,4.958272
1,1,1,4.000000,90,216.622033,89.472851,-3.071393,-3.945446
1,1,1,4.000000,91,216.926275,171.592103,-4.317492,2.521758
1,1,1,4.000000,92,230.955039,339.714941,0.224769,4.994945
1,1,1,4.000000,93,176.520371,170.709716,4.360888,2.445946
1,1,1,4.000000,94,79.038741,117.103729,-2.278443,-4.450696
1,1,1,4.000000,95,200.877766,120.706601,-1.787819,-4.669444
1,1,1,4.000000,96,122.151051,459.628230,4.891320,1.036819
1,1,1,4.000000,97,8.087094,294.324545,1.871160,-4.636676
1,1,1,4.000000,98,133.998521,315.379140,-1.418411,4.794592
1,1,1,4.000000,99,476.215222,172.289772,4.850221,-1.214643
1,1,1,4.000000,100,162.051534,16.810021,4.143112,-2.799040
1,1,1,4.000000,101,432.327895,4.988838,-4.306864,-2.539866
1,1,1,4.000000,102,135.322778,173.073919,4.738106,1.596981
1,1,1,4.000000,103,385.667531,399.987971,4.399712,-2.375401
1,1,1,4.000000,104,173.100979,289.209959,4.914848,0.918841
1,1,1,4.000000,105,31.076188,200.496779,2.575045,4.285924
1,1,1,4.000000,106,327.181359,480.192828,-0.941789,-4.910502
1,1,1,4.000000,107,241.632092,473.324249,-4.710519,-1.676608
1,1,1,4.000000,108,236.768556,66.800770,-2.996627,-4.002527
1,1,1,4.000000,109,461.857267,114.290489,-4.635633,-1.873743
1,1,1,4.000000,110,203.351239,74.229894,0.506352,4.974295
1,1,1,4.000000,111,144.470812,198.192262,-4.991400,-0.293133
1,1,1,4.000000,112,261.645811,29.646087,3.499786,3.570924
1,1,1,4.000000,113,150.542855,279.087814,-3.388044,3.677112
1,1,1,4.000000,114,455.932618,81.563979,-3.397942,-3.667968
1,1,1,4.000000,115,39.062693,498.352372,-3.389456,-3.675811
1,1,1,4.000000,116,29.540644,275.073038,-0.148089,4.997806
1,1,1,4.000000,117,120.137095,112.071975,-3.360492,3.702309
1,1,1,4.000000,118,21.991692,252.993207,-0.982492,4.902521
1,1,1,4.000000,119,318.015755,275.004836,4.605370,-1.946938
1,1,1,4.000000,120,470.899882,393.550823,-3.614698,3.454556
1,1,1,4.000000,121,498.688482,419.356728,4.185258,-2.735620
1,1,1,4.000000,122,247.832590,388.747627,-3.907599,3.119402
1,1,1,4.000000,123,342.490595,394.604929,-0.917404,4.915116
1,1,1,4.000000,124,449.087494,134.359918,-1.762359,4.679112
1,1,1,4.000000,125,362.038420,185.801038,2.379620,-4.397432
1,1,1,4.000000,126,46.867427,245.096420,2.176830,4.501268
1,1,1,4.000000,127,347.045667,244.847259,4.317388,-2.521935
1,1,1,4.000000,128,459.611219,144.069071,-4.997748,-0.150056
1,1,1,4.000000,129,365.019881,382.605140,4.824273,-1.313921
1,1,1,4.000000,130,292.538998,393.041479,-4.568308,2.032379
1,1,1,4.000000,131,39.856849,246.665690,1.914000,-4.619156
1,1,1,4.000000,132,372.723064,451.516843,2.336261,4.420620
1,1,1,4.000000,133,39.138481,182.946933,1.384277,-4.804558
1,1,1,4.000000,134,415.618109,291.532688,-2.289439,4.445050
1,1,1,4.000000,135,459.894628,111.050946,-4.818937,-1.333357
1,1,1,4.000000,136,194.422304,482.668919,-1.256718,4.839490
1,1,1,4.000000,137,388.816255,458.544687,-2.022529,-4.572677
1,1,1,4.000000,138,27.134085,194.455021,-1.597676,-4.737872
1,1,1,4.000000,139,177.244676,137.781091,4.960876,0.624264
1,1,1,4.000000,140,248.703167,354.497474,1.402736,-4.799201
1,1,1,4.000000,141,488.077395,428.396385,2.972621,-4.020389
1,1,1,4.000000,142,369.393462,440.579203,3.758745,-3.297247
1,1,1,4.000000,143,387.425291,380.777005,3.093518,-3.928122
1,1,1,4.000000,144,431.714132,461.652380,3.408851,3.657832
1,1,1,4.000000,145,57.795270,180.520988,4.396114,-2.382053
1,1,1,4.000000,146,182.424114,290.771684,-2.831982,4.120665
1,1,1,4.000000,147,139.106469,330.792948,4.521242,2.135033
1,1,1,4.000000,148,298.155424,259.974365,4.093877,-2.870570
1,1,1,4.000000,149,472.156000,458.221099,1.736151,-4.688899
1,1,1,5.000000,0,158.244239,114.358573,-4.678417,1.764204
1,1,1,5.000000,1,90.609038,21.185791,-0.528162,4.972026
1,1,1,5.000000,2,205.952067,392.320996,1.479613,-4.776060
1,1,1,5.000000,3,171.949960,364.682732,-3.768327,3.286292
1,1,1,5.000000,4,457.225526,478.824258,3.301253,-3.755227
1,1,1,5.000000,5,303.030734,305.234920,3.636930,3.431143
1,1,1,5.000000,6,62.295723,263.733412,-2.639975,-4.246237
1,1,1,5.000000,7,8.018853,448.505894,4.983060,0.411239
1,1,1,5.000000,8,79.950659,302.172400,2.074603,4.549288
1,1,1,5.000000,9,74.533614,401.651607,-3.444260,3.624510
1,1,1,5.000000,10,289.535415,427.397197,0.131117,-4.998281
1,1,1,5.000000,11,88.286386,57.422359,-4.334836,2.491825
1,1,1,5.000000,12,393.610490,451.007118,4.656466,-1.821352
1,1,1,5.000000,13,213.748903,469.904118,4.679039,1.762553
1,1,1,5.000000,14,165.704464,263.904704,-4.185379,2.735435
1,1,1,5.000000,15,258.155918,411.397235,3.359168,3.703511
1,1,1,5.000000,16,23.545941,171.552266,-4.079726,2.890646
1,1,1,5.000000,17,250.410781,474.629816,-1.379510,-4.805929
1,1,1,5.000000,18,420.126570,363.787388,4.813072,1.354377
1,1,1,5.000000,19,362.512878,10.747709,0.176660,-4.996878
1,1,1,5.000000,20,212.736071,233.993961,1.375247,-4.807151
1,1,1,5.000000,21,365.543420,71.884513,-1.543730,4.755723
1,1,1,5.000000,22,340.442562,117.747198,0.815834,4.932993
1,1,1,5.000000,23,378.246540,442.939387,4.995907,-0.202276
1,1,1,5.000000,24,455.085008,42.831755,3.726465,3.333685
1,1,1,5.000000,25,28.195833,276.634657,4.786286,-1.446191
1,1,1,5.000000,26,333.308647,398.882855,-3.669654,3.396121
1,1,1,5.000000,27,31.241896,248.889190,4.001840,2.997545
1,1,1,5.000000,28,455.937174,437.163994,-4.568375,-2.032227
1,1,1,5.000000,29,67.847109,259.354183,2.822270,4.127323
1,1,1,5.000000,30,91.231462,431.956476,-4.276289,2.591014
1,1,1,5.000000,31,167.204056,69.106765,-3.896490,-3.133268
1,1,1,5.000000,32,44.033705,85.095186,-3.674363,-3.391026
1,1,1,5.000000,33,390.124857,376.142135,-0.007551,-4.999994
1,1,1,5.000000,34,479.611088,146.639603,4.970190,0.545168
1,1,1,5.000000,35,276.839701,353.889805,3.392555,3.672952
1,1,1,5.000000,36,253.362354,261.505320,-4.969323,0.553015
1,1,1,5.000000,37,116.788830,285.851857,2.418074,4.376405
1,1,1,5.000000,38,368.416195,134.525514,3.475442,3.594622
1,1,1,5.000000,39,298.600030,343.779031,-4.027173,2.963423
1,1,1,5.000000,40,287.705662,235.139754,3.189514,-3.850584
1,1,1,5.000000,41,332.904835,131.379325,1.699127,-4.702443
1,1,1,5.000000,42,272.657557,169.822392,-4.378793,2.413747
1,1,1,5.000000,43,456.794229,349.912285,-4.839749,-1.255719
1,1,1,5.000000,44,385.043582,173.334047,1.266054,-4.837056
1,1,1,5.000000,45,390.445763,216.461653,0.507981,-4.974129
1,1,1,5.000000,46,315.415672,236.859052,4.193330,2.723230
1,1,1,5.000000,47,118.698540,464.653530,-4.968552,0.559906
1,1,1,5.000000,48,422.307253,411.257336,0.214966,-4.995377
1,1,1,5.000000,49,268.772095,356.793183,-2.853707,4.105650
1,1,1,5.000000,50,486.449332,141.095143,0.759422,4.941991
1,1,1,5.000000,51,465.008974,88.945769,1.769308,-4.676489
1,1,1,5.000000,52,217.558428,205.035284,1.559463,4.750587
1,1,1,5.000000,53,423.548729,20.697564,-1.595759,4.738518
1,1,1,5.000000,54,450.243492,388.684152,-2.445565,-4.361102
1,1,1,5.000000,55,81.802215,377.188225,4.657126,1.819664
1,1,1,5.000000,56,450.995314,12.302293,-4.953100,0.683228
1,1,1,5.000000,57,237.968805,302.088747,2.448372,4.359527
1,1,1,5.000000,58,191.001455,111.190959,-4.698445,-1.710150
1,1,1,5.000000,59,39.755561,121.734939,-2.162472,-4.508183
1,1,1,5.000000,60,369.963051,187.065522,3.418224,-3.649074
1,1,1,5.000000,61,244.515664,395.910507,-0.628420,4.960352
1,1,1,5.000000,62,313.667152,120.178181,-3.793241,3.257503
1,1,1,5.000000,63,493.707219,20.730211,1.360225,-4.811423
1,1,1,5.000000,64,104.862821,1.909118,-4.883128,1.074739
1,1,1,5.000000,65,312.922826,459.184065,-1.860364,4.641018
1,1,1,5.000000,66,363.993722,103.881097,4.351389,-2.462807
1,1,1,5.000000,67,292.459355,183.725841,3.488114,3.582326
1,1,1,5.000000,68,406.387620,344.265262,-4.288401,-2.570918
1,1,1,5.000000,69,33.279627,265.929529,4.994483,0.234823
1,1,1,5.000000,70,408.409516,355.958698,-1.214796,-4.850182
1,1,1,5.000000,71,288.845165,40.718403,-0.410935,4.983085
1,1,1,5.000000,72,376.107974,313.639054,4.846923,1.227737
1,1,1,5.000000,73,429.254782,193.121315,-2.995611,4.003288
1,1,1,5.000000,74,262.846018,184.766290,4.023625,2.968239
1,1,1,5.000000,75,370.166930,17.298851,4.714949,-1.664109
1,1,1,5.000000,76,498.143101,427.859844,4.861241,-1.169758
1,1,1,5.000000,77,49.604587,345.237263,0.684387,4.952940
1,1,1,5.000000,78,0.477831,55.022561,4.488676,2.202677
1,1,1,5.000000,79,319.402795,421.075992,4.723022,-1.641054
1,1,1,5.000000,80,486.707921,281.453180,1.326414,-4.820853
1,1,1,5.000000,81,455.519015,261.264681,2.596696,4.272841
1,1,1,5.000000,82,280.037226,471.447520,-3.598394,3.471536
1,1,1,5.000000,83,187.296805,424.525415,-0.908110,-4.916842
1,1,1,5.000000,84,371.099128,280.195853,-2.737276,4.184175
1,1,1,5.000000,85,162.716151,57.237154,-4.875324,1.109603
1,1,1,5.000000,86,94.662395,381.673239,2.410696,4.380473
1,1,1,5.000000,87,488.084575,194.220200,-1.186066,-4.857288
1,1,1,5.000000,88,146.364486,278.354101,-4.547984,2.077460
1,1,1,5.000000,89,312.367410,451.797143,4.659711,-1.813034
1,1,1,5.000000,90,213.550640,85.527405,2.357873,4.409131
1,1,1,5.000000,91,212.608783,174.113861,-4.413718,-2.349274
1,1,1,5.000000,92,231.179808,344.709886,1.048210,-4.888891
1,1,1,5.000000,93,180.881259,173.155662,3.940707,3.077471
1,1,1,5.000000,94,76.760298,112.653033,3.391679,-3.673761
1,1,1,5.000000,95,199.089947,116.037157,2.801101,-4.141718
1,1,1,5.000000,96,127.042370,460.665049,1.751366,4.683238
1,1,1,5.000000,97,9.958253,289.687870,4.877483,-1.100072
1,1,1,5.000000,98,132.580109,320.173731,3.402004,3.664201
1,1,1,5.000000,99,481.065443,171.075129,1.671926,-4.712183
1,1,1,5.000000,100,166.194646,14.010981,3.533399,-3.537668
1,1,1,5.000000,101,428.021031,2.448972,-4.841602,-1.248554
1,1,1,5.000000,102,140.060884,174.670900,4.380635,2.410401
1,1,1,5.000000,103,390.067243,397.612570,2.710037,-4.201868
1,1,1,5.000000,104,178.015827,290.128799,2.469964,-4.347330
1,1,1,5.000000,105,33.651233,204.782702,3.494212,-3.576379
1,1,1,5.000000,106,326.239570,475.282326,0.773960,-4.939735
1,1,1,5.000000,107,236.921573,471.647641,-4.884623,1.067923
1,1,1,5.000000,108,233.771929,62.798243,4.809150,1.368238
1,1,1,5.000000,109,457.221634,112.416746,-3.388662,-3.676543
1,1,1,5.000000,110,203.857591,79.204189,-2.707436,4.203545
1,1,1,5.000000,111,139.479413,197.899129,0.800209,-4.935551
1,1,1,5.000000,112,265.145597,33.217011,-3.211576,-3.832203
1,1,1,5.000000,113,147.154811,282.764926,-3.985788,-3.018856
1,1,1,5.000000,114,452.534676,77.896011,-4.909964,-0.944592
1,1,1,5.000000,115,37.951719,496.772616,-1.110975,-4.875011
1,1,1,5.000000,116,29.392555,280.070845,-2.684047,4.218518
1,1,1,5.000000,117,116.776603,115.774284,-2.405724,4.383206
1,1,1,5.000000,118,21.009200,257.895727,-0.695690,4.951365
1,1,1,5.000000,119,322.621125,273.057898,4.636543,-1.871489
1,1,1,5.000000,120,467.285185,397.005380,-3.902522,3.125751
1,1,1,5.000000,121,499.478478,424.008605,-1.833040,4.651877
1,1,1,5.000000,122,243.924991,391.867029,-0.615779,4.961937
1,1,1,5.000000,123,341.573191,399.520046,0.442149,-4.980412
1,1,1,5.000000,124,447.325135,139.039030,-4.689563,1.734359
1,1,1,5.000000,125,364.418041,181.403606,4.881407,1.082526
1,1,1,5.000000,126,49.044257,249.597688,-3.485162,3.585199
1,1,1,5.000000,127,351.363055,242.325323,-3.149807,-3.883133
1,1,1,5.000000,128,454.613471,143.919015,2.543343,4.304812
1,1,1,5.000000,129,369.844155,381.291219,4.952450,0.687924
1,1,1,5.000000,130,287.970690,395.073858,3.105736,-3.918470
1,1,1,5.000000,131,41.770850,242.046534,2.730171,4.188815
1,1,1,5.000000,132,375.059326,455.937463,-0.770581,4.940264
1,1,1,5.000000,133,40.522757,178.142375,0.755812,-4.942545
1,1,1,5.000000,134,413.328669,295.977738,-3.210492,-3.833111
1,1,1,5.000000,135,455.075690,109.717588,-4.988823,0.334136
1,1,1,5.000000,136,193.165586,487.508409,-0.836416,4.929544
1,1,1,5.000000,137,386.793726,453.972010,4.826850,-1.304421
1,1,1,5.000000,138,25.536410,189.717148,3.335831,3.724545
1,1,1,5.000000,139,182.205553,138.405355,1.184084,-4.857772
1,1,1,5.000000,140,250.105903,349.698272,2.955292,-4.033144
1,1,1,5.000000,141,491.050016,424.375996,-4.304789,-2.543382
1,1,1,5.000000,142,373.152207,437.281956,2.019927,-4.573827
1,1,1,5.000000,143,390.518810,376.848883,4.999664,0.057973
1,1,1,5.000000,144,435.122983,465.310212,-4.192581,-2.724383
1,1,1,5.000000,145,62.191384,178.138935,-0.057151,-4.999673
1,1,1,5.000000,146,179.592132,294.892349,2.888652,4.081138
1,1,1,5.000000,147,143.627712,332.927981,-3.540441,3.530620
1,1,1,5.000000,148,302.249301,257.103795,4.970182,0.545247
1,1,1,5.000000,149,473.892152,453.532200,-1.412575,-4.796314
1,1,1,6.000000,0,153.565822,116.122778,-1.425415,4.792514
1,1,1,6.000000,1,90.080876,26.157817,3.401148,-3.664996
1,1,1,6.000000,2,207.431679,387.544937,4.154912,-2.781493
1,1,1,6.000000,3,168.181633,367.969024,-4.052725,-2.928382
1,1,1,6.000000,4,460.526779,475.069031,4.848048,1.223286
1,1,1,6.000000,5,306.667664,308.666063,-2.405537,-4.383308
1,1,1,6.000000,6,59.655748,259.487175,4.564934,2.039946
1,1,1,6.000000,7,10.410953,452.896550,2.392100,4.390656
1,1,1,6.000000,8,82.025262,306.721688,4.829312,-1.295279
1,1,1,6.000000,9,71.089354,405.276117,4.210582,2.696479
1,1,1,6.000000,10,289.666532,422.398916,0.216693,4.995302
1,1,1,6.000000,11,83.951549,59.914184,3.954543,3.059671
1,1,1,6.000000,12,398.266956,449.185765,1.010087,-4.896910
1,1,1,6.000000,13,218.427942,471.666671,-4.436385,-2.306185
1,1,1,6.000000,14,161.519085,266.640138,-1.736534,4.688758
1,1,1,6.000000,15,261.515086,415.100746,4.193795,-2.722514
1,1,1,6.000000,16,19.466214,174.442912,-3.442123,-3.626540
1,1,1,6.000000,17,249.031271,469.823887,4.999275,-0.085138
1,1,1,6.000000,18,424.939642,365.141765,2.802717,-4.140625
1,1,1,6.000000,19,362.689538,5.750831,-1.842044,4.648320
1,1,1,6.000000,20,214.111317,229.186810,-4.986114,0.372382
1,1,1,6.000000,21,363.999690,76.640236,0.599570,4.963921
1,1,1,6.000000,22,341.258395,122.680191,-0.452245,-4.979505
1,1,1,6.000000,23,383.242447,442.737111,-4.530748,2.114786
1,1,1,6.000000,24,458.811474,46.165440,1.487781,-4.773522
1,1,1,6.000000,25,32.982119,275.188466,-1.101348,4.877195
1,1,1,6.000000,26,329.638992,402.278976,-3.618058,3.451037
1,1,1,6.000000,27,35.243736,251.886735,-4.929232,0.838254
1,1,1,6.000000,28,451.368799,435.131767,0.205332,-4.995782
1,1,1,6.000000,29,70.669379,263.481506,-4.282231,2.581182
1,1,1,6.000000,30,86.955173,434.547490,-4.999420,-0.076182
1,1,1,6.000000,31,163.307566,65.973498,-4.657797,1.817947
1,1,1,6.000000,32,40.359342,81.704160,-4.741279,-1.587537
1,1,1,6.000000,33,390.117306,371.142141,4.219981,2.681745
1,1,1,6.000000,34,484.581278,147.184771,0.314785,4.990081
1,1,1,6.000000,35,280.232256,357.562756,-2.126085,4.525457
1,1,1,6.000000,36,248.393031,262.058335,4.032897,-2.955629
1,1,1,6.000000,37,119.206904,290.228262,-4.875571,-1.108516
1,1,1,6.000000,38,371.891637,138.120136,-3.272053,3.780697
1,1,1,6.000000,39,294.572857,346.742455,-1.291493,-4.830326
1,1,1,6.000000,40,290.895176,231.289170,4.046663,2.936753
1,1,1,6.000000,41,334.603962,126.676883,0.488365,-4.976093
1,1,1,6.000000,42,268.278764,172.236139,2.253037,4.463611
1,1,1,6.000000,43,451.954480,348.656566,4.962684,-0.609727
1,1,1,6.000000,44,386.309636,168.496991,-4.949057,0.711927
1,1,1,6.000000,45,390.953743,211.487525,3.041239,-3.968736
1,1,1,6.000000,46,319.609002,239.582282,4.429898,-2.318621
1,1,1,6.000000,47,113.729989,465.213436,3.549330,-3.521684
1,1,1,6.000000,48,422.522219,406.261959,4.779103,1.469753
1,1,1,6.000000,49,265.918388,360.898833,3.755832,-3.300565
1,1,1,6.000000,50,487.208754,146.037134,-0.044448,-4.999802
1,1,1,6.000000,51,466.778281,84.269280,-4.928117,-0.844786
1,1,1,6.000000,52,219.117891,209.785871,2.881639,-4.086093
1,1,1,6.000000,53,421.952970,25.436082,-0.731586,4.946189
1,1,1,6.000000,54,447.797927,384.323050,-0.538581,-4.970908
1,1,1,6.000000,55,86.459341,379.007889,3.900077,-3.128801
1,1,1,6.000000,56,446.042213,12.985521,4.568309,2.032375
1,1,1,6.000000,57,240.417177,306.448274,3.867665,-3.168780
1,1,1,6.000000,58,186.303010,109.480808,4.999424,0.075884
1,1,1,6.000000,59,37.593089,117.226756,-4.560750,-2.049283
1,1,1,6.000000,60,373.381276,183.416448,3.530692,3.540369
1,1,1,6.000000,61,243.887245,400.870859,4.999231,0.087715
1,1,1,6.000000,62,309.873911,123.435683,4.045892,-2.937815
1,1,1,6.000000,63,495.067445,15.918789,1.592069,4.739759
1,1,1,6.000000,64,101.781884,5.847116,-3.080937,3.937998
1,1,1,6.000000,65,311.062461,463.825083,4.815886,-1.344339
1,1,1,6.000000,66,368.345110,101.418290,-2.887514,-4.081943
1,1,1,6.000000,67,295.947469,187.308168,-3.608105,-3.461442
1,1,1,6.000000,68,402.099220,341.694344,-4.961505,0.619251
1,1,1,6.000000,69,38.274110,266.164352,-2.575212,-4.285823
1,1,1,6.000000,70,407.194720,351.108515,4.224696,-2.674311
1,1,1,6.000000,71,288.434230,45.701488,-4.546616,2.080453
1,1,1,6.000000,72,380.954897,314.866791,4.841531,1.248832
1,1,1,6.000000,73,426.259171,197.124603,-0.826656,4.931190
1,1,1,6.000000,74,266.869643,187.734529,-2.851842,4.106945
1,1,1,6.000000,75,374.881878,15.634742,4.160711,2.772811
1,1,1,6.000000,76,496.995658,426.690086,-4.861241,-1.169758
1,1,1,6.000000,77,50.288973,350.190203,-4.497017,2.185598
1,1,1,6.000000,78,2.920872,50.660045,2.443041,-4.362516
1,1,1,6.000000,79,324.125817,419.434938,-2.178099,4.500654
1,1,1,6.000000,80,488.034335,276.632327,4.977805,-0.470596
1,1,1,6.000000,81,458.115711,265.537522,4.848075,1.223179
1,1,1,6.000000,82,276.438832,474.919055,-2.649838,4.240089
1,1,1,6.000000,83,186.388696,419.608572,2.448796,4.359289
1,1,1,6.000000,84,368.361851,284.380028,-3.682382,3.382317
1,1,1,6.000000,85,157.840827,58.346758,-4.308761,-2.536648
1,1,1,6.000000,86,97.073091,386.053713,-4.186449,2.733796
1,1,1,6.000000,87,486.898509,189.362912,4.987941,-0.347048
1,1,1,6.000000,88,141.816502,280.431561,4.848381,-1.221965
1,1,1,6.000000,89,317.027121,449.984109,0.813178,-4.933431
1,1,1,6.000000,90,215.908513,89.936536,-4.258405,-2.620303
1,1,1,6.000000,91,208.195064,171.764587,-4.879404,-1.091519
1,1,1,6.000000,92,232.228018,339.820995,-2.526954,-4.314453
1,1,1,6.000000,93,184.821966,176.233134,3.453233,3.615962
1,1,1,6.000000,94,80.151976,108.979272,-1.012176,4.896478
1,1,1,6.000000,95,201.891049,111.895439,1.605702,4.735158
1,1,1,6.000000,96,128.793737,465.348287,4.291935,2.565013
1,1,1,6.000000,97,14.835736,288.587797,-3.516009,-3.554952
1,1,1,6.000000,98,135.982113,323.837933,0.429453,-4.981523
1,1,1,6.000000,99,482.737369,166.362947,-4.799133,-1.402968
1,1,1,6.000000,100,169.728045,10.473313,-0.920392,-4.914558
1,1,1,6.000000,101,423.179428,1.200419,4.005886,2.992135
1,1,1,6.000000,102,144.441519,177.081302,0.628173,4.960383
1,1,1,6.000000,103,392.777280,393.410701,-4.464299,2.251673
1,1,1,6.000000,104,180.485791,285.781469,4.977103,0.477956
1,1,1,6.000000,105,37.145445,201.206323,2.485426,-4.338509
1,1,1,6.000000,106,327.013529,470.342590,-0.540221,4.970730
1,1,1,6.000000,107,232.036950,472.715564,4.375843,-2.419090
1,1,1,6.000000,108,238.581079,64.166480,0.574553,-4.966879
1,1,1,6.000000,109,453.832972,108.740203,0.167739,4.997186
1,1,1,6.000000,110,201.150155,83.407734,-4.222825,-2.677265
1,1,1,6.000000,111,140.279622,192.963578,3.789745,3.261569
1,1,1,6.000000,112,261.934021,29.384808,-4.946135,-0.731947
1,1,1,6.000000,113,143.169022,279.746070,0.456529,4.979114
1,1,1,6.000000,114,447.624712,76.951419,2.041451,4.564261
1,1,1,6.000000,115,33.229565,495.129062,-4.722153,-1.643554
1,1,1,6.000000,116,26.708508,284.289362,4.826613,1.305301
1,1,1,6.000000,117,114.370879,120.157489,-4.845182,-1.234588
1,1,1,6.000000,118,20.313510,262.847092,3.217917,3.826880
1,1,1,6.000000,119,327.257667,271.186409,2.335862,-4.420831
1,1,1,6.000000,120,463.382662,400.131131,-1.475487,-4.777336
1,1,1,6.000000,121,496.365761,426.788830,-4.155761,2.780225
1,1,1,6.000000,122,243.309212,396.828966,-2.568690,-4.289736
1,1,1,6.000000,123,342.015340,394.539634,3.676430,-3.388785
1,1,1,6.000000,124,442.635572,140.773389,4.977542,-0.473362
1,1,1,6.000000,125,369.299448,182.486132,-3.118167,-3.908585
1,1,1,6.000000,126,45.559095,253.182887,1.417449,4.794876
1,1,1,6.000000,127,348.213249,238.442191,-3.017031,3.987170
1,1,1,6.000000,128,457.156813,148.223827,3.958665,3.054336
1,1,1,6.000000,129,374.796605,381.979143,-4.940713,-0.767694
1,1,1,6.000000,130,291.076426,391.155388,-1.848326,4.645825
1,1,1,6.000000,131,44.501020,246.235348,4.924697,0.864497
1,1,1,6.000000,132,374.288744,460.877727,1.897131,-4.626110
1,1,1,6.000000,133,41.278570,173.199830,4.319339,-2.518593
1,1,1,6.000000,134,410.118178,292.144626,-1.619363,4.730504
1,1,1,6.000000,135,450.086867,110.051725,3.338275,3.722354
1,1,1,6.000000,136,192.329170,492.437953,0.178765,-4.996803
1,1,1,6.000000,137,391.620577,452.667588,-2.776427,-4.158299
1,1,1,6.000000,138,28.872241,193.441693,-0.429371,4.981530
1,1,1,6.000000,139,183.389637,133.547584,-4.678944,1.762805
1,1,1,6.000000,140,253.061195,345.665128,0.517853,4.973111
1,1,1,6.000000,141,486.745227,421.832615,-4.723472,1.639759
1,1,1,6.000000,142,375.172134,432.708129,-4.548800,-2.075673
1,1,1,6.000000,143,395.518474,376.906857,0.665549,4.955506
1,1,1,6.000000,144,430.930401,462.585829,-4.713583,1.667974
1,1,1,6.000000,145,62.134233,173.139262,-4.829017,1.296377
1,1,1,6.000000,146,182.480784,298.973487,-3.287392,-3.767367
1,1,1,6.000000,147,140.087270,336.458601,-4.991563,-0.290340
1,1,1,6.000000,148,307.219483,257.649041,4.940476,0.769218
1,1,1,6.000000,149,472.479577,448.735886,0.127715,-4.998369
1,1,1,7.000000,0,152.140407,120.915292,-2.522810,4.316877
1,1,1,7.000000,1,93.482024,22.492821,3.558301,3.512619
1,1,1,7.000000,2,211.586591,384.763443,-3.973070,-3.035575
1,1,1,7.000000,3,164.128908,365.040642,2.452282,-4.357329
1,1,1,7.000000,4,465.374827,476.292317,-4.969934,0.547497
1,1,1,7.000000,5,304.262127,304.282755,4.506165,2.166674
1,1,1,7.000000,6,64.220682,261.527121,0.139262,-4.998060
1,1,1,7.000000,7,15.257739,454.124827,4.846786,1.228277
1,1,1,7.000000,8,86.854573,305.426409,4.997763,0.149562
1,1,1,7.000000,9,75.299936,407.972595,4.984554,0.392711
1,1,1,7.000000,10,289.883224,427.394219,-3.760066,3.295741
1,1,1,7.000000,11,87.906093,62.973855,-4.570424,2.027615
1,1,1,7.000000,12,399.277043,444.288855,-4.589572,1.983893
1,1,1,7.000000,13,213.991557,469.360486,3.052824,3.959831
1,1,1,7.000000,14,159.782552,271.328896,-3.878868,-3.155056
1,1,1,7.000000,15,265.708881,412.378233,-3.641423,3.426374
1,1,1,7.000000,16,16.024092,170.816372,-4.794139,-1.419941
1,1,1,7.000000,17,254.030546,469.738749,4.540807,-2.093101
1,1,1,7.000000,18,427.742359,361.001139,3.099747,3.923209
1,1,1,7.000000,19,360.847494,10.399150,4.307759,-2.538348
1,1,1,7.000000,20,209.125204,229.559192,4.108862,2.849079
1,1,1,7.000000,21,364.599260,81.604157,-4.991739,0.287309
1,1,1,7.000000,22,340.806150,117.700685,4.655334,-1.824243
1,1,1,7.000000,23,378.711699,444.851897,1.011478,-4.896622
1,1,1,7.000000,24,460.299255,41.391919,-2.462869,4.351353
1,1,1,7.000000,25,31.880771,280.065661,-0.178746,-4.996804
1,1,1,7.000000,26,326.020934,405.730013,-0.622827,4.961057
1,1,1,7.000000,27,30.314504,252.724990,-1.561215,-4.750011
1,1,1,7.000000,28,451.574131,430.135985,-2.861930,4.099921
1,1,1,7.000000,29,66.387149,266.062688,3.560871,-3.510014
1,1,1,7.000000,30,81.955753,434.471308,-0.328350,4.989207
1,1,1,7.000000,31,158.649769,67.791444,3.250790,3.798995
1,1,1,7.000000,32,35.618063,80.116623,3.998703,3.001729
1,1,1,7.000000,33,394.337287,373.823886,-4.870954,-1.128630
1,1,1,7.000000,34,484.896063,152.174852,-0.660759,4.956147
1,1,1,7.000000,35,278.106171,362.088213,4.178891,2.745337
1,1,1,7.000000,36,252.425928,259.102707,4.952940,-0.684389
1,1,1,7.000000,37,114.331333,289.119746,-4.916515,0.909879
1,1,1,7.000000,38,368.619584,141.900833,-4.299927,-2.551594
1,1,1,7.000000,39,293.281364,341.912129,0.292315,-4.991448
1,1,1,7.000000,40,294.941839,234.225923,3.328514,3.731085
1,1,1,7.000000,41,335.092327,121.700790,-4.975364,0.495732
1,1,1,7.000000,42,270.531801,176.699750,2.723667,-4.193046
1,1,1,7.000000,43,456.917165,348.046839,-4.165251,2.765987
1,1,1,7.000000,44,381.360580,169.208918,-3.440388,-3.628186
1,1,1,7.000000,45,393.994982,207.518789,-3.958922,3.054004
1,1,1,7.000000,46,324.038900,237.263661,-3.207970,3.835222
1,1,1,7.000000,47,117.279319,461.691752,3.011269,3.991523
1,1,1,7.000000,48,427.301322,407.731712,-4.833218,-1.280625
1,1,1,7.000000,49,269.674220,357.598268,4.773382,1.488230
1,1,1,7.000000,50,487.164306,141.037332,-4.460389,-2.259410
1,1,1,7.000000,51,461.850164,83.424493,-0.298131,-4.991104
1,1,1,7.000000,52,221.999529,205.699777,-3.466365,3.603376
1,1,1,7.000000,53,421.221384,30.382271,3.755604,3.300824
1,1,1,7.000000,54,447.259346,379.352142,-3.520811,3.550196
1,1,1,7.000000,55,90.359418,375.879088,4.884612,1.067971
1,1,1,7.000000,56,450.610523,15.017896,2.845456,-4.111372
1,1,1,7.000000,57,244.284842,303.279495,1.214630,4.850224
1,1,1,7.000000,58,191.302435,109.556692,2.471021,4.346729
1,1,1,7.000000,59,33.032340,115.177473,3.134655,-3.895374
1,1,1,7.000000,60,376.911968,186.956817,-0.974831,4.904050
1,1,1,7.000000,61,248.886475,400.958574,-4.305627,-2.541962
1,1,1,7.000000,62,313.919803,120.497868,-3.612046,-3.457329
1,1,1,7.000000,63,496.659513,20.658548,4.622837,1.905092
1,1,1,7.000000,64,106.781884,5.846183,5.000000,-0.000932
1,1,1,7.000000,65,315.878347,462.480744,4.022663,-2.969542
1,1,1,7.000000,66,365.457596,97.336347,1.715181,-4.696611
1,1,1,7.000000,67,292.339364,183.846726,-4.983739,0.402924
1,1,1,7.000000,68,397.137715,342.313595,-1.226459,-4.847246
1,1,1,7.000000,69,35.698898,261.878529,-0.449457,-4.979758
1,1,1,7.000000,70,411.419416,348.434204,-4.309519,-2.535358
1,1,1,7.000000,71,283.887615,47.781941,-4.185509,2.735236
1,1,1,7.000000,72,385.796427,316.115623,4.910520,-0.941699
1,1,1,7.000000,73,425.432515,202.055794,3.077495,-3.940688
1,1,1,7.000000,74,264.017800,191.841473,-2.887742,4.081782
1,1,1,7.000000,75,379.042589,18.407554,4.938772,0.780083
1,1,1,7.000000,76,492.064312,427.515817,-4.931345,0.825731
1,1,1,7.000000,77,45.791956,352.375801,1.073082,4.883492
1,1,1,7.000000,78,4.707177,55.330068,1.786305,4.670023
1,1,1,7.000000,79,321.947718,423.935592,0.232552,4.994589
1,1,1,7.000000,80,493.012140,276.161732,-2.483380,-4.339680
1,1,1,7.000000,81,462.963786,266.760702,-3.565448,-3.505364
1,1,1,7.000000,82,273.788994,479.159145,-2.174814,-4.502242
1,1,1,7.000000,83,188.837491,423.967861,-4.699703,1.706689
1,1,1,7.000000,84,364.679470,287.762345,3.191552,3.848896
1,1,1,7.000000,85,153.532066,55.810110,3.582411,3.488027
1,1,1,7.000000,86,92.886641,388.787509,-4.961823,-0.616698
1,1,1,7.000000,87,491.886450,189.015864,-0.419148,4.982401
1,1,1,7.000000,88,146.664883,279.209597,-3.893217,-3.137334
1,1,1,7.000000,89,317.840299,445.050678,1.820363,-4.656853
1,1,1,7.000000,90,211.650108,87.316233,-1.593330,4.739335
1,1,1,7.000000,91,203.315660,170.673068,-0.909788,-4.916532
1,1,1,7.000000,92,229.701064,335.506542,1.084437,4.880983
1,1,1,7.000000,93,188.275199,179.849096,2.109023,-4.533434
1,1,1,7.000000,94,79.139800,113.875751,-1.370184,-4.808596
1,1,1,7.000000,95,203.496751,116.630596,-1.078357,4.882330
1,1,1,7.000000,96,133.085672,467.913300,-4.999979,-0.014647
1,1,1,7.000000,97,11.319728,285.032845,-4.232542,-2.661877
1,1,1,7.000000,98,136.411566,318.856410,2.486679,4.337791
1,1,1,7.000000,99,477.938236,164.959979,0.864649,4.924671
1,1,1,7.000000,100,168.807653,5.558755,0.051322,-4.999737
1,1,1,7.000000,101,427.185315,4.192554,-3.864718,3.172374
1,1,1,7.000000,102,145.069692,182.041685,-1.977278,4.592425
1,1,1,7.000000,103,388.312981,395.662375,4.763718,1.518878
1,1,1,7.000000,104,185.462894,286.259425,4.129523,-2.819050
1,1,1,7.000000,105,39.630871,196.867815,4.919216,-0.895162
1,1,1,7.000000,106,326.473308,475.313321,-3.641972,-3.425791
1,1,1,7.000000,107,236.412793,470.296474,4.520412,-2.136791
1,1,1,7.000000,108,239.155632,59.199601,-3.459328,-3.610131
1,1,1,7.000000,109,454.000711,113.737389,-0.853985,-4.926531
1,1,1,7.000000,110,196.927330,80.730469,-4.580728,2.004229
1,1,1,7.000000,111,144.069367,196.225147,-1.791928,-4.667868
1,1,1,7.000000,112,256.987886,28.652861,0.297237,-4.991157
1,1,1,7.000000,113,143.625551,284.725185,0.349922,4.987740
1,1,1,7.000000,114,449.666163,81.515680,-2.766672,-4.164796
1,1,1,7.000000,115,30.623818,490.861736,-2.605748,-4.267327
1,1,1,7.000000,116,31.535121,285.594663,0.170223,-4.997102
1,1,1,7.000000,117,109.525696,118.922902,-4.496960,2.185716
1,1,1,7.000000,118,23.531426,266.673973,-1.132939,-4.869954
1,1,1,7.000000,119,329.593530,266.765578,-4.992816,-0.267939
1,1,1,7.000000,120,461.907175,395.353795,4.018514,-2.975155
1,1,1,7.000000,121,493.988715,422.390006,-2.377046,-4.398824
1,1,1,7.000000,122,240.740522,392.539230,-2.210505,4.484827
1,1,1,7.000000,123,345.691770,391.150849,4.999944,0.023727
1,1,1,7.000000,124,447.613114,140.300027,3.942203,3.075555
1,1,1,7.000000,125,366.181281,178.577547,4.690111,1.732877
1,1,1,7.000000,126,46.976545,257.977763,4.222520,2.677746
1,1,1,7.000000,127,345.196218,242.429361,-4.829566,1.294330
1,1,1,7.000000,128,461.115479,151.278163,0.823382,4.931738
1,1,1,7.000000,129,369.855891,381.211449,1.532736,-4.759277
1,1,1,7.000000,130,289.228100,395.801213,-4.745331,1.575385
1,1,1,7.000000,131,49.425718,247.099845,-4.983195,0.409600
1,1,1,7.000000,132,376.185875,456.251617,-4.851456,-1.209701
1,1,1,7.000000,133,45.597909,170.681237,2.530382,4.312443
1,1,1,7.000000,134,408.498815,296.875130,-4.982596,-0.416814
1,1,1,7.000000,135,453.425142,113.774079,-4.473085,-2.234169
1,1,1,7.000000,136,192.507935,487.441150,-4.022172,-2.970207
1,1,1,7.000000,137,388.844149,448.509289,4.601460,-1.956162
1,1,1,7.000000,138,28.442869,198.423223,-3.246478,3.802680
1,1,1,7.000000,139,178.710693,135.310389,-3.920336,-3.103380
1,1,1,7.000000,140,253.579048,350.638239,3.738351,3.320351
1,1,1,7.000000,141,482.021754,423.472373,4.997161,0.168464
1,1,1,7.000000,142,370.623334,430.632456,4.468317,-2.243689
1,1,1,7.000000,143,396.184023,381.862363,2.754842,4.172631
1,1,1,7.000000,144,426.216819,464.253803,4.817233,1.339503
1,1,1,7.000000,145,57.305216,174.435639,4.991443,-0.292397
1,1,1,7.000000,146,179.193392,295.206120,-3.824193,3.221110
1,1,1,7.000000,147,135.095707,336.168261,2.676253,-4.223467
1,1,1,7.000000,148,312.159959,258.418260,-0.004580,4.999998
1,1,1,7.000000,149,472.607291,443.737517,3.751493,3.305495
1,1,1,8.000000,0,149.617598,125.232169,-4.577290,2.012067
1,1,1,8.000000,1,97.040325,26.005441,2.478430,-4.342509
1,1,1,8.000000,2,207.613522,381.727868,2.923804,-4.056029
1,1,1,8.000000,3,166.581190,360.683313,-4.918348,-0.899917
1,1,1,8.000000,4,460.404893,476.839814,-4.698188,1.710856
1,1,1,8.000000,5,308.768292,306.449429,4.157095,-2.778230
1,1,1,8.000000,6,64.359944,256.529061,3.903320,3.124755
1,1,1,8.000000,7,11.335553,457.225868,-3.922186,3.101041
1,1,1,8.000000,8,91.852336,305.575971,4.525616,2.125748
1,1,1,8.000000,9,80.284490,408.365306,-2.409983,-4.380865
1,1,1,8.000000,10,286.123159,430.689959,4.525568,2.125849
1,1,1,8.000000,11,83.335668,65.001470,-3.457635,3.611753
1,1,1,8.000000,12,394.687471,446.272749,3.052202,-3.960311
1,1,1,8.000000,13,217.044381,473.320318,4.077486,-2.893805
1,1,1,8.000000,14,155.903683,268.173840,4.672220,1.780550
1,1,1,8.000000,15,262.067459,415.804607,4.904132,0.974419
1,1,1,8.000000,16,11.229953,169.396431,-4.709737,1.678803
1,1,1,8.000000,17,258.571353,467.645648,-0.379445,-4.985581
1,1,1,8.000000,18,430.842106,364.924348,-4.922559,0.876593
1,1,1,8.000000,19,365.155253,7.860802,-0.030825,4.999905
1,1,1,8.000000,20,213.234065,232.408272,3.974021,-3.034329
1,1,1,8.000000,21,359.607522,81.891466,-0.429329,4.981534
1,1,1,8.000000,22,345.461484,115.876442,3.845173,3.196036
1,1,1,8.000000,23,379.723177,439.955275,-2.265508,4.457294
1,1,1,8.000000,24,457.836386,45.743272,-1.790837,-4.668287
1,1,1,8.000000,25,31.702025,275.068857,1.463765,4.780940
1,1,1,8.000000,26,325.398107,410.691070,4.348588,-2.467748
1,1,1,8.000000,27,28.753289,247.974978,-3.770838,3.283410
1,1,1,8.000000,28,448.712200,434.235906,2.093474,-4.540635
1,1,1,8.000000,29,69.948019,262.552674,0.840145,4.928910
1,1,1,8.000000,30,81.627404,439.460515,4.804769,1.383543
1,1,1,8.000000,31,161.900559,71.590439,-4.589381,-1.984333
1,1,1,8.000000,32,39.616766,83.118351,-4.613564,-1.927441
1,1,1,8.000000,33,389.466333,372.695256,-4.155056,-2.781278
1,1,1,8.000000,34,484.235303,157.131000,-3.377420,-3.686873
1,1,1,8.000000,35,282.285061,364.833550,4.126883,2.822913
1,1,1,8.000000,36,257.378868,258.418317,-0.005351,-4.999997
1,1,1,8.000000,37,109.414818,290.029626,1.609425,-4.733894
1,1,1,8.000000,38,364.319658,139.349240,4.459643,2.260881
1,1,1,8.000000,39,293.573680,336.920681,4.999637,-0.060226
1,1,1,8.000000,40,298.270353,237.957008,4.669872,-1.786700
1,1,1,8.000000,41,330.116963,122.196522,4.811221,1.360938
1,1,1,8.000000,42,273.255468,172.506704,-3.897007,3.132624
1,1,1,8.000000,43,452.751914,350.812826,4.382394,-2.407203
1,1,1,8.000000,44,377.920192,165.580732,4.959020,-0.638840
1,1,1,8.000000,45,390.036061,210.572793,-4.982031,-0.423517
1,1,1,8.000000,46,320.830930,241.098884,-1.989157,4.587293
1,1,1,8.000000,47,120.290588,465.683275,1.950874,4.603704
1,1,1,8.000000,48,422.468103,406.451087,3.639672,-3.428234
1,1,1,8.000000,49,274.447602,359.086498,-4.847064,-1.227179
1,1,1,8.000000,50,482.703917,138.777922,-4.905986,-0.965040
1,1,1,8.000000,51,461.552033,78.433389,-4.199101,2.714323
1,1,1,8.000000,52,218.533165,209.303153,-3.630437,3.438012
1,1,1,8.000000,53,424.976988,33.683095,-2.297723,-4.440773
1,1,1,8.000000,54,443.738535,382.902338,-4.938294,-0.783107
1,1,1,8.000000,55,95.244031,376.947058,4.837744,-1.263420
1,1,1,8.000000,56,453.455979,10.906524,4.891959,-1.033796
1,1,1,8.000000,57,245.499472,308.129719,4.544996,-2.083989
1,1,1,8.000000,58,193.773456,113.903422,-3.221218,3.824102
1,1,1,8.000000,59,36.166995,111.282099,-4.605472,-1.946696
1,1,1,8.000000,60,375.937136,191.860867,0.088915,-4.999209
1,1,1,8.000000,61,244.580848,398.416611,4.984317,0.395706
1,1,1,8.000000,62,310.307757,117.040539,4.713245,1.668927
1,1,1,8.000000,63,498.717649,22.563640,-4.622837,1.905092
1,1,1,8.000000,64,101.998072,7.300537,-4.783812,1.454353
1,1,1,8.000000,65,319.901010,459.511202,-2.798480,4.143490
1,1,1,8.000000,66,367.172777,92.639736,4.965254,-0.588435
1,1,1,8.000000,67,287.355626,184.249650,1.500220,-4.769627
1,1,1,8.000000,68,395.911256,337.466349,-4.882964,1.075481
1,1,1,8.000000,69,35.249441,256.898771,-4.994194,0.240896
1,1,1,8.000000,70,407.109897,345.898846,-4.352631,2.460611
1,1,1,8.000000,71,279.702106,50.517177,1.381136,-4.805462
1,1,1,8.000000,72,390.706947,315.173924,1.019247,4.895011
1,1,1,8.000000,73,428.510010,198.115106,-4.940322,-0.770207
1,1,1,8.000000,74,261.130058,195.923256,4.479993,2.220284
1,1,1,8.000000,75,383.981362,19.187637,-0.137600,4.998106
1,1,1,8.000000,76,487.090624,428.028096,-4.973688,0.512279
1,1,1,8.000000,77,46.865038,357.259293,4.875647,1.108181
1,1,1,8.000000,78,7.469294,59.497886,2.762117,4.167818
1,1,1,8.000000,79,322.180270,428.930181,2.029819,-4.569446
1,1,1,8.000000,80,490.528760,271.822051,2.616902,4.260496
1,1,1,8.000000,81,459.398337,263.255338,4.965111,0.589637
1,1,1,8.000000,82,271.614179,474.656903,4.956101,0.661104
1,1,1,8.000000,83,184.137788,425.674550,4.973515,-0.513955
1,1,1,8.000000,84,367.871021,291.611240,3.996070,3.005233
1,1,1,8.000000,85,157.114477,59.298137,-4.228524,2.668256
1,1,1,8.000000,86,87.924819,388.170811,4.819875,-1.329965
1,1,1,8.000000,87,491.467302,193.998265,-0.182604,-4.996664
1,1,1,8.000000,88,142.771666,276.072263,-0.081285,-4.999339
1,1,1,8.000000,89,319.660663,440.393826,-4.856506,-1.189266
1,1,1,8.000000,90,210.056778,92.055568,2.795247,4.145672
1,1,1,8.000000,91,202.405872,165.756536,-4.852270,-1.206430
1,1,1,8.000000,92,230.785502,340.387525,3.007523,3.994346
1,1,1,8.000000,93,190.384222,175.315662,-4.540767,-2.093188
1,1,1,8.000000,94,77.769616,109.067155,3.868827,3.167361
1,1,1,8.000000,95,202.418394,121.512926,-1.484926,-4.774410
1,1,1,8.000000,96,128.085693,467.898653,3.850630,3.189459
1,1,1,8.000000,97,7.087186,282.370968,1.569749,-4.747198
1,1,1,8.000000,98,138.898245,323.194200,-2.480498,-4.341328
1,1,1,8.000000,99,478.802885,169.884650,-0.336393,4.988671
1,1,1,8.000000,100,168.858975,0.559019,3.445283,-3.623538
1,1,1,8.000000,101,423.320597,7.364928,1.290852,-4.830497
1,1,1,8.000000,102,143.092414,186.634110,3.575230,-3.495387
1,1,1,8.000000,103,393.076699,397.181252,-3.319703,3.738927
1,1,1,8.000000,104,189.592417,283.440375,4.878190,1.096933
1,1,1,8.000000,105,44.550087,195.972653,3.787430,3.264257
1,1,1,8.000000,106,322.831336,471.887530,-1.966217,-4.597172
1,1,1,8.000000,107,240.933205,468.159683,4.146782,2.793600
1,1,1,8.000000,108,235.696304,55.589470,0.565263,-4.967945
1,1,1,8.000000,109,453.146726,108.810858,4.975808,0.491260
1,1,1,8.000000,110,192.346602,82.734698,-4.867967,1.141447
1,1,1,8.000000,111,142.277440,191.557279,2.342374,-4.417385
1,1,1,8.000000,112,257.285123,23.661704,3.738368,-3.320332
1,1,1,8.000000,113,143.975473,289.712925,-4.498171,2.183221
1,1,1,8.000000,114,446.899491,77.350884,-1.521651,-4.762833
1,1,1,8.000000,115,32.554132,486.249373,1.930314,-4.612362
1,1,1,8.000000,116,31.705344,280.597562,-1.960681,-4.599536
1,1,1,8.000000,117,105.028737,121.108617,3.844030,-3.197411
1,1,1,8.000000,118,22.398487,261.804019,0.731865,-4.946147
1,1,1,8.000000,119,324.600714,266.497638,-4.188946,-2.729969
1,1,1,8.000000,120,465.925689,392.378640,4.994867,-0.226501
1,1,1,8.000000,121,492.957007,427.282406,-1.031709,4.892400
1,1,1,8.000000,122,238.530017,397.024056,-4.998770,-0.110920
1,1,1,8.000000,123,350.691713,391.174576,4.988523,-0.338583
1,1,1,8.000000,124,451.555317,143.375582,-4.235264,-2.657544
1,1,1,8.000000,125,370.871392,180.310423,-4.213812,2.691429
1,1,1,8.000000,126,51.199065,260.655509,2.338163,-4.419615
1,1,1,8.000000,127,340.366652,243.723691,4.755384,1.544774
1,1,1,8.000000,128,461.938861,156.209902,-0.416010,-4.982663
1,1,1,8.000000,129,371.388628,376.452172,4.636203,-1.872330
1,1,1,8.000000,130,284.482770,397.376598,-4.307467,2.538844
1,1,1,8.000000,131,44.442523,247.509445,-0.283315,-4.991967
1,1,1,8.000000,132,371.334419,455.041916,-3.202733,-3.839597
1,1,1,8.000000,133,48.128290,174.993681,4.880164,1.088116
1,1,1,8.000000,134,403.516218,296.458316,-1.293147,-4.829883
1,1,1,8.000000,135,448.952057,111.539910,-2.368393,-4.403489
1,1,1,8.000000,136,188.485763,484.470943,-2.031054,4.568897
1,1,1,8.000000,137,393.445609,446.553128,2.969307,4.022837
1,1,1,8.000000,138,25.196391,202.225903,-3.859812,-3.178340
1,1,1,8.000000,139,174.790357,132.207009,-4.789143,1.436700
1,1,1,8.000000,140,257.317399,353.958590,3.926864,3.095116
1,1,1,8.000000,141,487.018915,423.640837,-4.503951,-2.171272
1,1,1,8.000000,142,375.091651,428.388767,2.078459,4.547528
1,1,1,8.000000,143,398.938865,386.034994,-4.996342,-0.191224
1,1,1,8.000000,144,431.034051,465.593306,-2.213286,-4.483455
1,1,1,8.000000,145,62.296659,174.143242,-1.942448,-4.607266
1,1,1,8.000000,146,175.369199,298.427230,3.836494,3.206449
1,1,1,8.000000,147,137.771960,331.944794,1.907809,-4.621717
1,1,1,8.000000,148,312.155379,263.418257,-4.034256,2.953774
1,1,1,8.000000,149,476.358785,447.043012,-4.856647,1.188689
1,1,1,9.000000,0,145.040307,127.244236,2.870747,4.093753
1,1,1,9.000000,1,99.518755,21.662932,-4.657051,1.819855
1,1,1,9.000000,2,210.537326,377.671840,-0.720273,4.947849
1,1,1,9.000000,3,161.662842,359.783396,3.763222,-3.292136
1,1,1,9.000000,4,455.706704,478.550669,-2.867430,4.096077
1,1,1,9.000000,5,312.925387,303.671199,-4.900376,-0.993132
1,1,1,9.000000,6,68.263264,259.653815,2.964632,-4.026283
1,1,1,9.000000,7,9.892255,452.438709,-1.443298,-4.787159
1,1,1,9.000000,8,96.377952,307.701719,4.877472,1.100122
1,1,1,9.000000,9,77.874507,403.984441,4.529282,-2.117925
1,1,1,9.000000,10,290.648727,432.815808,4.611915,1.931384
1,1,1,9.000000,11,79.878034,68.613224,-2.761470,4.168247
1,1,1,9.000000,12,397.739674,442.312438,-2.997451,-4.001911
1,1,1,9.000000,13,221.121868,470.426513,1.671455,4.712350
1,1,1,9.000000,14,160.575903,269.954390,3.792008,-3.258938
1,1,1,9.000000,15,266.971590,416.779026,1.283667,-4.832411
1,1,1,9.000000,16,6.520216,171.075233,-3.775571,3.277966
1,1,1,9.000000,17,258.191907,462.660067,-1.215862,4.849916
1,1,1,9.000000,18,425.919547,365.800941,2.867617,-4.095946
1,1,1,9.000000,19,365.124428,12.860707,2.542301,-4.305428
1,1,1,9.000000,20,217.208087,229.373942,-2.517318,-4.320082
1,1,1,9.000000,21,359.178192,86.873000,4.825334,-1.310018
1,1,1,9.000000,22,349.306657,119.072479,-4.915919,-0.913096
1,1,1,9.000000,23,377.457669,444.412569,0.822702,-4.931852
1,1,1,9.000000,24,456.045549,41.074985,-4.351954,-2.461807
1,1,1,9.000000,25,33.165790,279.849798,4.915562,-0.915012
1,1,1,9.000000,26,329.746695,408.223322,1.471079,-4.778695
1,1,1,9.000000,27,24.982451,251.258388,4.957008,0.654272
1,1,1,9.000000,28,450.805674,429.695271,-4.998536,0.120969
1,1,1,9.000000,29,70.788164,267.481584,4.992906,0.266243
1,1,1,9.000000,30,86.432173,440.844059,-4.046637,2.936789
1,1,1,9.000000,31,157.311178,69.606106,-0.408782,-4.983262
1,1,1,9.000000,32,35.003202,81.190911,2.371692,-4.401713
1,1,1,9.000000,33,385.311277,369.913978,-2.604098,-4.268334
1,1,1,9.000000,34,480.857883,153.444126,4.507572,-2.163745
1,1,1,9.000000,35,286.411944,367.656463,-3.353555,3.708594
1,1,1,9.000000,36,257.373516,253.418320,0.806723,-4.934491
1,1,1,9.000000,37,111.024243,285.295732,-0.269674,-4.992722
1,1,1,9.000000,38,368.779301,141.610120,1.789538,4.668785
1,1,1,9.000000,39,298.573317,336.860456,-4.993059,-0.263360
1,1,1,9.000000,40,302.940225,236.170308,4.119720,-2.833356
1,1,1,9.000000,41,334.928184,123.557460,-2.711433,-4.200968
1,1,1,9.000000,42,269.358461,175.639328,4.267479,-2.605499
1,1,1,9.000000,43,457.134307,348.405624,-1.547198,4.754596
1,1,1,9.000000,44,382.879212,164.941892,-4.915257,-0.916650
1,1,1,9.000000,45,385.054030,210.149276,3.553016,-3.517965
1,1,1,9.000000,46,318.841773,245.686176,-2.103793,4.535863
1,1,1,9.000000,47,122.241462,470.286979,4.025697,-2.965428
1,1,1,9.000000,48,426.107775,403.022852,0.002562,4.999999
1,1,1,9.000000,49,269.600537,357.859319,4.554183,2.063835
1,1,1,9.000000,50,477.797931,137.812882,4.944119,-0.745445
1,1,1,9.000000,51,457.352932,81.147712,3.589433,-3.480800
1,1,1,9.000000,52,214.902728,212.741165,-0.189826,4.996395
1,1,1,9.000000,53,422.679265,29.242322,4.981307,0.431946
1,1,1,9.000000,54,438.800241,382.119231,1.887304,-4.630128
1,1,1,9.000000,55,100.081775,375.683638,-1.017340,4.895408
1,1,1,9.000000,56,458.347939,9.872728,4.401653,2.371803
1,1,1,9.000000,57,250.044468,306.045730,0.730632,4.946330
1,1,1,9.000000,58,190.552237,117.727523,3.553386,-3.517591
1,1,1,9.000000,59,31.561522,109.335403,-4.590814,1.981017
1,1,1,9.000000,60,376.026051,186.861658,-4.684321,1.748467
1,1,1,9.000000,61,249.565165,398.812317,4.852740,1.204538
1,1,1,9.000000,62,315.021003,118.709467,3.744959,3.312896
1,1,1,9.000000,63,499.750986,17.803921,-1.531365,-4.759719
1,1,1,9.000000,64,98.188897,10.539392,-3.809176,3.238855
1,1,1,9.000000,65,317.102531,463.654692,-2.393965,4.389639
1,1,1,9.000000,66,372.138030,92.051301,3.041701,3.968382
1,1,1,9.000000,67,288.855845,179.480023,-3.995017,-3.006633
1,1,1,9.000000,68,391.028291,338.541829,-4.690019,-1.733126
1,1,1,9.000000,69,30.255247,257.139667,-3.112123,3.913399
1,1,1,9.000000,70,402.757266,348.359457,-4.981570,-0.428902
1,1,1,9.000000,71,281.083242,45.711715,4.306138,2.541097
1,1,1,9.000000,72,391.726194,320.068935,-2.620003,-4.258589
1,1,1,9.000000,73,423.569688,197.344899,0.023307,-4.999946
1,1,1,9.000000,74,265.610052,198.143540,-4.993289,-0.258976
1,1,1,9.000000,75,383.843761,24.185743,-4.893011,-1.028809
1,1,1,9.000000,76,490.601252,431.588363,3.510627,3.560266
1,1,1,9.000000,77,51.740685,358.367474,0.810277,-4.933908
1,1,1,9.000000,78,11.421718,62.560294,3.952424,3.062409
1,1,1,9.000000,79,324.210089,424.360735,-4.992356,0.276365
1,1,1,9.000000,80,493.145662,276.082547,-4.937238,0.789736
1,1,1,9.000000,81,464.363448,263.844975,-3.413490,-3.653503
1,1,1,9.000000,82,276.570281,475.318006,-3.160741,-3.874238
1,1,1,9.000000,83,189.111303,425.160595,4.849873,1.216032
1,1,1,9.000000,84,371.867092,294.616473,-2.837656,4.116759
1,1,1,9.000000,85,152.885954,61.966393,4.999837,0.040405
1,1,1,9.000000,86,92.744694,386.840846,-2.597635,4.272270
1,1,1,9.000000,87,491.284698,189.001600,2.576106,-4.285286
1,1,1,9.000000,88,142.690381,271.072924,1.063739,4.885536
1,1,1,9.000000,89,314.804157,439.204560,-4.170262,2.758426
1,1,1,9.000000,90,212.852025,96.201240,3.742619,-3.315539
1,1,1,9.000000,91,197.553602,164.550106,2.973955,4.019402
1,1,1,9.000000,92,233.793025,344.381871,3.296966,-3.758991
1,1,1,9.000000,93,185.843455,173.222475,1.339257,4.817301
1,1,1,9.000000,94,81.638443,112.234516,-4.671767,-1.781740
1,1,1,9.000000,95,200.933468,116.738516,-1.392372,4.802218
1,1,1,9.000000,96,131.936323,471.088112,-4.415806,-2.345349
1,1,1,9.000000,97,8.656935,277.623770,-2.399965,4.386362
1,1,1,9.000000,98,136.417747,318.852872,0.607688,4.962934
1,1,1,9.000000,99,478.466492,174.873321,-3.721368,-3.339374
1,1,1,9.000000,100,172.304258,3.064519,3.445283,3.623538
1,1,1,9.000000,101,424.611449,2.534431,4.761851,1.524723
1,1,1,9.000000,102,146.667644,183.138723,-4.999951,0.022140
1,1,1,9.000000,103,389.756996,400.920179,-4.964962,0.590892
1,1,1,9.000000,104,194.470607,284.537307,3.180178,3.858299
1,1,1,9.000000,105,48.337517,199.236910,-1.119136,-4.873144
1,1,1,9.000000,106,320.865119,467.290358,2.875499,-4.090417
1,1,1,9.000000,107,245.079987,470.953283,-4.240100,2.649821
1,1,1,9.000000,108,236.261567,50.621525,-4.867049,-1.145353
1,1,1,9.000000,109,458.122534,109.302118,3.773656,-3.280170
1,1,1,9.000000,110,187.478635,83.876145,-4.850908,-1.211894
1,1,1,9.000000,111,144.619813,187.139894,-2.208867,4.485634
1,1,1,9.000000,112,261.023491,20.341372,-1.151459,4.865608
1,1,1,9.000000,113,139.477302,291.896147,-4.107092,-2.851630
1,1,1,9.000000,114,445.377840,72.588051,-4.516384,2.145293
1,1,1,9.000000,115,33.549626,481.349476,0.995494,-4.899897
1,1,1,9.000000,116,29.744662,275.998026,3.940514,-3.077718
1,1,1,9.000000,117,108.872766,117.911207,-1.565804,-4.748500
1,1,1,9.000000,118,23.130353,256.857871,-0.860016,-4.925482
1,1,1,9.000000,119,320.411768,263.767669,2.014758,4.576107
1,1,1,9.000000,120,470.920556,392.152139,-1.126440,4.871461
1,1,1,9.000000,121,489.261574,430.650458,-3.695433,3.368052
1,1,1,9.000000,122,233.531248,396.913136,4.917998,0.901830
1,1,1,9.000000,123,355.680236,390.835993,4.157071,-2.778266
1,1,1,9.000000,124,447.320053,140.718038,3.973260,3.035326
1,1,1,9.000000,125,366.657580,183.001852,-4.468307,-2.243709
1,1,1,9.000000,126,53.537228,256.235895,4.441103,2.297086
1,1,1,9.000000,127,345.122035,245.268464,-3.180762,3.857817
1,1,1,9.000000,128,461.522851,151.227238,-4.992218,0.278848
1,1,1,9.000000,129,376.024831,374.579842,-0.274350,4.992468
1,1,1,9.000000,130,280.175303,399.915442,3.815216,-3.231737
1,1,1,9.000000,131,44.159208,242.517478,-4.854256,1.198415
1,1,1,9.000000,132,368.131687,451.202319,4.634802,-1.875795
1,1,1,9.000000,133,53.008455,176.081796,-1.192788,4.855642
1,1,1,9.000000,134,402.223072,291.628432,-1.153307,-4.865170
1,1,1,9.000000,135,446.583664,107.136421,1.271106,4.835730
1,1,1,9.000000,136,186.454709,489.039840,-4.812568,-1.356169
1,1,1,9.000000,137,396.414916,450.575964,3.890386,3.140843
1,1,1,9.000000,138,21.336579,199.047563,4.659782,1.812853
1,1,1,9.000000,139,170.001213,133.643709,0.668942,-4.955050
1,1,1,9.000000,140,261.244263,357.053706,4.507742,2.163392
1,1,1,9.000000,141,482.514964,421.469565,-4.994793,0.228134
1,1,1,9.000000,142,377.170110,432.936294,-1.470197,4.778967
1,1,1,9.000000,143,393.942523,385.843769,0.757539,-4.942280
1,1,1,9.000000,144,428.820766,461.109852,-4.867291,-1.144325
1,1,1,9.000000,145,60.354211,169.535976,-0.667922,-4.955187
1,1,1,9.000000,146,179.205693,301.633679,-1.054339,4.887573
1,1,1,9.000000,147,139.679769,327.323077,2.192018,-4.493891
1,1,1,9.000000,148,308.121124,266.372031,-4.506335,-2.166321
1,1,1,9.000000,149,471.502138,448.231701,0.196580,-4.996134
1,1,1,10.000000,0,147.911054,131.337988,4.335051,2.491452
1,1,1,10.000000,1,94.861703,23.482786,4.595926,1.969127
1,1,1,10.000000,2,209.817053,382.619688,3.960661,-3.051748
1,1,1,10.000000,3,165.426064,356.491260,0.247937,4.993849
1,1,1,10.000000,4,452.839275,482.646747,-4.305321,-2.542482
1,1,1,10.000000,5,308.025010,302.678067,-2.429053,-4.370321
1,1,1,10.000000,6,71.227897,255.627532,3.208216,-3.835016
1,1,1,10.000000,7,14.870675,451.974671,4.978420,-0.464038
1,1,1,10.000000,8,101.255423,308.801841,2.978019,-4.016392
1,1,1,10.000000,9,82.403789,401.866516,-4.992471,-0.274282
1,1,1,10.000000,10,295.260641,434.747192,4.650356,1.836897
1,1,1,10.000000,11,77.116564,72.781471,-2.190366,-4.494697
1,1,1,10.000000,12,394.742223,438.310527,-4.319952,-2.517541
1,1,1,10.000000,13,222.793322,475.138863,-2.682217,4.219682
1,1,1,10.000000,14,164.367911,266.695453,0.341049,-4.988355
1,1,1,10.000000,15,268.255257,411.946615,-2.556700,4.296893
1,1,1,10.000000,16,2.744644,174.353199,-1.532057,4.759496
1,1,1,10.000000,17,256.976046,467.509982,-0.986839,4.901648
1,1,1,10.000000,18,428.787164,361.704995,4.336314,-2.489254
1,1,1,10.000000,19,367.666729,8.555280,4.931238,-0.826372
1,1,1,10.000000,20,214.690769,225.053860,1.427548,4.791879
1,1,1,10.000000,21,364.003527,85.562981,-3.966578,3.044053
1,1,1,10.000000,22,344.390738,118.159383,4.520827,2.135914
1,1,1,10.000000,23,378.280371,439.480718,-3.647329,3.420086
1,1,1,10.000000,24,451.693595,38.613178,3.760580,3.295154
1,1,1,10.000000,25,38.081353,278.934786,0.448998,-4.979799
1,1,1,10.000000,26,331.217775,403.444627,3.290688,3.764488
1,1,1,10.000000,27,29.939459,251.912660,-4.774528,1.484549
1,1,1,10.000000,28,445.807138,429.816240,-4.547891,-2.077664
1,1,1,10.000000,29,75.781070,267.747827,0.093419,4.999127
1,1,1,10.000000,30,82.385536,443.780848,4.826316,1.306396
1,1,1,10.000000,31,156.902396,64.622844,-3.317324,3.741037
1,1,1,10.000000,32,37.374894,76.789198,-4.372752,2.424674
1,1,1,10.000000,33,382.707179,365.645644,1.854467,4.643377
1,1,1,10.000000,34,485.365456,151.280382,-2.020332,4.573648
1,1,1,10.000000,35,283.058389,371.365057,0.838508,4.929189
1,1,1,10.000000,36,258.180240,248.483830,1.426804,-4.792101
1,1,1,10.000000,37,110.754569,280.303010,1.596804,4.738166
1,1,1,10.000000,38,370.568839,146.278906,-4.916195,-0.911605
1,1,1,10.000000,39,293.580258,336.597096,2.326258,-4.425892
1,1,1,10.000000,40,307.059945,233.336952,-0.524647,-4.972398
1,1,1,10.000000,41,332.216750,119.356492,-4.949252,0.710568
1,1,1,10.000000,42,273.625939,173.033829,-2.862937,-4.099219
1,1,1,10.000000,43,455.587110,353.160219,2.786387,-4.151632
1,1,1,10.000000,44,377.963955,164.025242,0.973413,4.904332
1,1,1,10.000000,45,388.607046,206.631311,4.765417,1.513538
1,1,1,10.000000,46,316.737979,250.222039,3.747898,-3.309571
1,1,1,10.000000,47,126.267159,467.321551,3.596151,3.473859
1,1,1,10.000000,48,426.110337,408.022852,3.678249,-3.386810
1,1,1,10.000000,49,274.154721,359.923154,2.308354,-4.435257
1,1,1,10.000000,50,482.742050,137.067438,4.920102,0.890279
1,1,1,10.000000,51,460.942365,77.666912,0.832665,-4.930179
1,1,1,10.000000,52,214.712902,217.737561,4.908122,0.954119
1,1,1,10.000000,53,427.660572,29.674268,-4.769342,1.501126
1,1,1,10.000000,54,440.687545,377.489103,0.679800,4.953572
1,1,1,10.000000,55,99.064435,380.579046,-2.648520,-4.240913
1,1,1,10.000000,56,462.749591,12.244532,1.055919,-4.887232
1,1,1,10.000000,57,250.775101,310.992060,4.141171,2.801910
1,1,1,10.000000,58,194.105623,114.209932,2.763887,4.166645
1,1,1,10.000000,59,26.970709,111.316421,-0.909170,-4.916646
1,1,1,10.000000,60,371.341730,188.610125,-4.334881,2.491747
1,1,1,10.000000,61,254.417905,400.016855,1.449179,-4.785382
1,1,1,10.000000,62,318.765962,122.022363,-1.289714,-4.830801
1,1,1,10.000000,63,494.889561,16.634926,-4.861425,-1.168995
1,1,1,10.000000,64,103.179882,10.839501,4.990985,0.300109
1,1,1,10.000000,65,314.708565,468.044331,-0.010189,-4.999990
1,1,1,10.000000,66,375.179732,96.019683,-4.730084,1.620589
1,1,1,10.000000,67,284.860828,176.473390,-4.953405,0.681011
1,1,1,10.000000,68,386.338273,336.808704,0.090611,4.999179
1,1,1,10.000000,69,27.143124,261.053066,-3.041250,3.968728
1,1,1,10.000000,70,397.775696,347.930554,-4.824854,1.311786
1,1,1,10.000000,71,285.389380,48.252812,4.989534,0.323349
1,1,1,10.000000,72,389.106191,315.810346,1.726020,4.692638
1,1,1,10.000000,73,423.592995,192.344954,3.310446,3.747125
1,1,1,10.000000,74,260.616763,197.884564,-2.129164,-4.524010
1,1,1,10.000000,75,378.950751,23.156934,1.711089,-4.698103
1,1,1,10.000000,76,485.831712,433.088859,-4.769540,1.500496
1,1,1,10.000000,77,52.550962,353.433565,-2.897355,-4.074964
1,1,1,10.000000,78,13.183421,57.880935,1.761703,-4.679359
1,1,1,10.000000,79,319.217733,424.637100,-2.257675,-4.461267
1,1,1,10.000000,80,488.208424,276.872284,-4.286639,-2.573855
1,1,1,10.000000,81,460.949958,260.191472,3.818619,3.227715
1,1,1,10.000000,82,273.409540,471.443769,0.557551,4.968816
1,1,1,10.000000,83,193.961176,426.376627,-4.778395,-1.472054
1,1,1,10.000000,84,369.029436,298.733232,0.551650,-4.969475
1,1,1,10.000000,85,157.885790,62.006798,-0.371649,-4.986169
1,1,1,10.000000,86,90.147058,391.113116,-1.553697,4.752476
1,1,1,10.000000,87,493.860804,184.716314,-3.605909,3.463729
1,1,1,10.000000,88,143.754120,275.958459,-3.299430,3.756828
1,1,1,10.000000,89,310.633895,441.962986,4.500880,-2.177631
1,1,1,10.000000,90,216.594644,92.885701,-0.004572,4.999998
1,1,1,10.000000,91,200.527557,168.569508,-0.691009,-4.952020
1,1,1,10.000000,92,237.089991,340.622880,-0.704628,-4.950101
1,1,1,10.000000,93,187.182713,178.039776,2.685956,4.217302
1,1,1,10.000000,94,76.966676,110.452776,-3.674616,-3.390752
1,1,1,10.000000,95,199.541096,121.540734,3.138032,-3.892654
1,1,1,10.000000,96,127.520517,468.742763,4.663940,1.802127
1,1,1,10.000000,97,6.256970,282.010132,0.594797,-4.964496
1,1,1,10.000000,98,137.025435,323.815806,-4.715720,1.661921
1,1,1,10.000000,99,474.745124,171.533947,1.115293,-4.874025
1,1,1,10.000000,100,168.790500,0.492657,-3.513758,3.557177
1,1,1,10.000000,101,429.373300,4.059154,-3.926618,-3.095427
1,1,1,10.000000,102,141.667693,183.160863,-4.294787,2.560235
1,1,1,10.000000,103,384.792034,401.511071,4.987154,0.358179
1,1,1,10.000000,104,197.650785,288.395606,-4.497997,-2.183581
1,1,1,10.000000,105,47.218381,194.363765,-4.954240,-0.674915
1,1,1,10.000000,106,323.740618,463.199942,-3.495059,-3.575551
1,1,1,10.000000,107,240.839887,473.603104,4.737726,1.598109
1,1,1,10.000000,108,231.394518,49.476172,-4.996561,0.185405
1,1,1,10.000000,109,461.896191,106.021947,4.832366,1.283838
1,1,1,10.000000,110,182.627727,82.664251,1.723116,-4.693705
1,1,1,10.000000,111,142.410947,191.625528,3.814388,3.232715
1,1,1,10.000000,112,259.872032,25.206980,-4.775190,-1.482417
1,1,1,10.000000,113,135.370209,289.044517,3.520406,3.550597
1,1,1,10.000000,114,440.861457,74.733343,1.745942,-4.685263
1,1,1,10.000000,115,33.110202,476.368823,-0.439424,-4.980653
1,1,1,10.000000,116,33.685176,272.920308,4.791082,-1.430221
1,1,1,10.000000,117,107.306962,113.162706,1.255688,-4.839757
1,1,1,10.000000,118,22.270337,251.932390,-4.748528,-1.565722
1,1,1,10.000000,119,322.426525,268.343776,-1.411170,-4.796728
1,1,1,10.000000,120,469.794116,397.023600,-4.397668,-2.379184
1,1,1,10.000000,121,493.105177,427.452534,3.843603,-3.197924
1,1,1,10.000000,122,238.449246,397.814967,4.879950,1.089079
1,1,1,10.000000,123,359.837307,388.057727,2.320909,-4.428700
1,1,1,10.000000,124,451.293313,143.753364,-1.492159,4.772155
1,1,1,10.000000,125,362.189273,180.758143,-0.062069,-4.999615
1,1,1,10.000000,126,57.978330,258.532981,4.890285,-1.041688
1,1,1,10.000000,127,341.941273,249.126282,-4.751451,-1.556828
1,1,1,10.000000,128,456.530632,151.506086,-1.244670,-4.842602
1,1,1,10.000000,129,375.750481,379.572309,-2.964968,4.026036
1,1,1,10.000000,130,283.990519,396.683705,-0.588496,-4.965246
1,1,1,10.000000,131,39.304952,243.715893,-4.994160,-0.241587
1,1,1,10.000000,132,372.766489,449.326524,0.308208,-4.990492
1,1,1,10.000000,133,51.815667,180.937438,1.887113,-4.630206
1,1,1,10.000000,134,401.069765,286.763262,4.427475,-2.323245
1,1,1,10.000000,135,447.854771,111.972152,-2.177132,4.501122
1,1,1,10.000000,136,181.642142,487.683671,-1.782074,-4.671639
1,1,1,10.000000,137,400.305302,453.716808,-4.208296,2.700046
1,1,1,10.000000,138,25.996360,200.860415,0.694392,4.951547
1,1,1,10.000000,139,170.670156,128.688659,1.908832,-4.621294
1,1,1,10.000000,140,265.752005,359.217097,-2.302219,-4.438444
1,1,1,10.000000,141,477.520171,421.697700,4.999683,0.056260
1,1,1,10.000000,142,375.699913,437.715261,3.532551,-3.538515
1,1,1,10.000000,143,394.700062,380.901489,-0.982256,-4.902568
1,1,1,10.000000,144,423.953475,459.965527,-4.999025,-0.098748
1,1,1,10.000000,145,59.686289,164.580789,4.905727,0.966355
1,1,1,10.000000,146,178.151354,306.521252,-4.227828,2.669357
1,1,1,10.000000,147,141.871787,322.829187,-1.036786,-4.891326
1,1,1,10.000000,148,303.614789,264.205710,-4.869185,-1.136236
1,1,1,10.000000,149,471.698718,443.235567,1.432644,-4.790358
1,1,1,11.000000,0,152.246105,133.829441,0.221085,4.995110
1,1,1,11.000000,1,99.457630,25.451913,-4.246279,2.639908
1,1,1,11.000000,2,213.777713,379.567940,0.999685,-4.899044
1,1,1,11.000000,3,165.674001,361.485109,4.850416,-1.213862
1,1,1,11.000000,4,448.533954,480.104265,4.871633,1.125696
1,1,1,11.000000,5,305.595958,298.307746,2.030545,-4.569123
1,1,1,11.000000,6,74.436113,251.792516,4.813604,-1.352485
1,1,1,11.000000,7,18.785425,448.864248,3.914750,-3.110424
1,1,1,11.000000,8,104.233442,304.785449,0.636277,4.959350
1,1,1,11.000000,9,77.411317,401.592234,-1.836451,4.650532
1,1,1,11.000000,10,299.910997,436.584089,4.774863,-1.483470
1,1,1,11.000000,11,74.926198,68.286774,-0.673941,-4.954372
1,1,1,11.000000,12,390.422271,435.792986,3.204710,3.837947
1,1,1,11.000000,13,220.111106,479.358544,4.871957,-1.124295
1,1,1,11.000000,14,164.708960,261.707098,2.495230,-4.332878
1,1,1,11.000000,15,265.698557,416.243507,2.212698,-4.483745
1,1,1,11.000000,16,1.212587,179.112695,4.527070,2.122649
1,1,1,11.000000,17,255.989207,472.411630,4.218641,-2.683853
1,1,1,11.000000,18,433.123478,359.215742,-0.473629,-4.977517
1,1,1,11.000000,19,372.597967,7.728908,2.627465,4.253990
1,1,1,11.000000,20,216.118317,229.845739,-3.618968,-3.450082
1,1,1,11.000000,21,360.036949,88.607035,-1.509674,-4.766643
1,1,1,11.000000,22,348.911565,120.295297,1.938032,-4.609125
1,1,1,11.000000,23,374.633042,442.900804,2.727555,4.190518
1,1,1,11.000000,24,455.454174,41.908332,0.987058,4.901603
1,1,1,11.000000,25,38.530350,273.954987,-1.802291,4.663877
1,1,1,11.000000,26,334.508463,407.209115,-1.271355,4.835665
1,1,1,11.000000,27,25.164931,253.397210,-2.202729,4.488651
1,1,1,11.000000,28,441.259247,427.738576,-3.907533,-3.119485
1,1,1,11.000000,29,75.874489,272.746954,-1.111097,-4.874983
1,1,1,11.000000,30,87.211852,445.087244,-0.634578,4.959568
1,1,1,11.000000,31,153.585071,68.363882,-3.961174,-3.051082
1,1,1,11.000000,32,33.002142,79.213872,4.984623,-0.391835
1,1,1,11.000000,33,384.561647,370.289021,4.025673,2.965460
1,1,1,11.000000,34,483.345124,155.854030,-4.898614,1.001788
1,1,1,11.000000,35,283.896898,376.294246,-4.170668,2.757813
1,1,1,11.000000,36,259.607044,243.691729,4.066595,-2.909090
1,1,1,11.000000,37,112.351373,285.041176,4.713120,-1.669280
1,1,1,11.000000,38,365.652643,145.367300,-1.335701,-4.818288
1,1,1,11.000000,39,295.906515,332.171203,-4.029233,-2.960622
1,1,1,11.000000,40,306.535298,228.364554,2.953690,4.034317
1,1,1,11.000000,41,327.267498,120.067060,-4.589512,-1.984032
1,1,1,11.000000,42,270.763003,168.934610,-4.856072,-1.191037
1,1,1,11.000000,43,458.373497,349.008587,2.376906,4.398900
1,1,1,11.000000,44,378.937368,168.929573,1.466199,-4.780195
1,1,1,11.000000,45,393.372463,208.144849,-3.676591,3.388610
1,1,1,11.000000,46,320.485878,246.912469,4.810962,1.361853
1,1,1,11.000000,47,129.863310,470.795410,2.596232,4.273123
1,1,1,11.000000,48,429.788586,404.636042,-4.848029,-1.223361
1,1,1,11.000000,49,276.463074,355.487897,4.860716,1.171939
1,1,1,11.000000,50,487.662152,137.957717,3.391166,-3.674234
1,1,1,11.000000,51,461.775031,72.736733,-4.370589,2.428570
1,1,1,11.000000,52,219.621024,218.691679,-3.479814,3.590390
1,1,1,11.000000,53,422.891230,31.175394,-2.695705,4.211077
1,1,1,11.000000,54,441.367345,382.442674,-4.115349,2.839701
1,1,1,11.000000,55,96.415915,376.338133,-3.215816,-3.828646
1,1,1,11.000000,56,463.805510,7.357300,-4.596688,1.967347
1,1,1,11.000000,57,254.916272,313.793970,4.346404,2.471593
1,1,1,11.000000,58,196.869510,118.376577,-3.315090,3.743017
1,1,1,11.000000,59,26.061538,106.399774,-4.197069,-2.717465
1,1,1,11.000000,60,367.006849,191.101873,-1.774635,-4.674470
1,1,1,11.000000,61,255.867085,395.231473,4.851318,1.210254
1,1,1,11.000000,62,317.476247,117.191562,4.922399,0.877491
1,1,1,11.000000,63,499.589752,18.340272,4.700191,1.705346
1,1,1,11.000000,64,105.873664,15.051809,2.693782,4.212308
1,1,1,11.000000,65,314.698376,463.044342,3.140409,-3.890736
1,1,1,11.000000,66,370.449648,97.640272,3.901805,-3.126647
1,1,1,11.000000,67,279.907423,177.154401,-4.859899,-1.175323
1,1,1,11.000000,68,386.428884,341.807883,-0.658423,-4.956458
1,1,1,11.000000,69,24.101874,265.021793,4.719679,1.650646
1,1,1,11.000000,70,392.950842,349.242341,-4.554936,2.062173
1,1,1,11.000000,71,290.378913,48.576162,-3.736183,-3.322790
1,1,1,11.000000,72,390.832211,320.502985,-4.642507,-1.856644
1,1,1,11.000000,73,426.903441,196.092079,4.975672,-0.492639
1,1,1,11.000000,74,258.487599,193.360554,-2.363818,4.405946
1,1,1,11.000000,75,380.661840,18.458831,-4.979719,0.449885
1,1,1,11.000000,76,489.594961,436.380964,3.763249,3.292105
1,1,1,11.000000,77,49.653607,349.358601,4.026666,-2.964112
1,1,1,11.000000,78,11.754257,53.089538,-1.429164,-4.791397
1,1,1,11.000000,79,316.960057,420.175833,1.839167,4.649459
1,1,1,11.000000,80,483.921785,274.298429,0.883581,4.921309
1,1,1,11.000000,81,464.768577,263.419187,-3.111936,3.913548
1,1,1,11.000000,82,273.967091,476.412585,3.776754,-3.276604
1,1,1,11.000000,83,189.182781,424.904574,-0.467687,4.978079
1,1,1,11.000000,84,369.581085,293.763757,-1.549630,4.753803
1,1,1,11.000000,85,157.514141,57.020630,-1.342591,-4.816373
1,1,1,11.000000,86,88.593361,395.865591,-4.998154,0.135868
1,1,1,11.000000,87,490.254895,188.180043,-2.293250,-4.443085
1,1,1,11.000000,88,140.454690,279.715288,2.765972,-4.165261
1,1,1,11.000000,89,315.134775,439.785355,-4.321487,-2.514906
1,1,1,11.000000,90,216.590072,97.885699,-3.403972,-3.662373
1,1,1,11.000000,91,199.836547,163.617488,4.479607,2.221064
1,1,1,11.000000,92,236.385363,335.672779,0.927217,4.913275
1,1,1,11.000000,93,189.868669,182.257078,4.530784,-2.114710
1,1,1,11.000000,94,73.292060,107.062024,-3.700662,-3.362306
1,1,1,11.000000,95,202.679128,117.648080,-2.748088,4.177082
1,1,1,11.000000,96,132.184458,470.544890,4.910639,-0.941079
1,1,1,11.000000,97,6.851767,277.045636,4.370699,-2.428371
1,1,1,11.000000,98,132.309715,325.477728,2.729781,-4.189068
1,1,1,11.000000,99,475.860417,166.659921,4.876846,1.102894
1,1,1,11.000000,100,168.021787,4.447897,-0.768713,4.940555
1,1,1,11.000000,101,425.446682,0.963727,0.325599,-4.989387
1,1,1,11.000000,102,137.372906,185.721099,4.644141,-1.852553
1,1,1,11.000000,103,389.779188,401.869250,-1.698903,4.702524
1,1,1,11.000000,104,193.152788,286.212025,-2.703448,-4.206111
1,1,1,11.000000,105,42.264141,193.688851,4.576960,2.012818
1,1,1,11.000000,106,320.245559,459.624391,4.794447,1.418899
1,1,1,11.000000,107,245.577613,475.201213,-0.137896,-4.998098
1,1,1,11.000000,108,226.397957,49.661577,3.068284,-3.947865
1,1,1,11.000000,109,466.728556,107.305786,-3.794627,-3.255887
1,1,1,11.000000,110,184.350844,77.970545,-3.661938,3.404440
1,1,1,11.000000,111,146.225335,194.858242,4.449460,2.280857
1,1,1,11.000000,112,255.096842,23.724562,-4.714581,1.665151
1,1,1,11.000000,113,138.890616,292.595114,1.527714,4.760892
1,1,1,11.000000,114,442.607399,70.048081,-1.108058,4.875675
1,1,1,11.000000,115,29.007003,473.511593,-4.103198,-2.857230
1,1,1,11.000000,116,38.476258,271.490087,4.600260,1.958982
1,1,1,11.000000,117,108.562650,108.322949,0.663219,4.955819
1,1,1,11.000000,118,17.521809,250.366667,-0.022787,-4.999948
1,1,1,11.000000,119,321.015355,263.547048,-4.720865,1.647251
1,1,1,11.000000,120,465.396448,394.644416,-3.209988,-3.833533
1,1,1,11.000000,121,492.359873,422.508394,-0.745303,-4.944140
1,1,1,11.000000,122,243.329195,398.904045,3.884831,-3.147712
1,1,1,11.000000,123,362.158217,383.629028,-0.745276,-4.944144
1,1,1,11.000000,124,449.801154,148.525519,-3.739159,3.319441
1,1,1,11.000000,125,362.127204,175.758528,-3.654123,3.412827
1,1,1,11.000000,126,62.868615,257.491293,-0.571429,-4.967240
1,1,1,11.000000,127,337.189822,247.569453,4.832086,1.284891
1,1,1,11.000000,128,455.285962,146.663484,1.884773,-4.631159
1,1,1,11.000000,129,372.785512,383.598345,0.566329,-4.967824
1,1,1,11.000000,130,283.402023,391.718459,1.373827,4.807557
1,1,1,11.000000,131,34.310792,243.474306,-4.918497,0.899106
1,1,1,11.000000,132,373.074697,444.336032,2.257031,-4.461593
1,1,1,11.000000,133,53.702780,176.307232,-1.803065,4.663578
1,1,1,11.000000,134,405.497240,284.440017,0.460361,-4.978762
1,1,1,11.000000,135,445.677639,116.473273,-2.401360,4.385598
1,1,1,11.000000,136,179.860067,483.012032,-4.503042,2.173156
1,1,1,11.000000,137,396.097006,456.416853,4.377800,2.415547
1,1,1,11.000000,138,26.690752,205.811963,0.982059,4.902608
1,1,1,11.000000,139,172.578987,124.067365,1.972387,-4.594528
1,1,1,11.000000,140,263.449786,354.778653,4.169598,2.759430
1,1,1,11.000000,141,482.519855,421.753960,-4.979681,0.450313
1,1,1,11.000000,142,379.232464,434.176746,4.759484,1.532093
1,1,1,11.000000,143,393.717806,375.998921,-0.607980,-4.962898
1,1,1,11.000000,144,418.954450,459.866780,2.357312,-4.409431
1,1,1,11.000000,145,64.592016,165.547144,3.944631,-3.072440
1,1,1,11.000000,146,173.923526,309.190609,-0.675417,4.954171
1,1,1,11.000000,147,140.835001,317.937860,-3.705723,-3.356727
1,1,1,11.000000,148,298.745603,263.069474,1.987660,-4.587942
1,1,1,11.000000,149,473.131362,438.445209,-3.498093,-3.572583
1,1,1,12.000000,0,152.467190,138.824550,-4.662025,1.807077
1,1,1,12.000000,1,95.211351,28.091821,4.533611,-2.108642
1,1,1,12.000000,2,214.777399,374.668896,-3.859406,-3.178835
1,1,1,12.000000,3,170.524418,360.271247,4.638352,-1.867001
1,1,1,12.000000,4,453.405587,481.229961,-0.572926,4.967067
1,1,1,12.000000,5,307.626502,293.738623,3.517342,3.553633
1,1,1,12.000000,6,79.249717,250.440031,3.848519,-3.192006
1,1,1,12.000000,7,22.325558,445.333320,3.540134,-3.530928
1,1,1,12.000000,8,104.869720,309.744799,-4.486042,-2.208038
1,1,1,12.000000,9,75.574866,406.242766,4.037838,-2.948875
1,1,1,12.000000,10,304.685860,435.100619,4.906711,0.961345
1,1,1,12.000000,11,74.252257,63.332402,4.989711,-0.320604
1,1,1,12.000000,12,393.626981,439.630933,4.923667,0.870348
1,1,1,12.000000,13,224.983062,478.234250,0.530775,-4.971748
1,1,1,12.000000,14,167.204190,257.374220,4.823604,-1.316374
1,1,1,12.000000,15,267.911255,411.759762,-1.828734,-4.653572
1,1,1,12.000000,16,5.739657,181.235344,-4.564040,2.041945
1,1,1,12.000000,17,260.207848,469.727777,4.687421,1.740138
1,1,1,12.000000,18,432.649849,354.238225,-3.167370,-3.868820
1,1,1,12.000000,19,375.225432,11.982898,4.813874,-1.351526
1,1,1,12.000000,20,212.499349,226.395657,-4.924327,-0.866602
1,1,1,12.000000,21,358.527275,83.840392,3.826294,3.218613
1,1,1,12.000000,22,350.849596,115.686172,-2.169882,-4.504621
1,1,1,12.000000,23,377.360597,447.091322,4.663261,1.803884
1,1,1,12.000000,24,456.441232,46.809935,3.143824,-3.887978
1,1,1,12.000000,25,36.728059,278.618864,-3.921810,-3.101517
1,1,1,12.000000,26,333.237107,412.044780,4.987948,0.346950
1,1,1,12.000000,27,22.962203,257.885861,3.980120,-3.026325
1,1,1,12.000000,28,437.351714,424.619090,-3.013390,3.989922
1,1,1,12.000000,29,74.763392,267.871971,-3.362188,-3.700770
1,1,1,12.000000,30,86.577275,450.046812,-0.169698,4.997119
1,1,1,12.000000,31,149.623898,65.312800,2.242648,-4.468840
1,1,1,12.000000,32,37.986765,78.822036,-4.148945,-2.790386
1,1,1,12.000000,33,388.587320,373.254482,-1.209862,4.851416
1,1,1,12.000000,34,478.446510,156.855818,-1.472580,4.778233
1,1,1,12.000000,35,279.726230,379.052059,-4.152154,2.785610
1,1,1,12.000000,36,263.673639,240.782639,-4.511058,-2.156467
1,1,1,12.000000,37,117.064493,283.371896,-4.976332,-0.485924
1,1,1,12.000000,38,364.316942,140.549012,-0.762892,-4.941457
1,1,1,12.000000,39,291.877283,329.210581,4.999630,0.060848
1,1,1,12.000000,40,309.488988,232.398871,-3.815839,3.231002
1,1,1,12.000000,41,322.677987,118.083028,1.040475,-4.890543
1,1,1,12.000000,42,265.906931,167.743573,-3.357080,3.705404
1,1,1,12.000000,43,460.750403,353.407487,1.895552,4.626757
1,1,1,12.000000,44,380.403567,164.149379,-4.958682,0.641462
1,1,1,12.000000,45,389.695872,211.533459,-4.306457,2.540556
1,1,1,12.000000,46,325.296840,248.274322,1.815593,-4.658715
1,1,1,12.000000,47,132.459543,475.068533,-1.862701,-4.640080
1,1,1,12.000000,48,424.940557,403.412680,3.064510,-3.950794
1,1,1,12.000000,49,281.323790,356.659836,-0.783645,-4.938208
1,1,1,12.000000,50,491.053318,134.283483,-4.863730,1.159365
1,1,1,12.000000,51,457.404442,75.165303,0.018031,4.999967
1,1,1,12.000000,52,216.141210,222.282069,0.444623,4.980192
1,1,1,12.000000,53,420.195525,35.386472,-1.895645,-4.626719
1,1,1,12.000000,54,437.251996,385.282375,4.000035,2.999954
1,1,1,12.000000,55,93.200099,372.509488,4.767330,1.507503
1,1,1,12.000000,56,459.208822,9.324647,2.576291,4.285175
1,1,1,12.000000,57,259.262676,316.265563,0.536486,-4.971135
1,1,1,12.000000,58,193.554420,122.119594,2.332055,4.422841
1,1,1,12.000000,59,21.864470,103.682310,1.886414,-4.630490
1,1,1,12.000000,60,365.232214,186.427402,-2.004467,-4.580623
1,1,1,12.000000,61,260.718403,396.441726,1.835040,4.651089
1,1,1,12.000000,62,322.398646,118.069053,-3.852425,3.187291
1,1,1,12.000000,63,499.952351,23.327107,0.362599,4.986835
1,1,1,12.000000,64,103.613384,19.511757,-2.260279,4.459948
1,1,1,12.000000,65,317.838786,459.153606,2.304042,-4.437498
1,1,1,12.000000,66,374.351453,94.513625,3.390563,3.674790
1,1,1,12.000000,67,275.047524,175.979078,0.206831,4.995720
1,1,1,12.000000,68,385.770461,336.851424,3.966023,-3.044776
1,1,1,12.000000,69,28.821553,266.672439,2.375134,-4.399857
1,1,1,12.000000,70,388.395905,351.304514,-2.357991,-4.409068
1,1,1,12.000000,71,286.642730,45.253371,4.571790,2.024533
1,1,1,12.000000,72,386.189704,318.646341,-4.383915,-2.404432
1,1,1,12.000000,73,431.879113,195.599440,0.316198,-4.989992
1,1,1,12.000000,74,256.123781,197.766501,4.064173,2.912472
1,1,1,12.000000,75,375.682121,18.908716,4.544544,2.084974
1,1,1,12.000000,76,494.579738,435.991090,4.984777,-0.389874
1,1,1,12.000000,77,53.680273,346.394489,4.915151,0.917217
1,1,1,12.000000,78,14.302114,48.787396,2.547858,-4.302141
1,1,1,12.000000,79,318.799224,424.825292,-4.818981,1.333200
1,1,1,12.000000,80,484.805366,279.219738,-3.614007,3.455279
1,1,1,12.000000,81,461.656642,267.332735,-4.879097,-1.092892
1,1,1,12.000000,82,277.743845,473.135981,-4.189688,2.728831
1,1,1,12.000000,83,188.715094,429.882653,4.123773,2.827454
1,1,1,12.000000,84,368.031455,298.517561,-3.165458,3.870385
1,1,1,12.000000,85,156.171550,52.204257,-4.860565,-1.172563
1,1,1,12.000000,86,83.595207,396.001459,3.775429,-3.278129
1,1,1,12.000000,87,487.961645,183.736958,-3.387596,3.677526
1,1,1,12.000000,88,143.220662,275.550027,-4.229866,2.666127
1,1,1,12.000000,89,310.813288,437.270449,-4.523036,-2.131231
1,1,1,12.000000,90,213.186100,94.223326,-4.566094,2.037349
1,1,1,12.000000,91,204.316154,165.838551,3.695680,-3.367781
1,1,1,12.000000,92,237.312580,340.586054,1.026233,4.893551
1,1,1,12.000000,93,194.399453,180.142368,4.709473,1.679543
1,1,1,12.000000,94,69.591398,103.699718,4.908976,-0.949711
1,1,1,12.000000,95,199.931040,121.825162,-3.961229,3.051011
1,1,1,12.000000,96,137.095096,469.603811,-3.424481,3.643204
1,1,1,12.000000,97,11.222466,274.617265,4.999953,0.021664
1,1,1,12.000000,98,135.039496,321.288659,2.569323,4.289356
1,1,1,12.000000,99,480.737263,167.762816,-4.978644,-0.461628
1,1,1,12.000000,100,167.740572,0.544188,-0.281215,4.992086
1,1,1,12.000000,101,425.772280,4.025660,0.325599,4.989387
1,1,1,12.000000,102,142.017047,183.868545,-1.410492,-4.796927
1,1,1,12.000000,103,388.080285,406.571773,-2.880394,-4.086971
1,1,1,12.000000,104,190.449340,282.005914,4.501168,-2.177036
1,1,1,12.000000,105,46.841102,195.701668,-1.852220,4.644274
1,1,1,12.000000,106,325.040006,461.043290,-3.622943,-3.445908
1,1,1,12.000000,107,245.439717,470.203115,4.625378,-1.898914
1,1,1,12.000000,108,229.466241,45.713712,-4.996089,0.197729
1,1,1,12.000000,109,462.933929,104.049898,4.967094,-0.572695
1,1,1,12.000000,110,180.688906,81.374985,-0.825374,-4.931405
1,1,1,12.000000,111,150.674794,197.139099,4.925482,-0.860014
1,1,1,12.000000,112,250.382261,25.389713,1.329923,-4.819886
1,1,1,12.000000,113,140.418330,297.356006,-4.998466,0.123849
1,1,1,12.000000,114,441.499341,74.923756,4.904930,0.970391
1,1,1,12.000000,115,33.586295,475.519101,4.579291,2.007509
1,1,1,12.000000,116,43.076518,273.449069,-1.059897,4.886371
1,1,1,12.000000,117,109.225869,113.278768,4.911082,0.938762
1,1,1,12.000000,118,17.499022,245.366719,1.653869,-4.718550
1,1,1,12.000000,119,316.294491,265.194299,3.589269,3.480970
1,1,1,12.000000,120,462.186460,390.810883,4.548025,-2.077371
1,1,1,12.000000,121,488.687666,419.115034,-3.672208,-3.393360
1,1,1,12.000000,122,247.214026,395.756333,2.913262,-4.063607
1,1,1,12.000000,123,361.412941,378.684883,4.745931,1.573574
1,1,1,12.000000,124,446.061995,151.844960,4.897655,-1.006468
1,1,1,12.000000,125,358.473081,179.171355,-3.840496,3.201654
1,1,1,12.000000,126,62.297186,252.524053,-4.819897,-1.329885
1,1,1,12.000000,127,342.021908,248.854345,-2.882119,4.085755
1,1,1,12.000000,128,457.170735,142.032325,-4.219961,2.681778
1,1,1,12.000000,129,373.351841,378.630521,2.644594,4.243362
1,1,1,12.000000,130,284.775849,396.526015,2.036153,-4.566627
1,1,1,12.000000,131,29.392295,244.373412,4.944690,0.741650
1,1,1,12.000000,132,375.331728,439.874440,-2.650987,-4.239371
1,1,1,12.000000,133,51.899715,180.970810,4.718726,1.653367
1,1,1,12.000000,134,405.957601,279.461255,4.965888,0.583056
1,1,1,12.000000,135,443.276279,120.858872,-4.992996,0.264563
1,1,1,12.000000,136,175.357025,485.185189,1.008476,4.897242
1,1,1,12.000000,137,400.474807,458.832400,-1.930468,-4.612298
1,1,1,12.000000,138,27.672810,210.714570,-4.968450,-0.560809
1,1,1,12.000000,139,174.551374,119.472836,-4.852961,1.203648
1,1,1,12.000000,140,267.619384,357.538083,-4.998513,-0.121922
1,1,1,12.000000,141,477.540174,422.204272,-4.074047,-2.898645
1,1,1,12.000000,142,383.991948,435.708839,2.358918,4.408572
1,1,1,12.000000,143,393.109827,371.036023,2.027488,4.570481
1,1,1,12.000000,144,421.311762,455.457349,4.484984,2.210186
1,1,1,12.000000,145,68.536647,162.474704,-3.506068,3.564756
1,1,1,12.000000,146,173.248109,314.144781,3.037815,-3.971357
1,1,1,12.000000,147,137.129278,314.581133,4.823769,1.315772
1,1,1,12.000000,148,300.733263,258.481532,-3.466326,-3.603412
1,1,1,12.000000,149,469.633270,434.872626,-2.746115,-4.178379
1,1,1,13.000000,0,147.805166,140.631627,4.988217,-0.343056
1,1,1,13.000000,1,99.744962,25.983179,4.694333,1.721407
1,1,1,13.000000,2,210.917993,371.490062,-0.620089,4.961400
1,1,1,13.000000,3,175.162769,358.404246,3.759519,3.296365
1,1,1,13.000000,4,452.832661,486.197028,4.108388,-2.849763
1,1,1,13.000000,5,311.143845,297.292256,-1.901992,4.624113
1,1,1,13.000000,6,83.098236,247.248025,-3.170958,3.865880
1,1,1,13.000000,7,18.960360,449.031351,-3.365199,3.698032
1,1,1,13.000000,8,100.383678,307.536761,-4.206854,2.702292
1,1,1,13.000000,9,79.612705,403.293891,1.773409,4.674935
1,1,1,13.000000,10,309.592571,436.061964,-4.830472,-1.290945
1,1,1,13.000000,11,79.241967,63.011798,-2.610740,4.264275
1,1,1,13.000000,12,398.550647,440.501281,-2.194435,4.492711
1,1,1,13.000000,13,225.513837,473.262502,-0.042422,4.999820
1,1,1,13.000000,14,172.027795,256.057846,-3.885361,-3.147057
1,1,1,13.000000,15,266.082521,407.106190,2.077954,-4.547758
1,1,1,13.000000,16,1.175617,183.277289,0.113364,4.998715
1,1,1,13.000000,17,264.895269,471.467915,3.088747,3.931875
1,1,1,13.000000,18,429.482479,350.369405,4.081047,2.888781
1,1,1,13.000000,19,380.039305,10.631372,4.994382,0.236964
1,1,1,13.000000,20,207.575022,225.529054,-3.824423,-3.220836
1,1,1,13.000000,21,362.353569,87.059005,-4.636825,-1.870789
1,1,1,13.000000,22,348.679715,111.181550,-0.139128,-4.998064
1,1,1,13.000000,23,382.023858,448.895206,-1.731244,4.690714
1,1,1,13.000000,24,459.585056,42.921958,4.784165,-1.453190
1,1,1,13.000000,25,32.806249,275.517347,4.720440,1.648468
1,1,1,13.000000,26,338.225056,412.391731,4.025597,-2.965563
1,1,1,13.000000,27,26.942323,254.859536,2.799496,4.142804
1,1,1,13.000000,28,434.338324,428.609013,1.697531,4.703019
1,1,1,13.000000,29,71.401204,264.171201,-2.635362,4.249102
1,1,1,13.000000,30,86.407577,455.043931,4.966921,-0.574196
1,1,1,13.000000,31,151.866545,60.843960,1.277445,4.834060
1,1,1,13.000000,32,33.837820,76.031650,-4.809998,1.365253
1,1,1,13.000000,33,387.377458,378.105897,-4.677004,1.767947
1,1,1,13.000000,34,476.973930,161.634051,4.658923,1.815058
1,1,1,13.000000,35,275.574076,381.837668,0.507566,4.974171
1,1,1,13.000000,36,259.162581,238.626172,2.757180,4.171086
1,1,1,13.000000,37,112.088161,282.885972,-4.642313,1.857130
1,1,1,13.000000,38,363.554051,135.607555,4.238248,-2.652783
1,1,1,13.000000,39,296.876912,329.271430,-4.985945,0.374633
1,1,1,13.000000,40,305.673149,235.629873,2.687603,4.216253
1,1,1,13.000000,41,323.718462,113.192485,-2.461560,4.352094
1,1,1,13.000000,42,262.549852,171.448977,-4.980175,0.444810
1,1,1,13.000000,43,462.645955,358.034244,1.677334,4.710260
1,1,1,13.000000,44,375.444885,164.790840,4.999998,-0.004208
1,1,1,13.000000,45,385.389415,214.074015,-2.097053,-4.538983
1,1,1,13.000000,46,327.112432,243.615607,3.333408,-3.726713
1,1,1,13.000000,47,130.596841,470.428453,-3.226890,-3.819317
1,1,1,13.000000,48,428.005067,399.461886,1.430091,4.791121
1,1,1,13.000000,49,280.540145,351.721628,4.910349,0.942587
1,1,1,13.000000,50,486.189587,135.442848,-0.042391,4.999820
1,1,1,13.000000,51,457.422473,80.165270,4.967257,-0.571279
1,1,1,13.000000,52,216.585833,227.262261,0.466361,4.978203
1,1,1,13.000000,53,418.299880,30.759752,-4.905026,-0.969908
1,1,1,13.000000,54,441.252031,388.282329,4.318969,-2.519227
1,1,1,13.000000,55,97.967429,374.016991,-3.039220,3.970282
1,1,1,13.000000,56,461.785112,13.609822,-4.823388,1.317165
1,1,1,13.000000,57,259.799162,311.294428,4.852747,1.204513
1,1,1,13.000000,58,195.886474,126.542435,2.557620,4.296345
1,1,1,13.000000,59,23.750884,99.051820,-3.642561,-3.425164
1,1,1,13.000000,60,363.227747,181.846779,-2.385369,-4.394316
1,1,1,13.000000,61,262.553443,401.092815,3.739458,3.319104
1,1,1,13.000000,62,318.546221,121.256345,-4.035286,2.952366
1,1,1,13.000000,63,495.510168,21.032112,-4.442184,-2.294995
1,1,1,13.000000,64,108.549822,18.717037,4.936438,-0.794720
1,1,1,13.000000,65,320.142827,454.716107,-3.849187,3.191200
1,1,1,13.000000,66,377.742015,98.188415,-1.783971,4.670915
1,1,1,13.000000,67,275.254355,180.974799,1.947666,-4.605062
1,1,1,13.000000,68,389.736484,333.806648,3.225962,-3.820101
1,1,1,13.000000,69,31.196686,262.272582,4.855158,-1.194755
1,1,1,13.000000,70,386.037915,346.895446,0.395591,-4.984326
1,1,1,13.000000,71,291.214521,47.277904,-0.484691,4.976452
1,1,1,13.000000,72,381.805789,316.241909,-1.443066,4.787229
1,1,1,13.000000,73,432.195310,190.609448,2.153709,4.512376
1,1,1,13.000000,74,260.187955,200.678973,4.351973,2.461773
1,1,1,13.000000,75,380.226665,20.993690,-0.925690,-4.913563
1,1,1,13.000000,76,491.493293,439.924772,-3.086445,3.933682
1,1,1,13.000000,77,58.595424,347.311706,2.312144,-4.433282
1,1,1,13.000000,78,12.459861,44.139160,-1.842253,-4.648237
1,1,1,13.000000,79,313.980243,426.158491,-3.880497,-3.153053
1,1,1,13.000000,80,481.191359,282.675017,-2.342584,4.417273
1,1,1,13.000000,81,456.777545,266.239843,0.826023,-4.931297
1,1,1,13.000000,82,273.554157,475.864812,-1.960987,-4.599406
1,1,1,13.000000,83,192.838867,432.710106,-4.835620,1.271528
1,1,1,13.000000,84,364.865997,302.387945,2.511489,-4.323474
1,1,1,13.000000,85,151.310985,51.031693,-3.169415,3.867145
1,1,1,13.000000,86,87.370637,392.723330,3.648291,3.419060
1,1,1,13.000000,87,484.574049,187.414484,-3.004161,-3.996876
1,1,1,13.000000,88,138.990796,278.216154,-3.943832,-3.073465
1,1,1,13.000000,89,306.290252,435.139218,4.635963,1.872924
1,1,1,13.000000,90,208.620007,96.260675,4.228624,2.668097
1,1,1,13.000000,91,208.011835,162.470771,4.837855,-1.262997
1,1,1,13.000000,92,238.338813,345.479605,1.967579,-4.596589
1,1,1,13.000000,93,199.108926,181.821911,-4.126347,2.823696
1,1,1,13.000000,94,74.500375,102.750007,2.332150,4.422791
1,1,1,13.000000,95,195.969811,124.876172,4.968499,-0.560371
1,1,1,13.000000,96,133.670616,473.247015,4.478989,-2.222309
1,1,1,13.000000,97,16.222419,274.638929,-2.852618,-4.106406
1,1,1,13.000000,98,137.608819,325.578016,1.108190,4.875645
1,1,1,13.000000,99,475.758618,167.301187,3.637605,3.430427
1,1,1,13.000000,100,171.573691,2.666295,3.833119,3.210483
1,1,1,13.000000,101,420.941214,2.736939,-4.831066,-1.288721
1,1,1,13.000000,102,140.606555,179.071618,4.399217,-2.376318
1,1,1,13.000000,103,385.199891,402.484803,-4.980635,0.439633
1,1,1,13.000000,104,194.950509,279.828878,-3.849880,3.190365
1,1,1,13.000000,105,44.988882,200.345943,4.867465,1.143584
1,1,1,13.000000,106,321.417063,457.597382,-4.984700,0.390851
1,1,1,13.000000,107,250.065095,468.304201,-3.897180,3.132409
1,1,1,13.000000,108,224.470152,45.911441,4.952837,-0.685130
1,1,1,13.000000,109,467.901023,103.477203,-4.285452,2.575830
1,1,1,13.000000,110,179.863532,76.443580,-3.072340,-3.944709
1,1,1,13.000000,111,155.600277,196.279085,-3.891843,-3.139037
1,1,1,13.000000,112,251.712184,20.569827,3.586598,3.483722
1,1,1,13.000000,113,135.419864,297.479855,3.823869,3.221495
1,1,1,13.000000,114,446.404272,75.894147,-4.892205,1.032632
1,1,1,13.000000,115,28.630567,476.182998,-4.955728,0.663896
1,1,1,13.000000,116,42.016621,278.335440,-1.063832,-4.885516
1,1,1,13.000000,117,114.136951,114.217530,-3.950330,3.065109
1,1,1,13.000000,118,19.152891,240.648169,-4.226963,-2.670728
1,1,1,13.000000,119,319.883759,268.675269,-3.619399,3.449631
1,1,1,13.000000,120,466.734484,388.733512,4.539699,2.095502
1,1,1,13.000000,121,486.186590,414.785528,-2.501076,-4.329506
1,1,1,13.000000,122,250.127288,391.692726,4.027779,2.962600
1,1,1,13.000000,123,366.158872,380.258458,4.624971,1.899907
1,1,1,13.000000,124,450.959650,150.838492,0.538280,4.970941
1,1,1,13.000000,125,354.632585,182.373010,-0.670329,-4.954862
1,1,1,13.000000,126,57.477289,251.194169,-0.581792,4.966036
1,1,1,13.000000,127,339.139790,252.940100,-4.819967,-1.329632
1,1,1,13.000000,128,452.950774,144.714103,4.094369,2.869868
1,1,1,13.000000,129,375.996435,382.873883,4.648340,1.841991
1,1,1,13.000000,130,286.812002,391.959388,-0.470187,-4.977843
1,1,1,13.000000,131,34.336985,245.115062,2.508780,-4.325046
1,1,1,13.000000,132,372.680741,435.635069,4.339993,-2.482834
1,1,1,13.000000,133,56.618441,182.624176,4.262317,-2.613934
1,1,1,13.000000,134,410.923489,280.044311,-3.083964,3.935628
1,1,1,13.000000,135,438.283283,121.123434,-0.425701,4.981845
1,1,1,13.000000,136,176.365501,490.082430,-0.053826,-4.999710
1,1,1,13.000000,137,398.544338,454.220102,0.689341,4.952253
1,1,1,13.000000,138,22.704361,210.153761,4.229163,-2.667242
1,1,1,13.000000,139,169.698413,120.676484,4.961361,-0.620404
1,1,1,13.000000,140,262.620870,357.416161,-4.419838,2.337740
1,1,1,13.000000,141,473.466127,419.305628,-3.981309,-3.024761
1,1,1,13.000000,142,386.350866,440.117411,2.770871,-4.162003
1,1,1,13.000000,143,395.137314,375.606503,-0.411827,-4.983011
1,1,1,13.000000,144,425.796746,457.667535,4.999092,0.095266
1,1,1,13.000000,145,65.030578,166.039460,2.035279,-4.567017
1,1,1,13.000000,146,176.285924,310.173423,4.751553,-1.556515
1,1,1,13.000000,147,141.953046,315.896905,4.821342,1.324638
1,1,1,13.000000,148,297.266937,254.878120,-4.053041,-2.927945
1,1,1,13.000000,149,466.887154,430.694247,-3.456128,-3.613195
1,1,1,14.000000,0,152.793383,140.288571,3.333945,3.726232
1,1,1,14.000000,1,104.439294,27.704586,1.840115,4.649083
1,1,1,14.000000,2,210.297905,376.451462,2.503326,4.328205
1,1,1,14.000000,3,178.922288,361.700611,-0.525635,4.972294
1,1,1,14.000000,4,456.941049,483.347265,-1.611699,4.733120
1,1,1,14.000000,5,309.241852,301.916369,3.736084,-3.322901
1,1,1,14.000000,6,79.927278,251.113905,3.831055,-3.212945
1,1,1,14.000000,7,22.125096,445.160377,3.164736,-3.870975
1,1,1,14.000000,8,96.176824,310.239053,-3.925741,3.096540
1,1,1,14.000000,9,81.386114,407.968827,-2.654710,-4.237041
1,1,1,14.000000,10,304.762099,434.771019,1.125087,4.871774
1,1,1,14.000000,11,76.631228,67.276073,-3.995984,-3.005347
1,1,1,14.000000,12,396.356213,444.993993,4.998740,0.112222
1,1,1,14.000000,13,225.471415,478.262322,4.306270,2.540873
1,1,1,14.000000,14,168.142433,252.910789,-4.448893,-2.281963
1,1,1,14.000000,15,268.160476,402.558432,-4.878292,-1.096479
1,1,1,14.000000,16,1.288982,188.276004,2.134133,4.521668
1,1,1,14.000000,17,267.984017,475.399789,0.677553,4.953879
1,1,1,14.000000,18,433.563526,353.258186,4.993917,0.246559
1,1,1,14.000000,19,385.033687,10.868336,4.886631,-1.058696
1,1,1,14.000000,20,203.750598,222.308218,2.439492,4.364502
1,1,1,14.000000,21,357.716744,85.188216,4.998598,-0.118413
1,1,1,14.000000,22,348.540586,106.183487,0.857214,4.925970
1,1,1,14.000000,23,380.292614,453.585920,4.958999,0.639005
1,1,1,14.000000,24,464.369222,41.468767,4.939141,-0.777746
1,1,1,14.000000,25,37.526689,277.165815,-3.448075,-3.620881
1,1,1,14.000000,26,342.250653,409.426167,4.993363,0.257543
1,1,1,14.000000,27,29.741819,259.002339,4.738121,1.596937
1,1,1,14.000000,28,436.035854,433.312032,0.982307,4.902558
1,1,1,14.000000,29,68.765843,268.420303,-2.328667,4.424625
1,1,1,14.000000,30,91.374497,454.469735,4.010881,2.985437
1,1,1,14.000000,31,153.143991,65.678019,2.083442,-4.545247
1,1,1,14.000000,32,29.027822,77.396903,-0.909446,4.916595
1,1,1,14.000000,33,382.700455,379.873844,-0.460205,-4.978776
1,1,1,14.000000,34,481.632853,163.449110,4.911027,0.939050
1,1,1,14.000000,35,276.081642,386.811839,4.969530,-0.551159
1,1,1,14.000000,36,261.919761,242.797257,3.024853,-3.981239
1,1,1,14.000000,37,107.445849,284.743102,3.759072,-3.296874
1,1,1,14.000000,38,367.792298,132.954772,1.745520,-4.685420
1,1,1,14.000000,39,291.890967,329.646062,4.761795,-1.524897
1,1,1,14.000000,40,308.360752,239.846127,-0.308035,4.990502
1,1,1,14.000000,41,321.256902,117.544579,-2.561649,-4.293944
1,1,1,14.000000,42,257.569676,171.893787,0.171326,4.997064
1,1,1,14.000000,43,464.323289,362.744505,4.049812,2.932409
1,1,1,14.000000,44,380.444883,164.786633,-3.824620,-3.220603
1,1,1,14.000000,45,383.292362,209.535032,-4.559522,-2.052014
1,1,1,14.000000,46,330.445841,239.888894,0.619869,4.961427
1,1,1,14.000000,47,127.369951,466.609136,4.875772,-1.107632
1,1,1,14.000000,48,429.435158,404.253007,-0.377676,-4.985716
1,1,1,14.000000,49,285.450494,352.664215,1.446001,4.786343
1,1,1,14.000000,50,486.147197,140.442668,3.694091,3.369524
1,1,1,14.000000,51,462.389730,79.593991,-1.207923,-4.851899
1,1,1,14.000000,52,217.052194,232.240464,-0.035416,-4.999875
1,1,1,14.000000,53,413.394854,29.789845,4.988574,-0.337835
1,1,1,14.000000,54,445.571000,385.763102,-4.217492,-2.685658
1,1,1,14.000000,55,94.928209,377.987273,4.725576,-1.633685
1,1,1,14.000000,56,456.961724,14.926987,-0.913300,-4.915881
1,1,1,14.000000,57,264.651909,312.498941,0.403938,-4.983657
1,1,1,14.000000,58,198.444094,130.838779,0.004579,4.999998
1,1,1,14.000000,59,20.108323,95.626655,0.094852,4.999100
1,1,1,14.000000,60,360.842378,177.452463,0.900350,-4.918269
1,1,1,14.000000,61,266.292901,404.411919,-4.212814,-2.692990
1,1,1,14.000000,62,314.510935,124.208710,2.298833,4.440199
1,1,1,14.000000,63,490.565055,20.293288,-4.945113,-0.738824
1,1,1,14.000000,64,104.856766,22.087695,-3.693057,3.370658
1,1,1,14.000000,65,316.293640,457.907308,-0.127834,-4.998366
1,1,1,14.000000,66,375.958044,102.859330,3.710796,3.351118
1,1,1,14.000000,67,277.202021,176.369737,-1.096013,4.878397
1,1,1,14.000000,68,392.962445,329.986547,-4.966257,-0.579904
1,1,1,14.000000,69,36.051844,261.077827,4.992923,-0.265940
1,1,1,14.000000,70,386.433506,341.911120,-4.979908,0.447791
1,1,1,14.000000,71,290.729829,52.254356,-2.614459,-4.261995
1,1,1,14.000000,72,380.362723,321.029137,4.363793,-2.440760
1,1,1,14.000000,73,434.349019,195.121824,-2.445086,4.361371
1,1,1,14.000000,74,264.539928,203.140746,-1.266821,-4.836855
1,1,1,14.000000,75,379.300975,16.080127,2.231549,4.474392
1,1,1,14.000000,76,492.791895,444.753191,1.298602,4.828419
1,1,1,14.000000,77,60.907569,342.878424,-0.134468,-4.998191
1,1,1,14.000000,78,16.370860,47.254298,3.910999,3.115138
1,1,1,14.000000,79,310.099746,423.005438,-1.698350,-4.702724
1,1,1,14.000000,80,478.848775,287.092290,-3.768538,3.286049
1,1,1,14.000000,81,457.603568,261.308547,2.930646,4.051088
1,1,1,14.000000,82,271.593170,471.265407,-1.120439,-4.872845
1,1,1,14.000000,83,188.003248,433.981634,-0.980549,4.902910
1,1,1,14.000000,84,367.377485,298.064471,-1.191395,4.855984
1,1,1,14.000000,85,148.141570,54.898838,-3.645396,3.422146
1,1,1,14.000000,86,91.018928,396.142390,-4.946497,-0.729498
1,1,1,14.000000,87,481.569888,183.417608,-2.438419,4.365102
1,1,1,14.000000,88,135.046964,275.142689,4.884074,-1.070432
1,1,1,14.000000,89,310.926215,437.012143,4.316542,2.523383
1,1,1,14.000000,90,212.848630,98.928772,-4.803877,1.386640
1,1,1,14.000000,91,212.849689,161.207773,1.351606,4.813851
1,1,1,14.000000,92,240.306392,340.883016,-3.926581,3.095474
1,1,1,14.000000,93,194.982579,184.645607,4.829712,1.293784
1,1,1,14.000000,94,76.832525,107.172797,4.154262,2.782465
1,1,1,14.000000,95,200.938310,124.315801,-4.533848,-2.108133
1,1,1,14.000000,96,138.149605,471.024706,2.052237,4.559421
1,1,1,14.000000,97,13.369801,270.532523,-4.991846,0.285444
1,1,1,14.000000,98,138.717009,330.453661,-0.909497,-4.916586
1,1,1,14.000000,99,479.396224,170.731614,0.269300,-4.992742
1,1,1,14.000000,100,169.984576,2.074456,-1.589115,4.740750
1,1,1,14.000000,101,423.971173,6.714294,3.029959,3.977354
1,1,1,14.000000,102,145.005772,176.695300,-0.818859,4.932491
1,1,1,14.000000,103,380.219256,402.924436,-4.994612,-0.232050
1,1,1,14.000000,104,191.100629,283.019243,-1.236872,-4.844600
1,1,1,14.000000,105,49.856347,201.489526,0.384515,4.985193
1,1,1,14.000000,106,316.432363,457.988233,-4.315755,2.524729
1,1,1,14.000000,107,246.167915,471.436610,-4.947599,-0.721984
1,1,1,14.000000,108,229.422989,45.226311,-4.684392,1.748276
1,1,1,14.000000,109,463.615571,106.053033,4.283577,-2.578948
1,1,1,14.000000,110,176.791192,72.498871,3.785587,3.266394
1,1,1,14.000000,111,151.708433,193.140048,-1.704850,-4.700371
1,1,1,14.000000,112,255.298782,24.053548,-4.988759,-0.335086
1,1,1,14.000000,113,139.243733,300.701350,-4.554636,-2.062835
1,1,1,14.000000,114,441.512067,76.926779,4.985900,-0.375233
1,1,1,14.000000,115,30.673861,471.619562,2.043294,-4.563436
1,1,1,14.000000,116,40.952789,273.449924,4.718039,-1.655328
1,1,1,14.000000,117,110.186621,117.282639,-2.528751,-4.313400
1,1,1,14.000000,118,14.925928,237.977441,-0.442632,-4.980369
1,1,1,14.000000,119,316.264360,272.124899,4.766496,-1.510137
1,1,1,14.000000,120,471.274184,390.829015,-1.056138,4.887184
1,1,1,14.000000,121,485.405071,409.846983,-0.781519,-4.938545
1,1,1,14.000000,122,254.155067,394.655326,4.127462,-2.822066
1,1,1,14.000000,123,370.783843,382.158365,-4.744053,1.579227
1,1,1,14.000000,124,451.497930,155.809433,-0.352679,4.987546
1,1,1,14.000000,125,353.962256,177.418147,2.900181,4.072953
1,1,1,14.000000,126,56.895497,256.160205,1.423955,-4.792948
1,1,1,14.000000,127,334.319823,251.610467,-3.090628,-3.930396
1,1,1,14.000000,128,457.045143,147.583971,4.990230,0.312425
1,1,1,14.000000,129,380.644776,384.715874,4.371151,2.427558
1,1,1,14.000000,130,286.341815,386.981545,-4.975163,0.497745
1,1,1,14.000000,131,36.845765,240.790016,-4.175633,2.750288
1,1,1,14.000000,132,377.020733,433.152235,-3.243932,-3.804853
1,1,1,14.000000,133,60.880758,180.010242,-4.290036,-2.568188
1,1,1,14.000000,134,407.839525,283.979939,-3.301869,3.754685
1,1,1,14.000000,135,437.857582,126.105279,-1.483201,4.774947
1,1,1,14.000000,136,176.311675,485.082720,-4.653409,1.829149
1,1,1,14.000000,137,399.233679,459.172355,4.324740,-2.509307
1,1,1,14.000000,138,26.933524,207.486519,-2.059711,-4.556050
1,1,1,14.000000,139,174.659773,120.056080,4.171257,-2.756921
1,1,1,14.000000,140,258.201032,359.753902,-1.979258,-4.591572
1,1,1,14.000000,141,469.484818,416.280867,4.999600,-0.063260
1,1,1,14.000000,142,389.121738,435.955408,4.969065,-0.555331
1,1,1,14.000000,143,394.725487,370.623492,-2.607049,4.266532
1,1,1,14.000000,144,430.795838,457.762801,-4.938438,-0.782198
1,1,1,14.000000,145,67.065857,161.472443,-2.288043,-4.445768
1,1,1,14.000000,146,181.037477,308.616908,4.134233,-2.812138
1,1,1,14.000000,147,146.774388,317.221544,-2.203297,4.488372
1,1,1,14.000000,148,293.213896,251.950175,-1.378747,-4.806148
1,1,1,14.000000,149,463.431027,427.081052,-4.792625,-1.425043
1,1,1,15.000000,0,156.127328,144.014804,-2.534376,4.310097
1,1,1,15.000000,1,106.279409,32.353669,-3.516075,3.554886
1,1,1,15.000000,2,212.801230,380.779667,4.122996,-2.828587
1,1,1,15.000000,3,178.396653,366.672905,4.938165,-0.783918
1,1,1,15.000000,4,455.329351,488.080385,4.679829,-1.760455
1,1,1,15.000000,5,312.977937,298.593468,3.515634,3.555322
1,1,1,15.000000,6,83.758333,247.900959,4.753491,-1.550589
1,1,1,15.000000,7,21.958094,440.163167,-0.167002,-4.997210
1,1,1,15.000000,8,92.251083,313.335592,4.918041,0.901593
1,1,1,15.000000,9,78.731403,403.731786,-4.987444,-0.354126
1,1,1,15.000000,10,305.887186,439.642793,2.535829,-4.309243
1,1,1,15.000000,11,72.635244,64.270726,4.565340,-2.039037
1,1,1,15.000000,12,401.354953,445.106214,3.357078,-3.705405
1,1,1,15.000000,13,229.777686,480.803195,4.886073,1.061268
1,1,1,15.000000,14,163.693541,250.628826,-2.384851,4.394598
1,1,1,15.000000,15,263.282184,401.461953,2.479789,-4.341733
1,1,1,15.000000,16,3.423114,192.797672,-2.529388,4.313026
1,1,1,15.000000,17,268.661570,480.353669,-3.095790,-3.926332
1,1,1,15.000000,18,438.557443,353.504744,-4.999761,0.048929
1,1,1,15.000000,19,389.920318,9.809640,-0.004769,-4.999998
1,1,1,15.000000,20,206.190090,226.672721,-3.836258,3.206731
1,1,1,15.000000,21,362.715342,85.069803,-4.725191,1.634800
1,1,1,15.000000,22,349.397800,111.109457,-4.978938,-0.458447
1,1,1,15.000000,23,385.251613,454.224925,-4.938120,-0.784201
1,1,1,15.000000,24,469.308362,40.691021,-4.826019,1.307493
1,1,1,15.000000,25,34.078615,273.544934,-4.882727,1.076557
1,1,1,15.000000,26,347.244016,409.683710,4.119843,2.833177
1,1,1,15.000000,27,34.479940,260.599276,-3.056096,-3.957307
1,1,1,15.000000,28,437.018162,438.214590,-4.528845,-2.118858
1,1,1,15.000000,29,66.437175,272.844929,-1.283340,-4.832498
1,1,1,15.000000,30,95.385378,457.455172,-4.674975,-1.773306
1,1,1,15.000000,31,155.227433,61.132773,-4.093104,2.871672
1,1,1,15.000000,32,28.118376,82.313498,-4.994117,-0.242475
1,1,1,15.000000,33,382.240250,374.895068,4.610829,-1.933974
1,1,1,15.000000,34,486.543880,164.388160,-4.542781,2.088813
1,1,1,15.000000,35,281.051172,386.260680,4.626433,1.896344
1,1,1,15.000000,36,264.944614,238.816018,3.857999,3.180542
1,1,1,15.000000,37,111.204921,281.446228,3.765422,3.289620
1,1,1,15.000000,38,369.537818,128.269352,-1.348198,4.814807
1,1,1,15.000000,39,296.652762,328.121165,-4.781496,1.461950
1,1,1,15.000000,40,308.052717,244.836629,4.691818,1.728248
1,1,1,15.000000,41,318.695253,113.250635,-1.598828,-4.737483
1,1,1,15.000000,42,257.741002,176.890851,-0.899236,4.918473
1,1,1,15.000000,43,468.373101,365.676913,0.757954,-4.942217
1,1,1,15.000000,44,376.620263,161.566030,-3.894684,3.135512
1,1,1,15.000000,45,378.732840,207.483018,4.453998,2.271982
1,1,1,15.000000,46,331.065710,244.850321,3.551269,-3.519729
1,1,1,15.000000,47,132.245723,465.501504,4.921963,-0.879930
1,1,1,15.000000,48,429.057482,399.267291,-3.154933,-3.878969
1,1,1,15.000000,49,286.896495,357.450558,4.995531,-0.211348
1,1,1,15.000000,50,489.841288,143.812192,1.794957,4.666704
1,1,1,15.000000,51,461.181807,74.742092,-4.808229,-1.371472
1,1,1,15.000000,52,217.016778,227.240589,4.561020,-2.048682
1,1,1,15.000000,53,418.383428,29.452010,4.670133,1.786018
1,1,1,15.000000,54,441.353507,383.077444,-2.632128,-4.251106
1,1,1,15.000000,55,99.653785,376.353587,2.677787,-4.222494
1,1,1,15.000000,56,456.048423,10.011107,0.035425,4.999875
1,1,1,15.000000,57,265.055846,307.515284,4.952232,0.689489
1,1,1,15.000000,58,198.448673,135.838777,4.676388,-1.769576
1,1,1,15.000000,59,20.203176,100.625755,-4.968344,-0.561746
1,1,1,15.000000,60,361.742729,172.534194,-4.463847,2.252569
1,1,1,15.000000,61,262.080087,401.718929,-1.345332,-4.815608
1,1,1,15.000000,62,316.809768,128.648909,3.334299,-3.725916
1,1,1,15.000000,63,493.456112,24.372723,2.891057,4.079435
1,1,1,15.000000,64,109.544164,23.827896,4.687398,1.740201
1,1,1,15.000000,65,316.165806,452.908942,0.706551,-4.949827
1,1,1,15.000000,66,379.668840,106.210448,-4.904171,0.974221
1,1,1,15.000000,67,276.106009,181.248133,3.262718,-3.788756
1,1,1,15.000000,68,387.996188,329.406643,3.889756,3.141624
1,1,1,15.000000,69,41.044767,260.811887,-0.055991,4.999686
1,1,1,15.000000,70,381.453598,342.358910,4.001172,-2.998436
1,1,1,15.000000,71,288.115370,47.992361,3.773440,3.280420
1,1,1,15.000000,72,384.726516,318.588377,-1.409208,-4.797305
1,1,1,15.000000,73,431.903934,199.483195,0.492708,4.975665
1,1,1,15.000000,74,263.273107,198.303892,-1.112570,4.874647
1,1,1,15.000000,75,381.532524,20.554520,-2.552123,-4.299612
1,1,1,15.000000,76,491.718094,439.869857,-1.073801,-4.883334
1,1,1,15.000000,77,60.773100,337.880233,4.023755,2.968063
1,1,1,15.000000,78,13.751393,51.513217,-2.619467,4.258919
1,1,1,15.000000,79,308.401397,418.302715,4.777053,-1.476401
1,1,1,15.000000,80,475.080237,290.378339,2.968942,4.023106
1,1,1,15.000000,81,460.534214,265.359635,3.148975,-3.883807
1,1,1,15.000000,82,270.472732,466.392562,2.643393,4.244110
1,1,1,15.000000,83,187.022699,438.884544,-2.287680,-4.445955
1,1,1,15.000000,84,366.186090,302.920455,3.080459,-3.938372
1,1,1,15.000000,85,144.496173,58.320985,-2.417068,-4.376960
1,1,1,15.000000,86,86.072431,395.412892,-4.924996,-0.862795
1,1,1,15.000000,87,479.131470,187.782710,-3.805603,-3.243052
1,1,1,15.000000,88,139.931037,274.072257,4.427498,2.323200
1,1,1,15.000000,89,315.242757,439.535526,-3.673228,-3.392256
1,1,1,15.000000,90,208.044754,100.315411,-4.859682,-1.176217
1,1,1,15.000000,91,214.201295,166.021624,2.933574,4.048968
1,1,1,15.000000,92,236.379811,343.978490,2.852360,-4.106585
1,1,1,15.000000,93,199.812291,185.939391,2.740001,-4.182391
1,1,1,15.000000,94,80.986787,109.955262,4.408014,-2.359960
1,1,1,15.000000,95,196.404462,122.207668,2.954538,4.033696
1,1,1,15.000000,96,140.201842,475.584128,3.963867,3.047582
1,1,1,15.000000,97,8.377956,270.817967,-4.254833,2.626099
1,1,1,15.000000,98,137.807512,325.537075,4.844314,1.237992
1,1,1,15.000000,99,479.665524,165.738872,4.751456,-1.556813
1,1,1,15.000000,100,167.360496,2.181623,-2.624080,4.256079
1,1,1,15.000000,101,421.102366,10.809406,-2.868807,4.095112
1,1,1,15.000000,102,144.186913,181.627792,0.591686,-4.964867
1,1,1,15.000000,103,375.224644,402.692386,-4.682283,-1.753917
1,1,1,15.000000,104,189.863756,278.174643,-3.988085,-3.015822
1,1,1,15.000000,105,50.240862,206.474719,4.562925,2.044434
1,1,1,15.000000,106,312.116607,460.512962,-3.789859,-3.261436
1,1,1,15.000000,107,241.220316,470.714626,4.891443,-1.036237
1,1,1,15.000000,108,224.738597,46.974586,1.127253,-4.871273
1,1,1,15.000000,109,467.899147,103.474085,-2.608659,4.265548
1,1,1,15.000000,110,180.576779,75.765265,2.201142,-4.489429
1,1,1,15.000000,111,150.003583,188.439677,4.868842,-1.137708
1,1,1,15.000000,112,250.310023,23.718462,-0.990703,-4.900868
1,1,1,15.000000,113,134.689097,298.638515,-4.270198,-2.601039
1,1,1,15.000000,114,446.497967,76.551546,-4.573194,-2.021361
1,1,1,15.000000,115,25.674519,471.700702,-4.999342,0.081140
1,1,1,15.000000,116,45.670828,271.794596,-4.016439,2.977955
1,1,1,15.000000,117,107.657869,112.969239,-4.833938,-1.277906
1,1,1,15.000000,118,14.483296,232.997072,2.653599,-4.237736
1,1,1,15.000000,119,321.030857,270.614762,4.486583,-2.206938
1,1,1,15.000000,120,470.218046,395.716199,-0.483668,4.976552
1,1,1,15.000000,121,485.483952,414.846361,0.078881,4.999378
1,1,1,15.000000,122,258.282529,391.833260,-0.246993,-4.993896
1,1,1,15.000000,123,366.039789,383.737591,-4.672767,-1.779116
1,1,1,15.000000,124,451.145251,160.796979,-0.771613,-4.940103
1,1,1,15.000000,125,356.862437,181.491101,4.534556,-2.106609
1,1,1,15.000000,126,58.319451,251.367257,4.202363,-2.709269
1,1,1,15.000000,127,331.229195,247.680071,-4.740624,1.589491
1,1,1,15.000000,128,462.035373,147.896396,3.794631,-3.255884
1,1,1,15.000000,129,385.015927,387.143432,-2.572260,4.287596
1,1,1,15.000000,130,281.366651,387.479290,3.664941,-3.401207
1,1,1,15.000000,131,32.670131,243.540304,-4.329813,-2.500544
1,1,1,15.000000,132,373.776801,429.347382,3.699695,3.363369
1,1,1,15.000000,133,56.590722,177.442053,-4.491376,-2.197167
1,1,1,15.000000,134,404.537657,287.734624,2.780110,-4.155838
1,1,1,15.000000,135,436.374382,130.880226,4.040747,2.944888
1,1,1,15.000000,136,171.658266,486.911869,-2.041387,-4.564289
1,1,1,15.000000,137,403.558419,456.663048,3.498222,3.572456
1,1,1,15.000000,138,24.873812,202.930469,1.425266,4.792559
1,1,1,15.000000,139,178.831031,117.299160,-1.815757,-4.658651
1,1,1,15.000000,140,256.221774,355.162329,-1.814085,-4.659302
1,1,1,15.000000,141,474.484418,416.217607,-4.997965,0.142634
1,1,1,15.000000,142,394.090803,435.400076,-0.770171,-4.940328
1,1,1,15.000000,143,392.118438,374.890024,4.998700,0.113993
1,1,1,15.000000,144,425.857400,456.980603,-4.714364,1.665764
1,1,1,15.000000,145,64.777814,157.026675,1.499740,-4.769778
1,1,1,15.000000,146,185.171710,305.804770,4.999334,-0.081629
1,1,1,15.000000,147,144.571091,321.709916,-4.995606,0.209562
1,1,1,15.000000,148,291.835149,247.144028,-3.929920,3.091234
1,1,1,15.000000,149,458.638402,425.656009,4.864436,-1.156401
1,1,1,16.000000,0,153.592953,148.324901,-4.505310,-2.168452
1,1,1,16.000000,1,102.763334,35.908555,-4.513020,2.152359
1,1,1,16.000000,2,216.924226,377.951080,4.057425,-2.921866
1,1,1,16.000000,3,183.334818,365.888987,-4.540236,-2.094339
1,1,1,16.000000,4,460.009179,486.319930,4.990592,-0.306575
1,1,1,16.000000,5,316.493571,302.148790,-4.889778,1.044067
1,1,1,16.000000,6,88.511823,246.350371,-1.218037,-4.849370
1,1,1,16.000000,7,20.663111,435.333775,-1.294983,-4.829391
1,1,1,16.000000,8,97.169124,314.237186,4.999143,0.092554
1,1,1,16.000000,9,73.743960,403.377660,-4.939735,-0.773963
1,1,1,16.000000,10,308.423015,435.333550,4.930793,-0.829025
1,1,1,16.000000,11,77.200584,62.231688,4.999995,-0.006721
1,1,1,16.000000,12,404.712031,441.400809,-4.566590,-2.036235
1,1,1,16.000000,13,234.663759,481.864463,-4.812504,-1.356394
1,1,1,16.000000,14,161.308690,255.023424,4.884651,-1.067795
1,1,1,16.000000,15,265.761972,397.120220,-0.837086,4.929431
1,1,1,16.000000,16,0.893726,197.110698,0.149770,-4.997756
1,1,1,16.000000,17,265.565779,476.427337,-4.564542,2.040822
1,1,1,16.000000,18,433.557683,353.553674,0.544750,-4.970236
1,1,1,16.000000,19,389.915549,4.809642,4.180418,-2.743011
1,1,1,16.000000,20,202.353832,229.879452,-4.668831,-1.789419
1,1,1,16.000000,21,357.990151,86.704603,-3.098892,3.923885
1,1,1,16.000000,22,344.418862,110.651010,0.000989,5.000000
1,1,1,16.000000,23,380.313493,453.440725,1.321132,4.822303
1,1,1,16.000000,24,464.482343,41.998514,4.612913,1.928997
1,1,1,16.000000,25,29.195888,274.621491,-4.068431,-2.906521
1,1,1,16.000000,26,351.363859,412.516887,2.785253,4.152393
1,1,1,16.000000,27,31.423844,256.641969,4.904288,-0.973631
1,1,1,16.000000,28,432.489316,436.095731,-1.685578,4.707316
1,1,1,16.000000,29,65.153835,268.012431,-4.992122,0.280567
1,1,1,16.000000,30,90.710404,455.681866,-4.029687,2.960003
1,1,1,16.000000,31,151.134329,64.004445,4.997484,0.158591
1,1,1,16.000000,32,23.124259,82.071024,-1.841539,-4.648520
1,1,1,16.000000,33,386.851079,372.961094,1.229725,-4.846419
1,1,1,16.000000,34,482.001098,166.476973,3.425597,-3.642154
1,1,1,16.000000,35,285.677604,388.157025,1.050452,-4.888410
1,1,1,16.000000,36,268.802613,241.996560,1.819630,-4.657139
1,1,1,16.000000,37,114.970343,284.735848,1.627426,4.727736
1,1,1,16.000000,38,368.189621,133.084159,-4.227719,-2.669530
1,1,1,16.000000,39,291.871266,329.583115,4.837920,1.262748
1,1,1,16.000000,40,312.744535,246.564878,-4.629789,-1.888135
1,1,1,16.000000,41,317.096425,108.513152,3.850771,-3.189289
1,1,1,16.000000,42,256.841766,181.809323,1.698240,4.702763
1,1,1,16.000000,43,469.131055,360.734697,3.740603,-3.317814
1,1,1,16.000000,44,372.725579,164.701542,4.265992,2.607932
1,1,1,16.000000,45,383.186838,209.755000,4.999411,-0.076722
1,1,1,16.000000,46,334.616979,241.330593,4.062997,2.914114
1,1,1,16.000000,47,137.167687,464.621574,-1.431911,4.790577
1,1,1,16.000000,48,425.902549,395.388322,-4.977218,0.476764
1,1,1,16.000000,49,291.892026,357.239211,-3.233467,-3.813750
1,1,1,16.000000,50,491.636245,148.478896,-3.249948,-3.799716
1,1,1,16.000000,51,456.373578,73.370620,4.074491,2.898021
1,1,1,16.000000,52,221.577798,225.191907,-1.313675,-4.824340
1,1,1,16.000000,53,423.053561,31.238028,4.821036,1.325749
1,1,1,16.000000,54,438.721380,378.826338,2.909861,-4.066044
1,1,1,16.000000,55,102.331572,372.131093,1.009377,-4.897056
1,1,1,16.000000,56,456.083848,15.010981,-3.436647,3.631729
1,1,1,16.000000,57,270.008079,308.204773,-4.527053,-2.122686
1,1,1,16.000000,58,203.125061,134.069201,-3.287128,-3.767597
1,1,1,16.000000,59,15.234832,100.064009,4.333344,-2.494419
1,1,1,16.000000,60,357.278882,174.786763,-2.117893,4.529297
1,1,1,16.000000,61,260.734755,396.903321,4.988728,0.335544
1,1,1,16.000000,62,320.144067,124.922993,2.401140,4.385719
1,1,1,16.000000,63,493.032849,19.390670,-0.423263,-4.982053
1,1,1,16.000000,64,108.991231,28.797228,-0.552933,4.969332
1,1,1,16.000000,65,316.872357,447.959115,-4.489867,2.200248
1,1,1,16.000000,66,374.764669,107.184669,2.609986,4.264736
1,1,1,16.000000,67,279.368727,177.459378,0.514804,-4.973427
1,1,1,16.000000,68,391.885943,332.548267,4.765503,1.513269
1,1,1,16.000000,69,40.988776,265.811573,4.526125,2.124663
1,1,1,16.000000,70,385.454770,339.360474,-4.938289,0.783139
1,1,1,16.000000,71,291.888810,51.272780,4.831446,1.287296
1,1,1,16.000000,72,383.317308,313.791072,-2.417371,-4.376793
1,1,1,16.000000,73,432.396641,204.458860,-4.944556,0.742539
1,1,1,16.000000,74,262.160536,203.178539,4.071935,-2.901611
1,1,1,16.000000,75,378.980401,16.254907,4.928053,-0.845159
1,1,1,16.000000,76,491.442959,434.877433,-0.275135,-4.992424
1,1,1,16.000000,77,64.796855,340.848296,4.530023,2.116339
1,1,1,16.000000,78,15.629023,46.879158,1.877631,-4.634059
1,1,1,16.000000,79,313.178450,416.826313,4.804431,1.384719
1,1,1,16.000000,80,478.049178,294.401445,1.293266,-4.829851
1,1,1,16.000000,81,463.683190,261.475828,0.833177,-4.930093
1,1,1,16.000000,82,273.116125,470.636672,4.951125,-0.697393
1,1,1,16.000000,83,184.735019,434.438589,-0.468546,-4.977998
1,1,1,16.000000,84,369.266549,298.982083,-3.810366,-3.237454
1,1,1,16.000000,85,142.079105,53.944024,-0.455096,-4.979246
1,1,1,16.000000,86,81.147435,394.550097,3.074689,3.942878
1,1,1,16.000000,87,475.325866,184.539658,4.886059,-1.061331
1,1,1,16.000000,88,144.358536,276.395457,4.118116,2.835687
1,1,1,16.000000,89,311.569530,436.143270,4.806085,-1.378966
1,1,1,16.000000,90,203.185071,99.139194,-4.067536,-2.907775
1,1,1,16.000000,91,217.134870,170.070592,-3.189445,-3.850641
1,1,1,16.000000,92,239.232171,339.871905,-4.674512,1.774526
1,1,1,16.000000,93,202.552292,181.757000,4.828209,-1.299383
1,1,1,16.000000,94,85.394801,107.595302,-2.132001,-4.522673
1,1,1,16.000000,95,199.359000,126.241364,-4.999994,0.007899
1,1,1,16.000000,96,144.165709,478.631710,2.907695,4.067593
1,1,1,16.000000,97,4.123123,273.444065,5.000000,-0.000311
1,1,1,16.000000,98,142.651826,326.775067,-3.002472,-3.998145
1,1,1,16.000000,99,484.416980,164.182059,-3.488996,3.581467
1,1,1,16.000000,100,168.644280,7.014003,1.283784,4.832380
1,1,1,16.000000,101,419.547452,15.561484,-1.554915,4.752078
1,1,1,16.000000,102,144.778599,176.662924,3.087335,3.932984
1,1,1,16.000000,103,370.542361,400.938469,-0.332203,4.988952
1,1,1,16.000000,104,185.875672,275.158821,0.357709,4.987188
1,1,1,16.000000,105,54.803787,208.519153,-4.810623,1.363051
1,1,1,16.000000,106,308.326748,457.251526,-4.008975,-2.987996
1,1,1,16.000000,107,246.111758,469.678389,4.228056,-2.668997
1,1,1,16.000000,108,225.865850,42.103313,-4.737657,-1.598314
1,1,1,16.000000,109,465.290488,107.739633,0.336701,-4.988650
1,1,1,16.000000,110,182.777921,71.275836,4.890657,1.039941
1,1,1,16.000000,111,154.872425,187.301969,2.998280,4.001290
1,1,1,16.000000,112,249.319319,18.817594,-4.951097,0.697597
1,1,1,16.000000,113,130.418898,296.037475,-1.221971,-4.848380
1,1,1,16.000000,114,441.924773,74.530185,-4.100355,-2.861309
1,1,1,16.000000,115,25.700905,476.700632,0.026386,4.999930
1,1,1,16.000000,116,41.654389,274.772551,-1.397352,4.800771
1,1,1,16.000000,117,102.823931,111.691333,-4.620874,-1.909849
1,1,1,16.000000,118,17.136896,228.759335,1.779453,4.672638
1,1,1,16.000000,119,325.517440,268.407825,-4.765346,1.513762
1,1,1,16.000000,120,469.734378,400.692751,4.978063,0.467854
1,1,1,16.000000,121,485.113198,419.832596,-0.370753,4.986235
1,1,1,16.000000,122,258.035536,386.839364,-3.195029,-3.846009
1,1,1,16.000000,123,361.367023,381.958476,1.474152,4.777748
1,1,1,16.000000,124,450.373638,155.856877,-2.573675,4.286747
1,1,1,16.000000,125,361.396993,179.384492,3.360714,3.702108
1,1,1,16.000000,126,62.521815,248.657987,4.813872,-1.351532
1,1,1,16.000000,127,326.488571,249.269562,4.966737,-0.575781
1,1,1,16.000000,128,465.830004,144.640512,-4.960944,0.623727
1,1,1,16.000000,129,382.443667,391.431028,2.623064,-4.256705
1,1,1,16.000000,130,285.031593,384.078084,4.977937,0.469196
1,1,1,16.000000,131,28.340318,241.039760,-0.532590,-4.971554
1,1,1,16.000000,132,377.476497,432.710751,4.911529,0.936418
1,1,1,16.000000,133,52.099346,175.244887,0.305379,-4.990666
1,1,1,16.000000,134,407.317767,283.578787,-4.975730,-0.492045
1,1,1,16.000000,135,440.415128,133.825114,4.372997,-2.424231
1,1,1,16.000000,136,169.616879,482.347579,2.605668,-4.267375
1,1,1,16.000000,137,407.056640,460.235504,3.820409,3.225597
1,1,1,16.000000,138,26.299078,207.723027,-3.689053,3.375039
1,1,1,16.000000,139,177.015274,112.640509,-3.462739,3.606860
1,1,1,16.000000,140,254.407689,350.503027,3.621099,-3.447846
1,1,1,16.000000,141,469.486453,416.360241,4.924028,0.868302
1,1,1,16.000000,142,393.320631,430.459749,-4.720950,1.647006
1,1,1,16.000000,143,397.117139,375.004018,0.139385,4.998057
1,1,1,16.000000,144,421.143036,458.646368,-2.938165,4.045638
1,1,1,16.000000,145,66.277553,152.256897,2.549381,4.301239
1,1,1,16.000000,146,190.171044,305.723142,4.525120,2.126803
1,1,1,16.000000,147,139.575485,321.919478,3.647420,3.419989
1,1,1,16.000000,148,287.905229,250.235261,4.761418,-1.526074
1,1,1,16.000000,149,463.502838,424.499608,3.158349,3.876188
1,1,1,17.000000,0,149.087643,146.156449,2.420584,4.375017
1,1,1,17.000000,1,98.250314,38.060915,2.328604,4.424658
1,1,1,17.000000,2,220.981652,375.029214,4.951195,-0.696898
1,1,1,17.000000,3,178.794582,363.794647,-1.558239,-4.750988
1,1,1,17.000000,4,464.999772,486.013354,-4.719090,-1.652328
1,1,1,17.000000,5,311.603793,303.192857,-0.115198,4.998673
1,1,1,17.000000,6,87.293786,241.501001,3.616230,3.452953
1,1,1,17.000000,7,15.765146,436.338734,-4.897965,1.004958
1,1,1,17.000000,8,102.168267,314.329740,1.509881,4.766577
1,1,1,17.000000,9,68.804225,402.603697,-3.454701,-3.614560
1,1,1,17.000000,10,313.353808,434.504525,-2.040591,-4.564645
1,1,1,17.000000,11,82.200579,62.224968,4.379204,2.413000
1,1,1,17.000000,12,400.145441,439.364574,-4.979382,-0.453602
1,1,1,17.000000,13,229.851255,480.508069,4.880323,-1.087403
1,1,1,17.000000,14,166.193341,253.955629,4.755959,-1.543003
1,1,1,17.000000,15,264.924886,402.049651,-4.801011,-1.396530
1,1,1,17.000000,16,1.043497,192.112942,4.964983,-0.590716
1,1,1,17.000000,17,261.001237,478.468159,4.667453,1.793009
1,1,1,17.000000,18,434.102432,348.583437,-0.037576,4.999859
1,1,1,17.000000,19,394.095967,2.066631,4.582277,-2.000685
1,1,1,17.000000,20,197.685001,228.090033,4.714071,1.666595
1,1,1,17.000000,21,354.891260,90.628487,4.534666,-2.106372
1,1,1,17.000000,22,344.419851,115.651010,-1.380077,4.805766
1,1,1,17.000000,23,381.634625,458.263028,3.614286,-3.454987
1,1,1,17.000000,24,469.095256,43.927511,-4.942715,-0.754699
1,1,1,17.000000,25,25.127456,271.714970,-2.539722,-4.306949
1,1,1,17.000000,26,354.149112,416.669280,-0.510909,-4.973829
1,1,1,17.000000,27,36.328132,255.668338,-0.898012,-4.918696
1,1,1,17.000000,28,430.803738,440.803047,-4.467182,2.245949
1,1,1,17.000000,29,60.161713,268.292997,-4.723231,1.640454
1,1,1,17.000000,30,86.680716,458.641869,1.184204,-4.857742
1,1,1,17.000000,31,156.131813,64.163035,3.030393,-3.977024
1,1,1,17.000000,32,21.282720,77.422504,-2.275624,-4.452138
1,1,1,17.000000,33,388.080803,368.114675,-4.705769,-1.689893
1,1,1,17.000000,34,485.426696,162.834819,-3.998433,-3.002089
1,1,1,17.000000,35,286.728056,383.268615,1.820089,-4.656960
1,1,1,17.000000,36,270.622242,237.339420,-3.148573,-3.884133
1,1,1,17.000000,37,116.597768,289.463584,4.994175,0.241289
1,1,1,17.000000,38,363.961901,130.414629,-4.960514,-0.627133
1,1,1,17.000000,39,296.709186,330.845863,4.609553,1.937014
1,1,1,17.000000,40,308.114746,244.676743,4.203692,2.707208
1,1,1,17.000000,41,320.947196,105.323863,-2.162032,4.508394
1,1,1,17.000000,42,258.540006,186.512087,4.545460,-2.082977
1,1,1,17.000000,43,472.871658,357.416883,-3.611969,3.457409
1,1,1,17.000000,44,376.991571,167.309474,-2.181440,4.499035
1,1,1,17.000000,45,388.186249,209.678278,-4.984955,0.387585
1,1,1,17.000000,46,338.679975,244.244706,-2.981595,-4.013738
1,1,1,17.000000,47,135.735776,469.412151,4.949828,0.706542
1,1,1,17.000000,48,420.925331,395.865086,-4.994234,0.240064
1,1,1,17.000000,49,288.658559,353.425460,-4.808435,-1.370750
1,1,1,17.000000,50,488.386297,144.679181,-0.614595,4.962084
1,1,1,17.000000,51,460.448069,76.268641,-4.989579,0.322654
1,1,1,17.000000,52,220.264123,220.367567,-2.867381,4.096111
1,1,1,17.000000,53,427.874597,32.563777,2.170683,-4.504235
1,1,1,17.000000,54,441.631241,374.760294,-4.414965,-2.346931
1,1,1,17.000000,55,103.340949,367.234037,-3.509451,3.561425
1,1,1,17.000000,56,452.647201,18.642711,-4.584281,1.996088
1,1,1,17.000000,57,265.481026,306.082087,2.132432,-4.522470
1,1,1,17.000000,58,199.837933,130.301604,-1.908434,-4.621459
1,1,1,17.000000,59,19.568176,97.569590,-2.974752,4.018812
1,1,1,17.000000,60,355.160989,179.316060,-4.868392,1.139632
1,1,1,17.000000,61,265.723483,397.238865,4.931588,0.824283
1,1,1,17.000000,62,322.545206,129.308711,1.641692,4.722801
1,1,1,17.000000,63,488.449418,21.388710,-4.583431,1.998040
1,1,1,17.000000,64,109.740192,33.740816,0.748961,4.943587
1,1,1,17.000000,65,312.382490,450.159363,-4.986838,-0.362563
1,1,1,17.000000,66,377.374655,111.449405,-3.920613,-3.103030
1,1,1,17.000000,67,279.883531,172.485951,3.065550,-3.949988
1,1,1,17.000000,68,396.651446,334.061536,1.399559,4.800129
1,1,1,17.000000,69,45.514901,267.936236,2.319044,4.429677
1,1,1,17.000000,70,380.516482,340.143613,-4.526347,2.124189
1,1,1,17.000000,71,296.720256,52.560076,3.674926,-3.390415
1,1,1,17.000000,72,380.899937,309.414279,2.057888,-4.556873
1,1,1,17.000000,73,427.452085,205.201398,-4.441692,2.295947
1,1,1,17.000000,74,266.232472,200.276929,3.083149,3.936266
1,1,1,17.000000,75,383.908454,15.409748,-2.636649,-4.248304
1,1,1,17.000000,76,488.644171,430.734151,-2.798788,-4.143282
1,1,1,17.000000,77,69.326878,342.964635,4.999885,-0.033932
1,1,1,17.000000,78,10.996502,48.760581,-4.632521,1.881423
1,1,1,17.000000,79,317.982881,418.211033,-0.048006,-4.999770
1,1,1,17.000000,80,479.342445,289.571594,2.714904,-4.198725
1,1,1,17.000000,81,464.516367,256.545735,4.986428,-0.368158
1,1,1,17.000000,82,278.067251,469.939279,-3.886379,-3.145800
1,1,1,17.000000,83,184.266472,429.460591,4.958898,-0.639787
1,1,1,17.000000,84,365.456183,295.744630,-4.934936,0.803994
1,1,1,17.000000,85,141.624010,48.964778,4.232711,2.661608
1,1,1,17.000000,86,84.222123,398.492976,-1.606726,4.734811
1,1,1,17.000000,87,480.211926,183.478327,-4.893199,-1.027912
1,1,1,17.000000,88,148.476652,279.231144,-0.695857,4.951342
1,1,1,17.000000,89,316.375615,434.764304,-4.580373,2.005040
1,1,1,17.000000,90,199.117536,96.231420,1.729518,4.691350
1,1,1,17.000000,91,213.945425,166.219951,-0.074999,4.999437
1,1,1,17.000000,92,234.557659,341.646430,1.198820,4.854156
1,1,1,17.000000,93,207.380501,180.457617,-2.219780,4.480243
1,1,1,17.000000,94,83.262800,103.072629,-1.143053,4.867590
1,1,1,17.000000,95,194.359007,126.249264,2.796077,4.145112
1,1,1,17.000000,96,147.073404,482.699302,-2.897149,-4.075111
1,1,1,17.000000,97,9.123122,273.443754,-0.656541,-4.956708
1,1,1,17.000000,98,139.649353,322.776922,4.977874,-0.469859
1,1,1,17.000000,99,480.927984,167.763526,-4.265401,2.608900
1,1,1,17.000000,100,170.348665,11.714543,1.704386,4.700539
1,1,1,17.000000,101,415.465899,18.449550,-4.081553,2.888066
1,1,1,17.000000,102,147.865934,180.595908,-3.707479,3.354788
1,1,1,17.000000,103,370.210157,405.927421,3.483129,-3.587173
1,1,1,17.000000,104,186.233381,280.146009,4.762663,-1.522182
1,1,1,17.000000,105,49.993165,209.882204,3.157978,3.876490
1,1,1,17.000000,106,304.317773,454.263530,-4.970776,0.539801
1,1,1,17.000000,107,250.339814,467.009392,-2.274306,4.452812
1,1,1,17.000000,108,221.128193,40.504999,-4.814804,1.348206
1,1,1,17.000000,109,465.627190,102.750983,-3.875948,3.158643
1,1,1,17.000000,110,187.668578,72.315777,4.537369,-2.100542
1,1,1,17.000000,111,157.870705,191.303259,4.901860,-0.985781
1,1,1,17.000000,112,244.368222,19.515191,-1.794742,-4.666787
1,1,1,17.000000,113,129.196928,291.189095,-3.412654,-3.654284
1,1,1,17.000000,114,437.824418,71.668876,4.098168,2.864440
1,1,1,17.000000,115,21.619412,479.588782,-4.081493,2.888150
1,1,1,17.000000,116,40.257036,279.573323,-4.901314,-0.988495
1,1,1,17.000000,117,98.203057,109.781484,-0.079114,4.999374
1,1,1,17.000000,118,18.916349,233.431973,-0.692344,4.951834
1,1,1,17.000000,119,320.752094,269.921587,-0.638578,-4.959054
1,1,1,17.000000,120,474.712441,401.160605,-4.309179,2.535936
1,1,1,17.000000,121,489.339427,417.160707,4.226229,-2.671889
1,1,1,17.000000,122,254.840506,382.993355,2.996569,4.002571
1,1,1,17.000000,123,362.841175,386.736224,-4.795880,1.414051
1,1,1,17.000000,124,447.799963,160.143624,4.744983,1.576432
1,1,1,17.000000,125,364.757707,183.086600,-0.867209,4.924221
1,1,1,17.000000,126,67.335687,247.306455,-4.820385,-1.328114
1,1,1,17.000000,127,331.455308,248.693781,-2.074976,4.549118
1,1,1,17.000000,128,460.869060,145.264239,-4.469026,2.242277
1,1,1,17.000000,129,385.066730,387.174323,-0.777557,4.939171
1,1,1,17.000000,130,290.009530,384.547280,4.965593,-0.585568
1,1,1,17.000000,131,27.807728,236.068206,-4.228533,2.668241
1,1,1,17.000000,132,382.388026,433.647169,3.481652,3.588607
1,1,1,17.000000,133,52.404725,170.254221,-1.984251,-4.589417
1,1,1,17.000000,134,402.342036,283.086741,-0.818830,4.932496
1,1,1,17.000000,135,444.788125,131.400884,-2.291352,-4.444064
1,1,1,17.000000,136,172.222547,478.080204,4.987676,-0.350837
1,1,1,17.000000,137,410.877050,463.461101,-4.569128,-2.030535
1,1,1,17.000000,138,22.610025,211.098066,4.344637,2.474697
1,1,1,17.000000,139,173.552534,116.247369,0.325060,-4.989422
1,1,1,17.000000,140,258.028787,347.055181,-4.541319,2.091989
1,1,1,17.000000,141,474.410480,417.228543,-4.569037,-2.030739
1,1,1,17.000000,142,388.599681,432.106755,-0.661688,-4.956024
1,1,1,17.000000,143,397.256523,380.002074,1.143310,4.867529
1,1,1,17.000000,144,418.204871,462.692006,3.174206,3.863213
1,1,1,17.000000,145,68.826934,156.558136,0.109519,4.998800
1,1,1,17.000000,146,194.696163,307.849945,2.506244,4.326516
1,1,1,17.000000,147,143.222905,325.339467,3.381167,-3.683438
1,1,1,17.000000,148,292.666646,248.709187,4.988326,-0.341473
1,1,1,17.000000,149,466.661186,428.375796,0.853403,-4.926632
1,1,1,18.000000,0,151.508227,150.531466,-1.155077,-4.864751
1,1,1,18.000000,1,100.578919,42.485573,-2.304006,4.437517
1,1,1,18.000000,2,225.932847,374.332316,-3.085156,3.934693
1,1,1,18.000000,3,177.236343,359.043659,-3.695369,3.368122
1,1,1,18.000000,4,460.280682,484.361026,0.570108,4.967391
1,1,1,18.000000,5,311.488595,308.191530,-4.911252,0.937873
1,1,1,18.000000,6,90.910016,244.953954,-3.803656,-3.245335
1,1,1,18.000000,7,15.480467,441.330623,-0.284679,4.991889
1,1,1,18.000000,8,103.678149,319.096317,-2.276375,4.451754
1,1,1,18.000000,9,65.349524,398.989137,0.506096,-4.974321
1,1,1,18.000000,10,311.313216,429.939880,-4.511399,-2.155755
1,1,1,18.000000,11,86.579783,64.637968,-0.692077,-4.951871
1,1,1,18.000000,12,395.166059,438.910972,1.288975,-4.830998
1,1,1,18.000000,13,234.731578,479.420666,-4.459069,-2.262014
1,1,1,18.000000,14,170.949299,252.412626,4.897682,-1.006334
1,1,1,18.000000,15,260.123875,400.653121,4.398480,-2.377683
1,1,1,18.000000,16,6.008479,191.522225,-4.671113,1.783452
1,1,1,18.000000,17,265.668690,480.261168,-2.365853,4.404854
1,1,1,18.000000,18,434.064856,353.583296,1.166310,4.862070
1,1,1,18.000000,19,398.678243,0.065946,0.398213,4.984117
1,1,1,18.000000,20,202.399072,229.756628,-0.600615,4.963795
1,1,1,18.000000,21,359.425926,88.522116,4.621471,-1.908405
1,1,1,18.000000,22,343.039774,120.456776,0.385870,4.985088
1,1,1,18.000000,23,385.248911,454.808041,3.239486,3.808639
1,1,1,18.000000,24,464.152541,43.172812,4.451713,-2.276456
1,1,1,18.000000,25,22.587734,267.408021,3.234506,3.812870
1,1,1,18.000000,26,353.638204,411.695451,4.896857,1.010344
1,1,1,18.000000,27,35.430121,250.749642,4.071180,2.902670
1,1,1,18.000000,28,426.336556,443.048996,-4.304785,-2.543388
1,1,1,18.000000,29,55.438482,269.933452,0.922845,-4.914098
1,1,1,18.000000,30,87.864920,453.784127,4.001042,-2.998610
1,1,1,18.000000,31,159.162206,60.186012,1.332941,4.819053
1,1,1,18.000000,32,19.007096,72.970366,-4.831193,1.288244
1,1,1,18.000000,33,383.375034,366.424782,4.295808,2.558522
1,1,1,18.000000,34,481.428263,159.832731,-3.274273,3.778775
1,1,1,18.000000,35,288.548146,378.611655,4.880052,1.088620
1,1,1,18.000000,36,267.473669,233.455287,4.109665,-2.847921
1,1,1,18.000000,37,121.591943,289.704874,-0.621753,-4.961192
1,1,1,18.000000,38,359.001387,129.787496,-3.823286,3.222187
1,1,1,18.000000,39,301.318738,332.782877,-4.060622,-2.917421
1,1,1,18.000000,40,312.318438,247.383951,1.511164,4.766171
1,1,1,18.000000,41,318.785164,109.832257,-4.772692,-1.490439
1,1,1,18.000000,42,263.085466,184.429110,-0.525516,-4.972307
1,1,1,18.000000,43,469.259689,360.874293,-0.441689,-4.980453
1,1,1,18.000000,44,374.810131,171.808509,2.665449,4.230293
1,1,1,18.000000,45,383.201294,210.065863,-4.987650,-0.351206
1,1,1,18.000000,46,335.698380,240.230969,1.770681,-4.675969
1,1,1,18.000000,47,140.685604,470.118694,-4.358957,2.449386
1,1,1,18.000000,48,415.931098,396.105150,-4.943527,-0.749361
1,1,1,18.000000,49,283.850125,352.054710,0.817818,4.932664
1,1,1,18.000000,50,487.771702,149.641264,-3.303491,-3.753259
1,1,1,18.000000,51,455.458491,76.591295,1.594477,-4.738950
1,1,1,18.000000,52,217.396742,224.463678,-4.976633,-0.482832
1,1,1,18.000000,53,430.045279,28.059542,3.714176,3.347371
1,1,1,18.000000,54,437.216276,372.413363,3.654288,-3.412650
1,1,1,18.000000,55,99.831498,370.795462,-3.501465,3.569278
1,1,1,18.000000,56,448.062920,20.638799,-4.965113,0.589618
1,1,1,18.000000,57,267.613458,301.559617,0.138031,4.998094
1,1,1,18.000000,58,197.929499,125.680146,-2.151557,-4.513403
1,1,1,18.000000,59,16.593424,101.588402,0.220429,-4.995139
1,1,1,18.000000,60,350.292597,180.455692,4.983378,0.407360
1,1,1,18.000000,61,270.655071,398.063148,-0.332728,4.988917
1,1,1,18.000000,62,324.186898,134.031512,3.442872,3.625829
1,1,1,18.000000,63,485.339005,17.473952,-3.110413,-3.914758
1,1,1,18.000000,64,112.409831,37.968466,2.669639,4.227650
1,1,1,18.000000,65,307.395652,449.796800,0.723152,4.947429
1,1,1,18.000000,66,373.454042,108.346375,-0.888631,-4.920400
1,1,1,18.000000,67,282.949081,168.535963,-0.503441,-4.974590
1,1,1,18.000000,68,398.051005,338.861664,2.085419,-4.544340
1,1,1,18.000000,69,47.833945,272.365913,-3.730619,-3.329036
1,1,1,18.000000,70,375.990134,342.267802,2.792918,4.147241
1,1,1,18.000000,71,300.395182,49.169661,2.183717,4.497931
1,1,1,18.000000,72,382.957825,304.857406,-0.588839,-4.965206
1,1,1,18.000000,73,423.010393,207.497345,-4.154232,-2.782509
1,1,1,18.000000,74,269.315621,204.213195,2.353895,4.411256
1,1,1,18.000000,75,381.271805,11.161444,4.991255,0.295596
1,1,1,18.000000,76,493.577352,431.548843,4.933181,0.814692
1,1,1,18.000000,77,74.326763,342.930703,4.719205,-1.652001
1,1,1,18.000000,78,7.363808,45.324954,-3.632695,-3.435626
1,1,1,18.000000,79,317.934874,413.211263,-4.731455,1.616582
1,1,1,18.000000,80,482.057349,285.372869,-4.663462,1.803365
1,1,1,18.000000,81,469.502795,256.177578,-1.617041,4.731298
1,1,1,18.000000,82,274.180872,466.793479,-0.116307,4.998647
1,1,1,18.000000,83,189.225371,428.820804,-4.687964,-1.738677
1,1,1,18.000000,84,360.521247,296.548624,4.124002,2.827121
1,1,1,18.000000,85,145.856721,51.626386,-3.842119,3.199707
1,1,1,18.000000,86,82.615398,403.227787,-2.420859,4.374865
1,1,1,18.000000,87,475.318727,182.450415,1.044415,-4.889703
1,1,1,18.000000,88,147.780795,284.182485,4.999628,-0.060955
1,1,1,18.000000,89,311.795242,436.769344,3.618794,-3.450266
1,1,1,18.000000,90,200.847053,100.922770,3.771664,3.282461
1,1,1,18.000000,91,213.870426,171.219388,1.175030,4.859970
1,1,1,18.000000,92,235.756479,346.500586,4.170613,-2.757895
1,1,1,18.000000,93,205.160721,184.937860,-4.529684,2.117064
1,1,1,18.000000,94,82.119747,107.940219,-1.555502,-4.751885
1,1,1,18.000000,95,197.155084,130.394376,3.793795,3.256858
1,1,1,18.000000,96,144.176255,478.624192,-1.807990,-4.661670
1,1,1,18.000000,97,8.466581,268.487046,-3.184352,-3.854855
1,1,1,18.000000,98,144.627228,322.307064,-3.605042,-3.464632
1,1,1,18.000000,99,476.662583,170.372425,-4.708972,1.680947
1,1,1,18.000000,100,170.180127,16.711701,-0.168538,4.997159
1,1,1,18.000000,101,419.327341,21.625910,3.861442,3.176360
1,1,1,18.000000,102,144.158455,183.950696,1.790650,4.668359
1,1,1,18.000000,103,373.693286,402.340248,-4.563074,2.044102
1,1,1,18.000000,104,190.996044,278.623828,4.303415,-2.545706
1,1,1,18.000000,105,53.151143,213.758694,-4.599445,-1.960893
1,1,1,18.000000,106,299.346997,454.803331,1.076797,-4.882674
1,1,1,18.000000,107,248.065509,471.462204,-1.190795,4.856131
1,1,1,18.000000,108,216.313389,41.853205,-4.183494,2.738317
1,1,1,18.000000,109,461.751242,105.909626,-2.926809,4.053861
1,1,1,18.000000,110,192.205947,70.215234,-3.088884,3.931767
1,1,1,18.000000,111,162.772565,190.317478,3.437678,3.630753
1,1,1,18.000000,112,242.573480,14.848404,-0.052796,-4.999721
1,1,1,18.000000,113,125.784274,287.534811,-4.637086,-1.870143
1,1,1,18.000000,114,441.922586,74.533317,-0.810013,-4.933952
1,1,1,18.000000,115,17.656558,482.637682,-3.962854,3.048899
1,1,1,18.000000,116,35.355723,278.584828,3.973235,-3.035359
1,1,1,18.000000,117,98.123944,114.780858,-4.584270,-1.996114
1,1,1,18.000000,118,18.224005,238.383807,4.090253,-2.875732
1,1,1,18.000000,119,320.113516,264.962533,0.917413,4.915115
1,1,1,18.000000,120,470.403262,403.696541,-0.235103,4.994470
1,1,1,18.000000,121,490.287586,422.069983,0.948158,4.909276
1,1,1,18.000000,122,257.837075,386.995926,4.991913,0.284258
1,1,1,18.000000,123,358.045295,388.150274,2.002611,4.581435
1,1,1,18.000000,124,452.544946,161.720056,4.939666,-0.774405
1,1,1,18.000000,125,363.890498,188.010820,-0.579034,4.966359
1,1,1,18.000000,126,62.515301,245.978341,-0.667123,-4.955295
1,1,1,18.000000,127,329.380332,253.242899,-2.168892,-4.505098
1,1,1,18.000000,128,456.400034,147.506516,1.665553,-4.714439
1,1,1,18.000000,129,384.289174,392.113494,-2.680604,-4.220706
1,1,1,18.000000,130,294.975122,383.961712,-0.300431,4.990966
1,1,1,18.000000,131,23.579195,238.736447,3.631037,3.437378
1,1,1,18.000000,132,385.869678,437.235776,3.362321,-3.700648
1,1,1,18.000000,133,50.420474,165.664804,-4.444154,-2.291178
1,1,1,18.000000,134,401.523206,288.019237,3.842853,3.198825
1,1,1,18.000000,135,442.496774,126.956819,4.809048,-1.368598
1,1,1,18.000000,136,177.210223,477.729367,4.691675,1.728638
1,1,1,18.000000,137,406.307922,461.430565,4.892293,1.032218
1,1,1,18.000000,138,26.954662,213.572764,1.950074,-4.604043
1,1,1,18.000000,139,173.877594,111.257946,-4.972428,0.524369
1,1,1,18.000000,140,253.487468,349.147170,2.323362,4.427413
1,1,1,18.000000,141,469.841444,415.197804,4.338936,-2.484680
1,1,1,18.000000,142,387.937994,427.150731,1.909350,-4.621080
1,1,1,18.000000,143,398.399834,384.869604,0.496233,4.975314
1,1,1,18.000000,144,421.379078,466.555219,-1.621178,4.729882
1,1,1,18.000000,145,68.936453,161.556936,-4.512447,-2.153561
1,1,1,18.000000,146,197.202407,312.176461,4.397638,2.379239
1,1,1,18.000000,147,146.604072,321.656029,4.276083,2.591354
1,1,1,18.000000,148,297.654972,248.367715,-0.046099,4.999787
1,1,1,18.000000,149,467.514589,423.449164,3.754323,3.302281
1,1,1,19.000000,0,150.353150,145.666715,3.588181,-3.482091
1,1,1,19.000000,1,98.274912,46.923090,-4.660902,-1.809970
1,1,1,19.000000,2,222.847691,378.267010,-1.705706,-4.700060
1,1,1,19.000000,3,173.540974,362.411781,4.801797,1.393823
1,1,1,19.000000,4,460.850790,489.328417,3.464009,-3.605640
1,1,1,19.000000,5,306.577343,309.129403,4.881179,-1.083556
1,1,1,19.000000,6,87.106360,241.708618,-2.580336,-4.282740
1,1,1,19.000000,7,19.208725,437.998943,3.728258,-3.331680
1,1,1,19.000000,8,101.401773,323.548071,-2.874894,4.090841
1,1,1,19.000000,9,65.855620,394.014817,0.260210,4.993224
1,1,1,19.000000,10,306.801817,427.784125,4.974893,-0.500436
1,1,1,19.000000,11,85.887706,59.686097,-4.999477,-0.072326
1,1,1,19.000000,12,396.455033,434.079974,-4.631310,-1.884401
1,1,1,19.000000,13,230.272509,477.158652,-2.559723,4.295093
1,1,1,19.000000,14,175.846982,251.406292,-4.328555,-2.502721
1,1,1,19.000000,15,264.522355,398.275438,-4.343468,-2.476748
1,1,1,19.000000,16,1.337366,193.305677,-4.940947,-0.766186
1,1,1,19.000000,17,263.302837,484.666022,-4.659902,1.812543
1,1,1,19.000000,18,435.231166,358.445366,2.168193,4.505434
1,1,1,19.000000,19,399.076456,5.050064,3.917439,3.107036
1,1,1,19.000000,20,201.798457,234.720423,4.445941,-2.287708
1,1,1,19.000000,21,364.047396,86.613710,4.999827,0.041567
1,1,1,19.000000,22,343.425644,125.441864,-4.964965,0.590866
1,1,1,19.000000,23,388.488397,458.616680,4.681998,1.754677
1,1,1,19.000000,24,468.604255,40.896356,-1.622814,4.729321
1,1,1,19.000000,25,25.822240,271.220890,3.886783,3.145301
1,1,1,19.000000,26,358.535060,412.705795,-3.055525,-3.957748
1,1,1,19.000000,27,39.501301,253.652312,-4.711519,-1.673796
1,1,1,19.000000,28,422.031771,440.505608,-2.298762,-4.440236
1,1,1,19.000000,29,56.361327,265.019354,4.986366,0.368992
1,1,1,19.000000,30,91.865962,450.785517,-4.324490,2.509739
1,1,1,19.000000,31,160.495147,65.005064,-4.912953,0.928918
1,1,1,19.000000,32,14.175903,74.258610,-2.051789,4.559623
1,1,1,19.000000,33,387.670842,368.983304,-4.518769,-2.140264
1,1,1,19.000000,34,478.153991,163.611505,-3.248716,-3.800769
1,1,1,19.000000,35,293.428197,379.700275,-1.529976,4.760165
1,1,1,19.000000,36,271.583335,230.607367,-4.612212,-1.930675
1,1,1,19.000000,37,120.970190,284.743682,4.931886,-0.822498
1,1,1,19.000000,38,355.178101,133.009682,-1.360725,4.811281
1,1,1,19.000000,39,297.258116,329.865456,2.222684,-4.478803
1,1,1,19.000000,40,313.829601,252.150122,1.587982,-4.741130
1,1,1,19.000000,41,314.012471,108.341819,4.362038,-2.443896
1,1,1,19.000000,42,262.559950,179.456803,-1.423325,4.793135
1,1,1,19.000000,43,468.818000,355.893840,3.700468,-3.362520
1,1,1,19.000000,44,377.475580,176.038803,-3.260078,3.791027
1,1,1,19.000000,45,378.213644,209.714657,-0.631991,-4.959898
1,1,1,19.000000,46,337.469061,235.555000,-1.353651,-4.813276
1,1,1,19.000000,47,136.326647,472.568080,-3.814906,3.232104
1,1,1,19.000000,48,410.987571,395.355789,-4.850662,-1.212881
1,1,1,19.000000,49,284.667943,356.987374,0.594761,-4.964500
1,1,1,19.000000,50,484.468211,145.888005,4.945928,-0.733347
1,1,1,19.000000,51,457.052967,71.852345,4.529647,2.117145
1,1,1,19.000000,52,212.420109,223.980846,-2.296733,4.441286
1,1,1,19.000000,53,433.759456,31.406913,-3.853982,-3.185408
1,1,1,19.000000,54,440.870563,369.000713,4.406397,2.362977
1,1,1,19.000000,55,96.330033,374.364740,4.461547,2.257122
1,1,1,19.000000,56,443.097807,21.228417,-4.958839,0.640249
1,1,1,19.000000,57,267.751489,306.557711,4.997510,0.157777
1,1,1,19.000000,58,195.777942,121.166743,1.138613,4.868630
1,1,1,19.000000,59,16.813853,96.593263,-3.563734,3.507107
1,1,1,19.000000,60,355.275975,180.863052,-4.925358,0.860725
1,1,1,19.000000,61,270.322343,403.052065,3.660550,3.405932
1,1,1,19.000000,62,327.629770,137.657341,-0.607604,-4.962944
1,1,1,19.000000,63,480.468650,18.605166,-4.870355,1.131214
1,1,1,19.000000,64,109.547337,33.868938,-2.862494,-4.099528
1,1,1,19.000000,65,308.118805,454.744229,1.106766,4.875969
1,1,1,19.000000,66,372.565411,103.425975,1.401739,-4.799492
1,1,1,19.000000,67,282.445640,163.561373,-3.173132,-3.864096
1,1,1,19.000000,68,400.136424,334.317324,3.365387,-3.697860
1,1,1,19.000000,69,44.103326,269.036877,4.449380,2.281012
1,1,1,19.000000,70,378.783053,346.415043,2.668566,-4.228328
1,1,1,19.000000,71,302.578899,53.667592,3.812912,-3.234455
1,1,1,19.000000,72,382.368987,299.892200,-0.933254,-4.912132
1,1,1,19.000000,73,418.856161,204.714837,-4.939482,0.775574
1,1,1,19.000000,74,271.669516,208.624450,-4.524714,-2.127666
1,1,1,19.000000,75,386.263060,11.457040,4.992346,0.276560
1,1,1,19.000000,76,496.207667,435.801070,2.630316,4.252228
1,1,1,19.000000,77,79.045968,341.278702,4.810386,-1.363887
1,1,1,19.000000,78,11.302746,48.404689,3.938939,3.079734
1,1,1,19.000000,79,313.203420,414.827845,4.620693,-1.910288
1,1,1,19.000000,80,477.393887,287.176233,3.927121,-3.094789
1,1,1,19.000000,81,467.885753,260.908875,0.214997,4.995376
1,1,1,19.000000,82,274.064564,471.792126,0.529902,4.971841
1,1,1,19.000000,83,184.537407,427.082127,-1.733712,4.689802
1,1,1,19.000000,84,364.645249,299.375745,0.297586,4.991136
1,1,1,19.000000,85,142.014602,54.826093,-4.064991,-2.911331
1,1,1,19.000000,86,80.194539,407.602651,-0.462080,-4.978602
1,1,1,19.000000,87,476.363141,177.560711,4.624592,1.900828
1,1,1,19.000000,88,152.780423,284.121530,4.647902,1.843096
1,1,1,19.000000,89,315.414036,433.319079,3.370546,3.693159
1,1,1,19.000000,90,204.618718,104.205231,-4.910953,-0.939434
1,1,1,19.000000,91,215.045455,176.079358,-1.043753,4.889844
1,1,1,19.000000,92,239.927092,343.742691,4.038154,2.948443
1,1,1,19.000000,93,200.631037,187.054924,-4.597001,-1.966617
1,1,1,19.000000,94,80.564245,103.188333,4.715833,1.661601
1,1,1,19.000000,95,200.948878,133.651233,-4.085408,-2.882610
1,1,1,19.000000,96,142.368265,473.962521,3.980386,3.025975
1,1,1,19.000000,97,5.282230,264.632191,-2.920921,4.058106
1,1,1,19.000000,98,141.022186,318.842431,-1.850144,-4.645101
1,1,1,19.000000,99,471.953611,172.053373,4.816159,-1.343357
1,1,1,19.000000,100,169.899756,21.703834,-0.280371,4.992133
1,1,1,19.000000,101,420.317630,26.526861,0.990289,4.900952
1,1,1,19.000000,102,145.949105,188.619055,-3.571167,-3.499538
1,1,1,19.000000,103,369.130212,404.384350,2.969000,-4.023063
1,1,1,19.000000,104,195.299459,276.078121,0.827493,-4.931050
1,1,1,19.000000,105,48.551697,211.797801,-0.509143,-4.974010
1,1,1,19.000000,106,300.423794,449.920657,-4.943007,-0.752783
1,1,1,19.000000,107,246.874714,476.318335,-4.865872,1.150345
1,1,1,19.000000,108,212.129895,44.591522,4.987144,0.358316
1,1,1,19.000000,109,458.824433,109.963487,0.619579,-4.961464
1,1,1,19.000000,110,189.117063,74.147002,3.899339,-3.129722
1,1,1,19.000000,111,166.210244,193.948230,-4.628575,-1.891109
1,1,1,19.000000,112,242.520685,9.848683,-0.911081,-4.916292
1,1,1,19.000000,113,121.147188,285.664668,4.933983,-0.809821
1,1,1,19.000000,114,441.112573,69.599365,4.278542,2.587292
1,1,1,19.000000,115,21.099168,479.011604,3.442610,-3.626077
1,1,1,19.000000,116,39.328958,275.549469,-4.085143,-2.882986
1,1,1,19.000000,117,93.539674,112.784745,3.614332,-3.454939
1,1,1,19.000000,118,22.314258,235.508076,-3.990296,3.012896
1,1,1,19.000000,119,321.030929,269.877648,-0.884290,-4.921182
1,1,1,19.000000,120,470.168159,408.691011,-1.972362,-4.594539
1,1,1,19.000000,121,495.139507,423.277817,4.851921,1.207834
1,1,1,19.000000,122,262.828988,387.280184,4.999864,-0.036853
1,1,1,19.000000,123,360.047906,392.731709,-0.342782,-4.988236
1,1,1,19.000000,124,457.484611,160.945650,-3.040900,-3.968996
1,1,1,19.000000,125,363.311464,192.977179,-4.978912,0.458733
1,1,1,19.000000,126,61.848178,241.023047,-3.168920,3.867551
1,1,1,19.000000,127,327.211440,248.737801,4.977811,0.470534
1,1,1,19.000000,128,458.065587,142.792077,-3.196933,-3.844427
1,1,1,19.000000,129,381.608569,387.892788,-3.550091,-3.520916
1,1,1,19.000000,130,294.674691,388.952678,4.744374,1.578264
1,1,1,19.000000,131,27.210232,242.173826,4.338983,2.484598
1,1,1,19.000000,132,389.231999,433.535128,-3.401189,-3.664958
1,1,1,19.000000,133,45.976321,163.373626,-1.773950,-4.674730
1,1,1,19.000000,134,405.366059,291.218062,1.742722,-4.686461
1,1,1,19.000000,135,447.305821,125.588221,-0.080016,4.999360
1,1,1,19.000000,136,181.901898,479.458005,4.965203,-0.588862
1,1,1,19.000000,137,411.200215,462.462783,-4.931341,0.825759
1,1,1,19.000000,138,28.904736,208.968721,0.264327,4.993008
1,1,1,19.000000,139,168.905167,111.782316,4.912991,-0.928721
1,1,1,19.000000,140,255.810830,353.574583,-1.928207,-4.613244
1,1,1,19.000000,141,474.180379,412.713124,2.431993,4.368685
1,1,1,19.000000,142,389.847344,422.529651,4.966765,-0.575535
1,1,1,19.000000,143,398.896067,389.844918,-0.113566,-4.998710
1,1,1,19.000000,144,419.757899,471.285100,1.697122,-4.703167
1,1,1,19.000000,145,64.424006,159.403375,-2.639934,4.246263
1,1,1,19.000000,146,201.600045,314.555700,-4.175761,-2.750095
1,1,1,19.000000,147,150.880155,324.247383,-0.871598,-4.923446
1,1,1,19.000000,148,297.608873,253.367502,1.890528,-4.628812
1,1,1,19.000000,149,471.268912,426.751445,-2.130218,-4.523513
1,1,1,20.000000,0,153.941332,142.184625,3.364138,3.698996
1,1,1,20.000000,1,93.614010,45.113120,-0.423071,-4.982069
1,1,1,20.000000,2,221.141985,373.566949,3.379873,3.684625
1,1,1,20.000000,3,178.342771,363.805603,4.438055,-2.302969
1,1,1,20.000000,4,464.314799,485.722777,2.542307,-4.305424
1,1,1,20.000000,5,311.458522,308.045847,-4.971364,-0.534359
1,1,1,20.000000,6,84.526024,237.425878,4.786236,-1.446357
1,1,1,20.000000,7,20.186919,442.902323,0.978194,4.903380
1,1,1,20.000000,8,98.526879,327.638913,-0.809605,-4.934019
1,1,1,20.000000,9,66.115830,399.008041,-4.966773,0.575468
1,1,1,20.000000,10,311.776711,427.283689,3.941162,-3.076888
1,1,1,20.000000,11,80.888229,59.613771,-3.091313,-3.929858
1,1,1,20.000000,12,391.823723,432.195573,-2.775492,-4.158924
1,1,1,20.000000,13,227.712787,481.453745,4.316979,2.522636
1,1,1,20.000000,14,171.518427,248.903571,-4.371104,-2.427642
1,1,1,20.000000,15,260.178887,395.798690,-3.722637,3.337960
1,1,1,20.000000,16,3.603581,192.539490,4.940947,-0.766186
1,1,1,20.000000,17,258.642935,486.478565,4.298086,2.554693
1,1,1,20.000000,18,437.399359,362.950800,-4.405399,-2.364839
1,1,1,20.000000,19,402.993895,8.157100,-4.963274,0.604907
1,1,1,20.000000,20,206.244399,232.432715,1.884188,-4.631397
1,1,1,20.000000,21,369.047224,86.655277,-1.324259,-4.821446
1,1,1,20.000000,22,338.460679,126.032730,-0.202948,-4.995880
1,1,1,20.000000,23,393.170396,460.371357,4.054984,2.925253
1,1,1,20.000000,24,466.981440,45.625677,-3.789259,-3.262134
1,1,1,20.000000,25,29.709022,274.366191,1.686275,4.707067
1,1,1,20.000000,26,355.479535,408.748047,-0.157808,-4.997509
1,1,1,20.000000,27,34.789782,251.978516,0.784552,4.938064
1,1,1,20.000000,28,419.733009,436.065372,4.939918,-0.772795
1,1,1,20.000000,29,61.347693,265.388346,-1.633293,4.725712
1,1,1,20.000000,30,87.541473,453.295256,-3.174142,-3.863266
1,1,1,20.000000,31,155.582194,65.933983,4.853910,1.199814
1,1,1,20.000000,32,12.124114,78.818233,-4.328277,-2.503201
1,1,1,20.000000,33,383.152073,366.843040,1.378536,-4.806208
1,1,1,20.000000,34,474.905275,159.810736,1.626314,-4.728118
1,1,1,20.000000,35,291.898221,384.460441,-0.838980,-4.929109
1,1,1,20.000000,36,266.971123,228.676692,-4.986755,-0.363692
1,1,1,20.000000,37,125.902076,283.921184,2.139423,-4.519167
1,1,1,20.000000,38,353.817376,137.820964,-1.341579,4.816655
1,1,1,20.000000,39,299.480800,325.386653,1.797083,4.665886
1,1,1,20.000000,40,315.417584,247.408992,-4.545259,2.083417
1,1,1,20.000000,41,318.374509,105.897923,-2.604146,-4.268305
1,1,1,20.000000,42,261.136625,184.249938,-4.965839,-0.583474
1,1,1,20.000000,43,472.518468,352.531320,3.982952,-3.022597
1,1,1,20.000000,44,374.215501,179.829830,4.996126,-0.196795
1,1,1,20.000000,45,377.581653,204.754759,3.739099,-3.319509
1,1,1,20.000000,46,336.115411,230.741723,-3.009951,3.992518
1,1,1,20.000000,47,132.511741,475.800183,-0.999738,-4.899033
1,1,1,20.000000,48,406.136909,394.142908,1.712145,4.697719
1,1,1,20.000000,49,285.262705,352.022874,-4.951220,0.696725
1,1,1,20.000000,50,489.414139,145.154658,-4.893875,-1.024691
1,1,1,20.000000,51,461.582614,73.969490,-4.227532,2.669827
1,1,1,20.000000,52,210.123377,228.422131,-3.749050,-3.308266
1,1,1,20.000000,53,429.905474,28.221505,-2.836058,-4.117860
1,1,1,20.000000,54,445.276961,371.363690,4.477087,-2.226139
1,1,1,20.000000,55,100.791580,376.621862,-3.989442,3.014027
1,1,1,20.000000,56,438.138968,21.868666,2.439835,4.364311
1,1,1,20.000000,57,272.748999,306.715489,-0.399326,-4.984028
1,1,1,20.000000,58,196.916555,126.035373,-1.974282,-4.593714
1,1,1,20.000000,59,13.250119,100.100370,2.972648,-4.020369
1,1,1,20.000000,60,350.350617,181.723777,3.094751,3.927151
1,1,1,20.000000,61,273.982894,406.457997,3.990409,3.012746
1,1,1,20.000000,62,327.022166,132.694396,2.337678,-4.419871
1,1,1,20.000000,63,478.478238,23.191915,-1.990412,4.586748
1,1,1,20.000000,64,104.800746,35.440522,-4.746591,1.571584
1,1,1,20.000000,65,309.225570,459.620198,3.140973,3.890281
1,1,1,20.000000,66,373.967150,98.626483,2.068552,-4.552043
1,1,1,20.000000,67,279.272508,159.697277,1.140751,4.868130
1,1,1,20.000000,68,403.501811,330.619464,3.310752,-3.746855
1,1,1,20.000000,69,48.552706,271.317889,2.770252,-4.162415
1,1,1,20.000000,70,381.451619,342.186715,3.533781,3.537285
1,1,1,20.000000,71,306.391811,50.433137,0.247935,-4.993849
1,1,1,20.000000,72,381.435733,294.980068,0.680579,-4.953465
1,1,1,20.000000,73,413.916678,205.490410,-3.421486,3.646016
1,1,1,20.000000,74,267.144802,206.496784,1.840401,-4.648970
1,1,1,20.000000,75,391.255405,11.733600,-4.992553,0.272783
1,1,1,20.000000,76,493.031879,431.939158,-3.175788,-3.861913
1,1,1,20.000000,77,83.856353,339.914815,3.192577,-3.848045
1,1,1,20.000000,78,14.570854,44.620581,3.268108,-3.784108
1,1,1,20.000000,79,317.824112,412.917557,-3.644524,-3.423075
1,1,1,20.000000,80,481.321008,284.081444,1.502560,4.768890
1,1,1,20.000000,81,468.100750,265.904251,3.483015,-3.587284
1,1,1,20.000000,82,274.594466,476.763967,4.284580,-2.577280
1,1,1,20.000000,83,182.803695,431.771929,3.619447,3.449581
1,1,1,20.000000,84,364.942834,304.366881,-0.880079,4.921937
1,1,1,20.000000,85,137.949611,51.914762,-2.704754,-4.205271
1,1,1,20.000000,86,79.732458,402.624049,-4.366766,-2.435436
1,1,1,20.000000,87,480.987733,179.461540,-2.783252,4.153734
1,1,1,20.000000,88,157.428326,285.964626,4.828005,-1.300141
1,1,1,20.000000,89,318.784582,437.012237,4.603483,-1.951396
1,1,1,20.000000,90,199.707764,103.265797,-4.529641,-2.117157
1,1,1,20.000000,91,214.001702,180.969202,-4.924237,-0.867114
1,1,1,20.000000,92,243.965245,346.691134,0.261912,-4.993136
1,1,1,20.000000,93,196.034036,185.088307,-4.661674,1.807981
1,1,1,20.000000,94,85.280078,104.849934,3.639579,-3.428333
1,1,1,20.000000,95,196.863470,130.768623,-2.353476,4.411479
1,1,1,20.000000,96,146.348651,476.988496,-4.893132,-1.028232
1,1,1,20.000000,97,2.361309,268.690297,0.227049,4.994842
1,1,1,20.000000,98,139.172042,314.197330,-4.341702,2.479843
1,1,1,20.000000,99,476.769770,170.710016,-4.011797,-2.984205
1,1,1,20.000000,100,167.410678,17.367420,-2.489078,-4.336414
1,1,1,20.000000,101,415.544497,25.037835,-4.773133,-1.489026
1,1,1,20.000000,102,142.377938,185.119516,-4.962012,0.615174
1,1,1,20.000000,103,372.099212,400.361287,-2.104800,-4.535396
1,1,1,20.000000,104,196.126953,271.147071,-0.692751,-4.951777
1,1,1,20.000000,105,48.042554,206.823791,-4.068762,2.906058
1,1,1,20.000000,106,295.480787,449.167874,4.728164,-1.626181
1,1,1,20.000000,107,242.008843,477.468680,4.993660,0.251723
1,1,1,20.000000,108,217.117039,44.949838,-3.107449,3.917111
1,1,1,20.000000,109,459.444012,105.002024,2.305977,4.436493
1,1,1,20.000000,110,193.016401,71.017280,4.857399,-1.185613
1,1,1,20.000000,111,161.581668,192.057122,-4.001560,-2.997918
1,1,1,20.000000,112,241.609604,4.932390,-3.851092,-3.188901
1,1,1,20.000000,113,126.081171,284.854847,4.343459,2.476765
1,1,1,20.000000,114,445.391115,72.186657,4.967646,-0.567888
1,1,1,20.000000,115,22.211695,474.136947,1.112527,-4.874657
1,1,1,20.000000,116,35.243815,272.666483,4.168693,2.760796
1,1,1,20.000000,117,97.154006,109.329806,2.565818,-4.291454
1,1,1,20.000000,118,18.323962,238.520972,4.038787,2.947575
1,1,1,20.000000,119,320.146639,264.956466,4.901008,0.990011
1,1,1,20.000000,120,468.195797,404.096472,4.394960,2.384182
1,1,1,20.000000,121,492.829444,418.843450,-2.310062,-4.434367
1,1,1,20.000000,122,267.828852,387.243331,0.844542,4.928159
1,1,1,20.000000,123,359.705124,387.743473,-2.953390,4.034537
1,1,1,20.000000,124,454.443711,156.976655,4.673947,-1.776013
1,1,1,20.000000,125,358.332552,193.435912,3.681433,3.383349
1,1,1,20.000000,126,58.679259,244.890597,0.874552,4.922922
1,1,1,20.000000,127,332.189250,249.208335,-3.863165,-3.174264
1,1,1,20.000000,128,454.868654,138.947650,-0.919006,-4.914817
1,1,1,20.000000,129,378.058478,384.371871,0.346353,-4.987990
1,1,1,20.000000,130,299.419065,390.530942,0.450107,4.979699
1,1,1,20.000000,131,31.549215,244.658423,4.336763,2.488472
1,1,1,20.000000,132,385.830811,429.870170,-4.902971,-0.980241
1,1,1,20.000000,133,44.202370,158.698896,1.473596,4.777920
1,1,1,20.000000,134,407.108781,286.531601,3.541966,3.529090
1,1,1,20.000000,135,447.225805,130.587581,-0.966119,4.905774
1,1,1,20.000000,136,186.867101,478.869142,-2.008152,4.579009
1,1,1,20.000000,137,406.268874,463.288542,-0.305865,-4.990636
1,1,1,20.000000,138,29.169063,213.961729,-2.186400,-4.496627
1,1,1,20.000000,139,173.818158,110.853595,-4.052990,-2.928015
1,1,1,20.000000,140,253.882623,348.961340,1.047108,-4.889127
1,1,1,20.000000,141,476.612373,417.081809,4.536180,-2.103111
1,1,1,20.000000,142,394.814109,421.954116,-2.233520,4.473409
1,1,1,20.000000,143,398.782501,384.846208,-4.997878,0.145649
1,1,1,20.000000,144,421.455021,466.581934,4.946101,-0.732178
1,1,1,20.000000,145,61.784072,163.649638,-4.566542,2.036343
1,1,1,20.000000,146,197.424284,311.805606,-4.663217,1.803997
1,1,1,20.000000,147,150.008557,319.323937,4.836107,-1.269672
1,1,1,20.000000,148,299.499401,248.738690,-2.655065,-4.236819
1,1,1,20.000000,149,469.138694,422.227932,-2.681063,4.220415
1,1,1,21.000000,0,157.305470,145.883621,-0.710990,-4.949191
1,1,1,21.000000,1,93.190939,40.131051,-3.628926,-3.439607
1,1,1,21.000000,2,224.521857,377.251574,-3.003287,-3.997533
1,1,1,21.000000,3,182.780826,361.502634,4.677782,-1.765887
1,1,1,21.000000,4,466.857106,481.417353,-0.458794,4.978906
1,1,1,21.000000,5,306.487158,307.511488,4.278708,2.587017
1,1,1,21.000000,6,89.312260,235.979521,4.990652,0.305608
1,1,1,21.000000,7,17.073755,446.814894,-3.113164,3.912571
1,1,1,21.000000,8,97.717274,322.704894,0.800074,-4.935573
1,1,1,21.000000,9,61.149057,399.583509,4.748170,1.566806
1,1,1,21.000000,10,315.717873,424.206801,-0.101970,-4.998960
1,1,1,21.000000,11,77.796916,55.683913,4.399243,-2.376271
1,1,1,21.000000,12,389.048232,428.036650,4.414398,2.347997
1,1,1,21.000000,13,232.029766,483.976381,4.999867,-0.036408
1,1,1,21.000000,14,167.147323,246.475929,-4.999805,-0.044193
1,1,1,21.000000,15,256.456250,399.136649,-4.591360,1.979751
1,1,1,21.000000,16,1.292331,191.524579,4.895912,-1.014911
1,1,1,21.000000,17,262.941021,489.033258,-4.304515,2.543845
1,1,1,21.000000,18,432.993960,360.585961,-0.535921,4.971196
1,1,1,21.000000,19,398.030621,8.762006,0.268482,4.992787
1,1,1,21.000000,20,208.128586,227.801318,4.964409,0.595520
1,1,1,21.000000,21,367.722964,81.833832,0.237577,-4.994353
1,1,1,21.000000,22,338.257731,121.036851,2.566920,-4.290795
1,1,1,21.000000,23,397.225379,463.296610,-4.954288,-0.674557
1,1,1,21.000000,24,463.192181,42.363543,4.296385,2.557552
1,1,1,21.000000,25,31.395297,279.073258,1.268444,-4.836429
1,1,1,21.000000,26,355.321727,403.750538,4.252407,2.630025
1,1,1,21.000000,27,35.574334,256.916580,0.922956,4.914077
1,1,1,21.000000,28,424.672926,435.292578,1.755163,-4.681816
1,1,1,21.000000,29,59.714400,270.114058,4.314674,2.526577
1,1,1,21.000000,30,84.367330,449.431990,3.467481,3.602302
1,1,1,21.000000,31,160.436104,67.133797,-3.581293,3.489175
1,1,1,21.000000,32,7.795837,76.315032,-1.631399,4.726366
1,1,1,21.000000,33,384.530609,362.036832,4.794953,1.417190
1,1,1,21.000000,34,476.531589,155.082618,-0.063369,4.999598
1,1,1,21.000000,35,291.059241,379.531332,-4.215579,2.688660
1,1,1,21.000000,36,261.984368,228.313000,4.349610,-2.465947
1,1,1,21.000000,37,128.041499,279.402017,0.574861,-4.966844
1,1,1,21.000000,38,352.475797,142.637619,3.673077,3.392419
1,1,1,21.000000,39,301.277882,330.052539,4.140473,-2.802942
1,1,1,21.000000,40,310.872325,249.492409,2.002555,-4.581460
1,1,1,21.000000,41,315.770364,101.629618,-4.986196,0.371285
1,1,1,21.000000,42,256.170786,183.666465,-1.260897,4.838403
1,1,1,21.000000,43,476.501420,349.508723,3.774767,3.278893
1,1,1,21.000000,44,379.211627,179.633035,-0.816418,4.932896
1,1,1,21.000000,45,381.320752,201.435250,-3.727309,-3.332742
1,1,1,21.000000,46,333.105460,234.734241,-4.471559,2.237221
1,1,1,21.000000,47,131.512003,470.901151,-4.394066,2.385831
1,1,1,21.000000,48,407.849054,398.840626,2.081595,-4.546093
1,1,1,21.000000,49,280.311485,352.719599,4.585964,1.992218
1,1,1,21.000000,50,484.520265,144.129967,3.371936,-3.691889
1,1,1,21.000000,51,457.355082,76.639317,-4.773287,-1.488533
1,1,1,21.000000,52,206.374326,225.113866,-4.788821,1.437774
1,1,1,21.000000,53,427.069416,24.103644,0.057666,4.999667
1,1,1,21.000000,54,449.754048,369.137551,4.189305,-2.729418
1,1,1,21.000000,55,96.802139,379.635889,4.637214,-1.869825
1,1,1,21.000000,56,440.578803,26.232977,-2.784813,4.152688
1,1,1,21.000000,57,272.349673,301.731460,-4.703552,1.696054
1,1,1,21.000000,58,194.942273,121.441659,3.004242,-3.996815
1,1,1,21.000000,59,16.222766,96.080001,3.977444,-3.029842
1,1,1,21.000000,60,353.445368,185.650928,-0.741236,-4.944752
1,1,1,21.000000,61,277.973302,409.470743,-4.782865,-1.457465
1,1,1,21.000000,62,329.359844,128.274525,-1.572782,-4.746194
1,1,1,21.000000,63,482.159398,19.808268,3.681160,-3.383646
1,1,1,21.000000,64,109.623076,36.761558,4.822330,1.321036
1,1,1,21.000000,65,312.366543,463.510479,-3.242336,-3.806213
1,1,1,21.000000,66,376.035702,94.074440,2.784147,4.153135
1,1,1,21.000000,67,280.413259,164.565407,-3.325957,-3.733365
1,1,1,21.000000,68,406.812563,326.872609,-3.517526,3.553450
1,1,1,21.000000,69,51.322958,267.155473,-0.938474,4.911137
1,1,1,21.000000,70,384.985400,345.724000,3.443564,-3.625171
1,1,1,21.000000,71,306.639746,45.439288,3.745986,3.311735
1,1,1,21.000000,72,382.116312,290.026604,-2.634092,4.249889
1,1,1,21.000000,73,410.495193,209.136427,2.636451,4.248426
1,1,1,21.000000,74,268.985203,201.847814,1.411614,-4.796597
1,1,1,21.000000,75,386.262852,12.006383,-2.609262,4.265179
1,1,1,21.000000,76,488.034122,431.789403,-4.997757,-0.149755
1,1,1,21.000000,77,87.048931,336.066770,1.821390,-4.656451
1,1,1,21.000000,78,19.441939,43.492517,4.871085,-1.128063
1,1,1,21.000000,79,314.179588,409.494482,0.993744,-4.900252
1,1,1,21.000000,80,482.823568,288.850334,-0.623791,-4.960936
1,1,1,21.000000,81,471.583765,262.316967,4.265489,-2.608754
1,1,1,21.000000,82,278.879046,474.186687,-4.020924,-2.971897
1,1,1,21.000000,83,186.423142,435.221509,-3.496621,3.574023
1,1,1,21.000000,84,364.062756,309.288818,-2.705747,4.204632
1,1,1,21.000000,85,135.244857,47.709491,-4.727907,-1.626927
1,1,1,21.000000,86,75.365692,400.188612,-2.938891,-4.045111
1,1,1,21.000000,87,478.204481,183.615274,-1.228002,-4.846856
1,1,1,21.000000,88,162.256331,284.664485,2.724244,4.192671
1,1,1,21.000000,89,323.388065,435.060841,-4.120738,2.831876
1,1,1,21.000000,90,195.178123,101.148640,-1.467515,-4.779791
1,1,1,21.000000,91,209.077464,180.102089,-4.984930,0.387911
1,1,1,21.000000,92,244.227157,341.697999,-1.751487,-4.683193
1,1,1,21.000000,93,191.372362,186.896288,-4.876707,-1.103509
1,1,1,21.000000,94,88.919657,101.421602,-2.527946,-4.313872
1,1,1,21.000000,95,194.509994,135.180102,4.803708,1.387222
1,1,1,21.000000,96,141.455519,475.960265,-0.791404,4.936971
1,1,1,21.000000,97,2.588358,273.685139,-4.586060,1.991998
1,1,1,21.000000,98,134.830340,316.677173,-4.999681,0.056500
1,1,1,21.000000,99,472.757973,167.725810,-3.387863,-3.677280
1,1,1,21.000000,100,169.655203,12.899523,2.244525,-4.467897
1,1,1,21.000000,101,410.595486,24.325594,-4.949011,-0.712241
1,1,1,21.000000,102,137.415927,185.734691,3.233713,3.813541
1,1,1,21.000000,103,369.994412,395.825891,0.151138,-4.997715
1,1,1,21.000000,104,195.434202,266.195294,-3.715202,-3.346232
1,1,1,21.000000,105,43.973792,209.729849,3.783395,-3.268933
1,1,1,21.000000,106,300.208951,447.541693,-3.914579,3.110639
1,1,1,21.000000,107,247.002502,477.720403,-4.702843,1.698020
1,1,1,21.000000,108,214.009590,48.866949,-4.721073,1.646654
1,1,1,21.000000,109,461.749989,109.438517,4.665543,-1.797973
1,1,1,21.000000,110,197.873800,69.831666,3.785806,-3.266140
1,1,1,21.000000,111,157.580108,189.059204,-4.657120,1.819679
1,1,1,21.000000,112,237.758511,1.743490,4.998405,0.126272
1,1,1,21.000000,113,130.424630,287.331612,-3.838593,-3.203935
1,1,1,21.000000,114,450.358761,71.618769,-0.187947,4.996466
1,1,1,21.000000,115,18.800048,477.792172,-3.411646,3.655225
1,1,1,21.000000,116,39.412508,275.427279,-0.525077,-4.972353
1,1,1,21.000000,117,99.719824,105.038352,0.089865,4.999192
1,1,1,21.000000,118,22.362749,241.468547,0.427730,4.981671
1,1,1,21.000000,119,325.047647,265.946476,-1.627898,4.727573
1,1,1,21.000000,120,472.590758,406.480654,3.929123,3.092247
1,1,1,21.000000,121,497.788231,419.484106,4.958786,0.640656
1,1,1,21.000000,122,268.673395,392.171489,3.154166,-3.879592
1,1,1,21.000000,123,356.751733,391.778010,0.146771,-4.997845
1,1,1,21.000000,124,459.117658,155.200641,4.672525,-1.779751
1,1,1,21.000000,125,362.013986,196.819261,0.018779,-4.999965
1,1,1,21.000000,126,59.553810,249.813519,-4.903459,0.977800
1,1,1,21.000000,127,328.326085,246.034071,-4.273993,-2.594799
1,1,1,21.000000,128,453.949648,134.032833,-1.467102,-4.779918
1,1,1,21.000000,129,378.404832,379.383882,-1.133903,-4.869729
1,1,1,21.000000,130,299.869172,395.510641,-3.827998,-3.216587
1,1,1,21.000000,131,35.885978,247.146895,-3.925327,3.097064
1,1,1,21.000000,132,380.927839,428.889928,0.800633,-4.935482
1,1,1,21.000000,133,45.675966,163.476815,-3.991869,-3.010810
1,1,1,21.000000,134,410.650748,290.060691,-2.292479,-4.443483
1,1,1,21.000000,135,446.259686,135.493354,-4.412944,-2.350729
1,1,1,21.000000,136,184.858949,483.448152,4.948126,-0.718366
1,1,1,21.000000,137,405.963008,458.297906,-4.949833,0.706507
1,1,1,21.000000,138,26.982663,209.465102,0.866521,-4.924342
1,1,1,21.000000,139,169.765167,107.925580,2.506921,-4.326124
1,1,1,21.000000,140,254.929731,344.072212,-1.529330,4.760373
1,1,1,21.000000,141,481.148552,414.978698,3.577944,-3.492609
1,1,1,21.000000,142,392.580589,426.427525,3.677202,-3.387947
1,1,1,21.000000,143,393.784623,384.991857,4.285423,2.575878
1,1,1,21.000000,144,426.401123,465.849756,-2.959549,4.030021
1,1,1,21.000000,145,57.217530,165.685981,-3.756349,3.299976
1,1,1,21.000000,146,192.761067,313.609603,1.932045,-4.611638
1,1,1,21.000000,147,154.844664,318.054265,-0.515893,-4.973314
1,1,1,21.000000,148,296.844337,244.501871,-2.876420,4.089769
1,1,1,21.000000,149,466.457632,426.448347,3.515809,3.555149
1,1,1,22.000000,0,156.594480,140.934430,-4.869288,-1.135798
1,1,1,22.000000,1,89.562013,36.691445,4.373160,2.423936
1,1,1,22.000000,2,221.518571,373.254041,-4.958322,0.644237
1,1,1,22.000000,3,187.458608,359.736747,-4.562904,2.044481
1,1,1,22.000000,4,466.398311,486.396259,-4.810983,1.361780
1,1,1,22.000000,5,310.765866,310.098506,4.558432,2.054435
1,1,1,22.000000,6,94.302911,236.285130,-2.081377,4.546193
1,1,1,22.000000,7,17.821056,451.758732,0.747301,4.943839
1,1,1,22.000000,8,98.517348,317.769321,2.850807,4.107663
1,1,1,22.000000,9,65.897227,401.150316,-1.964858,-4.597753
1,1,1,22.000000,10,315.615903,419.207841,4.910524,0.941678
1,1,1,22.000000,11,82.196158,53.307642,4.524370,2.128397
1,1,1,22.000000,12,393.462629,430.384647,-3.934900,-3.084893
1,1,1,22.000000,13,237.029633,483.939973,4.914492,-0.920745
1,1,1,22.000000,14,162.147518,246.431736,-2.255284,4.462476
1,1,1,22.000000,15,251.864890,401.116401,3.156982,-3.877301
1,1,1,22.000000,16,1.096784,196.520754,-0.195546,4.996175
1,1,1,22.000000,17,258.636506,491.577103,1.214533,4.850248
1,1,1,22.000000,18,432.458039,365.557157,-4.892885,1.029404
1,1,1,22.000000,19,398.299103,13.754793,-0.684308,-4.952951
1,1,1,22.000000,20,213.092995,228.396838,4.351045,-2.463414
1,1,1,22.000000,21,367.960542,76.839479,1.876024,-4.634710
1,1,1,22.000000,22,340.824652,116.746056,4.255327,2.625298
1,1,1,22.000000,23,392.271091,462.622053,-0.907685,-4.916921
1,1,1,22.000000,24,467.488567,44.921095,0.562491,4.968260
1,1,1,22.000000,25,32.663741,274.236829,4.697186,-1.713606
1,1,1,22.000000,26,359.574135,406.380563,4.655114,1.824806
1,1,1,22.000000,27,36.497290,261.830657,3.780347,3.272458
1,1,1,22.000000,28,426.428090,430.610762,3.365424,3.697827
1,1,1,22.000000,29,64.029074,272.640635,-4.166318,2.764380
1,1,1,22.000000,30,87.834811,453.034292,-0.647730,-4.957867
1,1,1,22.000000,31,156.854811,70.622971,-3.278942,3.774724
1,1,1,22.000000,32,6.164439,81.041398,-2.778305,-4.157045
1,1,1,22.000000,33,389.325562,363.454022,-4.671790,1.781678
1,1,1,22.000000,34,476.468220,160.082216,4.480049,-2.220172
1,1,1,22.000000,35,286.843662,382.219992,-4.445047,-2.289445
1,1,1,22.000000,36,266.333977,225.847052,2.545704,-4.303416
1,1,1,22.000000,37,128.616360,274.435174,0.058791,-4.999654
1,1,1,22.000000,38,356.148873,146.030038,0.041392,4.999829
1,1,1,22.000000,39,305.418356,327.249597,-3.981601,-3.024376
1,1,1,22.000000,40,312.874880,244.910949,4.944400,0.743580
1,1,1,22.000000,41,310.784168,102.000903,4.159250,-2.775003
1,1,1,22.000000,42,254.909889,188.504867,4.911811,-0.934942
1,1,1,22.000000,43,480.276187,352.787615,0.459709,4.978822
1,1,1,22.000000,44,378.395209,184.565931,4.716532,1.659617
1,1,1,22.000000,45,377.593443,198.102509,-4.979647,-0.450680
1,1,1,22.000000,46,328.633901,236.971462,0.344155,-4.988142
1,1,1,22.000000,47,127.117938,473.286981,-3.327217,-3.732242
1,1,1,22.000000,48,409.930649,394.294533,4.738318,1.596354
1,1,1,22.000000,49,284.897449,354.711817,1.985654,4.588810
1,1,1,22.000000,50,487.892201,140.438078,2.957485,4.031536
1,1,1,22.000000,51,452.581795,75.150784,4.712577,-1.670815
1,1,1,22.000000,52,201.585505,226.551640,2.841221,4.114300
1,1,1,22.000000,53,427.127082,29.103312,-0.302326,-4.990852
1,1,1,22.000000,54,453.943353,366.408133,0.326850,4.989305
1,1,1,22.000000,55,101.439353,377.766064,-2.336041,4.420737
1,1,1,22.000000,56,437.793990,30.385665,-0.079310,4.999371
1,1,1,22.000000,57,267.646121,303.427515,-4.915014,0.917953
1,1,1,22.000000,58,197.946515,117.444843,4.832092,-1.284867
1,1,1,22.000000,59,20.200210,93.050159,-0.960816,4.906815
1,1,1,22.000000,60,352.704132,180.706176,1.501691,-4.769164
1,1,1,22.000000,61,273.190438,408.013278,3.120796,-3.906486
1,1,1,22.000000,62,327.787062,123.528331,1.103489,4.876711
1,1,1,22.000000,63,477.763711,22.191109,-4.395688,2.382841
1,1,1,22.000000,64,108.374693,31.919912,-1.248383,-4.841646
1,1,1,22.000000,65,309.124207,459.704266,-3.497524,3.573140
1,1,1,22.000000,66,378.819849,98.227575,-4.973403,-0.515033
1,1,1,22.000000,67,277.087303,160.832042,2.322467,-4.427883
1,1,1,22.000000,68,403.295037,330.426059,-1.236894,4.844594
1,1,1,22.000000,69,50.384484,272.066610,4.985121,0.385440
1,1,1,22.000000,70,388.428964,342.098829,3.950916,-3.064354
1,1,1,22.000000,71,310.385733,48.751022,-0.013392,-4.999982
1,1,1,22.000000,72,379.482220,294.276493,-2.146573,4.515775
1,1,1,22.000000,73,413.131644,213.384853,2.916821,-4.061053
1,1,1,22.000000,74,270.396817,197.051216,-0.285791,-4.991826
1,1,1,22.000000,75,383.653590,16.271562,-1.941212,-4.607787
1,1,1,22.000000,76,491.945444,434.904136,3.911321,3.114733
1,1,1,22.000000,77,88.870321,331.410319,3.121514,-3.905912
1,1,1,22.000000,78,19.509778,48.492057,0.067839,4.999540
1,1,1,22.000000,79,315.173332,404.594230,1.397702,4.800670
1,1,1,22.000000,80,482.199777,283.889398,-0.438480,-4.980736
1,1,1,22.000000,81,475.849254,259.708213,-1.323069,4.821772
1,1,1,22.000000,82,274.858122,471.214791,0.799117,-4.935728
1,1,1,22.000000,83,182.926521,438.795533,-1.384724,-4.804429
1,1,1,22.000000,84,361.357008,313.493450,4.118012,2.835837
1,1,1,22.000000,85,130.516950,46.082564,0.060703,-4.999631
1,1,1,22.000000,86,72.426801,396.143501,-3.433168,-3.635019
1,1,1,22.000000,87,476.976479,178.768418,-3.048055,3.963503
1,1,1,22.000000,88,164.980575,288.857157,-2.305167,4.436914
1,1,1,22.000000,89,319.267327,437.892718,-3.904300,-3.123531
1,1,1,22.000000,90,193.710609,96.368849,-2.135337,-4.521099
1,1,1,22.000000,91,204.092534,180.489999,-2.232570,4.473883
1,1,1,22.000000,92,242.475670,337.014806,-4.599076,-1.961760
1,1,1,22.000000,93,186.495656,185.792779,-4.927833,-0.846442
1,1,1,22.000000,94,86.391711,97.107730,-4.997566,0.155993
1,1,1,22.000000,95,199.313702,136.567325,4.990237,-0.312301
1,1,1,22.000000,96,140.664115,480.897235,3.256168,-3.794387
1,1,1,22.000000,97,1.997702,275.677137,4.586060,1.991998
1,1,1,22.000000,98,129.830659,316.733673,-1.142548,4.867708
1,1,1,22.000000,99,469.370110,164.048530,-3.598434,3.471495
1,1,1,22.000000,100,167.231619,17.272878,-2.423584,4.373356
1,1,1,22.000000,101,414.726251,27.142823,4.130765,2.817229
1,1,1,22.000000,102,140.649640,189.548232,1.108791,-4.875509
1,1,1,22.000000,103,370.145551,390.828175,4.796772,-1.411019
1,1,1,22.000000,104,191.719000,262.849062,-1.944678,4.606325
1,1,1,22.000000,105,47.757187,206.460916,4.132334,-2.814927
1,1,1,22.000000,106,296.294373,450.652332,2.476031,4.343877
1,1,1,22.000000,107,242.299659,479.418423,0.840723,4.928812
1,1,1,22.000000,108,209.288517,50.513603,4.985546,-0.379903
1,1,1,22.000000,109,466.415532,107.640544,-2.479166,4.342089
1,1,1,22.000000,110,201.659606,66.565526,-3.288738,-3.766192
1,1,1,22.000000,111,152.922988,190.878883,4.683763,-1.749961
1,1,1,22.000000,112,242.756917,1.869761,2.609202,-4.265216
1,1,1,22.000000,113,126.586037,284.127676,3.367707,3.695747
1,1,1,22.000000,114,450.170814,76.615235,-3.720779,-3.340030
1,1,1,22.000000,115,23.265891,475.543561,4.465843,-2.248611
1,1,1,22.000000,116,38.887431,270.454926,4.214737,2.689979
1,1,1,22.000000,117,99.809689,110.037545,4.166912,-2.763484
1,1,1,22.000000,118,22.790479,246.450218,4.873529,-1.117457
1,1,1,22.000000,119,323.419749,270.674050,1.301864,-4.827541
1,1,1,22.000000,120,476.519881,409.572900,-2.678415,-4.222096
1,1,1,22.000000,121,498.270255,414.507395,0.482025,-4.976711
1,1,1,22.000000,122,271.827561,388.291897,3.059428,-3.954731
1,1,1,22.000000,123,356.898505,386.780165,-2.870112,4.094198
1,1,1,22.000000,124,463.790183,153.420891,2.518804,4.319216
1,1,1,22.000000,125,362.032764,191.819296,4.938903,-0.779252
1,1,1,22.000000,126,54.650352,250.791319,0.491442,-4.975790
1,1,1,22.000000,127,324.052092,243.439272,4.492188,-2.195507
1,1,1,22.000000,128,452.482546,129.252915,-4.453157,2.273631
1,1,1,22.000000,129,377.270928,374.514152,4.591864,-1.978583
1,1,1,22.000000,130,296.041174,392.294054,4.489229,2.201551
1,1,1,22.000000,131,31.960651,250.243959,4.696440,1.715648
1,1,1,22.000000,132,381.728472,423.954446,-4.486854,2.206386
1,1,1,22.000000,133,41.684097,160.466005,-2.344613,-4.416196
1,1,1,22.000000,134,408.358269,285.617208,-4.943185,-0.751614
1,1,1,22.000000,135,441.846742,133.142626,-3.959585,3.053143
1,1,1,22.000000,136,189.807075,482.729786,-4.217556,-2.685557
1,1,1,22.000000,137,401.013175,459.004413,-4.626040,1.897302
1,1,1,22.000000,138,27.849183,204.540760,3.724597,3.335773
1,1,1,22.000000,139,172.272089,103.599457,1.379541,4.805920
1,1,1,22.000000,140,253.400401,348.832585,-4.942218,-0.757948
1,1,1,22.000000,141,484.726497,411.486090,-4.997282,0.164852
1,1,1,22.000000,142,396.257792,423.039578,2.615885,4.261120
1,1,1,22.000000,143,398.070046,387.567735,1.399918,-4.800024
1,1,1,22.000000,144,423.441574,469.879777,1.938282,-4.609020
1,1,1,22.000000,145,53.461182,168.985958,4.680992,1.757360
1,1,1,22.000000,146,194.693112,308.997965,-3.988913,3.014726
1,1,1,22.000000,147,154.328771,313.080951,2.551752,4.299833
1,1,1,22.000000,148,293.967917,248.591640,4.426633,2.324849
1,1,1,22.000000,149,469.973441,430.003496,1.087088,4.880393
1,1,1,23.000000,0,151.725192,139.798632,-1.970793,4.595212
1,1,1,23.000000,1,93.935173,39.115381,1.920446,4.616480
1,1,1,23.000000,2,216.560249,373.898279,0.740574,-4.944851
1,1,1,23.000000,3,182.895703,361.781228,3.329450,-3.730250
1,1,1,23.000000,4,461.587329,487.758039,4.939799,-0.773552
1,1,1,23.000000,5,315.324297,312.152940,3.484009,-3.586319
1,1,1,23.000000,6,92.221534,240.831323,-3.273003,-3.779875
1,1,1,23.000000,7,21.725872,448.635847,3.904816,-3.122885
1,1,1,23.000000,8,101.368155,321.876984,-4.204682,2.705670
1,1,1,23.000000,9,63.932368,396.552563,-4.547696,-2.078091
1,1,1,23.000000,10,320.526426,420.149519,-0.197563,-4.996095
1,1,1,23.000000,11,86.720529,55.436039,1.654921,4.718181
1,1,1,23.000000,12,389.527730,427.299754,-0.565277,-4.967943
1,1,1,23.000000,13,241.944125,483.019228,-2.525765,-4.315149
1,1,1,23.000000,14,159.892234,250.894212,4.166858,2.763565
1,1,1,23.000000,15,255.021872,397.239100,-4.697101,1.713838
1,1,1,23.000000,16,5.258786,199.291628,4.162001,2.770875
1,1,1,23.000000,17,259.851039,496.427352,-3.269766,-3.782675
1,1,1,23.000000,18,427.565154,366.586561,-2.093195,4.540764
1,1,1,23.000000,19,397.614795,8.801842,-0.760498,4.941826
1,1,1,23.000000,20,217.444040,225.933424,2.754747,-4.172693
1,1,1,23.000000,21,369.836565,72.204769,-4.761122,-1.526997
1,1,1,23.000000,22,345.079979,119.371354,-3.311983,-3.745767
1,1,1,23.000000,23,391.363406,457.705133,-4.169457,2.759643
1,1,1,23.000000,24,468.051058,49.889355,-0.877578,4.922383
1,1,1,23.000000,25,37.360927,272.523222,-4.255214,-2.625482
1,1,1,23.000000,26,364.229248,408.205369,4.975586,0.493506
1,1,1,23.000000,27,40.277637,265.103115,-2.993329,4.004995
1,1,1,23.000000,28,429.793513,434.308589,1.850349,-4.645020
1,1,1,23.000000,29,59.862756,275.405015,-2.626845,-4.254372
1,1,1,23.000000,30,87.187081,448.076425,1.370205,4.808590
1,1,1,23.000000,31,153.575869,74.397695,0.458936,-4.978893
1,1,1,23.000000,32,3.386134,76.884353,-4.490328,2.199308
1,1,1,23.000000,33,384.653772,365.235700,-4.668474,1.790350
1,1,1,23.000000,34,480.948268,157.862044,2.847411,4.110019
1,1,1,23.000000,35,282.398615,379.930547,-3.929567,-3.091684
1,1,1,23.000000,36,268.879681,221.543636,4.452228,-2.275449
1,1,1,23.000000,37,128.675151,269.435519,-4.694055,-1.722164
1,1,1,23.000000,38,356.190266,151.029866,4.849483,-1.217587
1,1,1,23.000000,39,301.436754,324.225221,4.092544,-2.872470
1,1,1,23.000000,40,317.819279,245.654529,-4.854696,1.196630
1,1,1,23.000000,41,314.943418,99.225900,4.879638,1.090476
1,1,1,23.000000,42,259.821700,187.569926,3.803267,3.245791
1,1,1,23.000000,43,480.735896,357.766437,-3.132991,3.896712
1,1,1,23.000000,44,383.111741,186.225548,4.242583,2.645843
1,1,1,23.000000,45,372.613795,197.651829,-2.843198,-4.112934
1,1,1,23.000000,46,328.978056,231.983320,-4.296515,2.557334
1,1,1,23.000000,47,123.790721,469.554739,4.588553,-1.986247
1,1,1,23.000000,48,414.668966,395.890888,-2.756475,-4.171552
1,1,1,23.000000,49,286.883103,359.300627,4.805786,1.380006
1,1,1,23.000000,50,490.849686,144.469614,3.779375,-3.273579
1,1,1,23.000000,51,457.294371,73.479969,2.499903,4.330183
1,1,1,23.000000,52,204.426727,230.665939,-1.551603,4.753160
1,1,1,23.000000,53,426.824756,24.112460,-2.147407,-4.515379
1,1,1,23.000000,54,454.270203,371.397438,4.234177,-2.659276
1,1,1,23.000000,55,99.103312,382.186800,4.840060,-1.254518
1,1,1,23.000000,56,437.714681,35.385036,-4.486659,-2.206783
1,1,1,23.000000,57,262.731107,304.345468,-4.952847,-0.685062
1,1,1,23.000000,58,202.778608,116.159977,2.794133,-4.146423
1,1,1,23.000000,59,19.239394,97.956974,3.177435,-3.860558
1,1,1,23.000000,60,354.205823,175.937012,-4.980711,0.438769
1,1,1,23.000000,61,276.311234,404.106792,-4.598571,1.962942
1,1,1,23.000000,62,328.890551,128.405042,-1.241718,4.843360
1,1,1,23.000000,63,479.238157,17.413452,1.474446,-4.777657
1,1,1,23.000000,64,110.917321,27.614677,2.542628,-4.305235
1,1,1,23.000000,65,305.626683,463.277406,-0.660819,-4.956139
1,1,1,23.000000,66,373.846445,97.712542,-4.959150,0.637832
1,1,1,23.000000,67,279.409770,156.404160,4.929048,-0.839334
1,1,1,23.000000,68,402.058142,335.270654,4.376716,2.417510
1,1,1,23.000000,69,55.369606,272.452050,1.215925,4.849900
1,1,1,23.000000,70,392.379880,339.034475,4.970774,-0.539820
1,1,1,23.000000,71,310.372341,43.751040,4.996484,0.187470
1,1,1,23.000000,72,377.335647,298.792268,3.101286,-3.921993
1,1,1,23.000000,73,416.048465,209.323800,4.860140,1.174326
1,1,1,23.000000,74,270.111026,192.059391,-0.258531,-4.993312
1,1,1,23.000000,75,381.712379,11.663775,-4.971704,-0.531190
1,1,1,23.000000,76,489.978365,439.500940,-1.967079,4.596803
1,1,1,23.000000,77,91.991836,327.504407,-0.117808,-4.998612
1,1,1,23.000000,78,16.235078,44.713653,-3.274700,-3.778404
1,1,1,23.000000,79,316.571034,409.394900,4.982063,0.423147
1,1,1,23.000000,80,481.761297,278.908662,-3.390639,-3.674720
1,1,1,23.000000,81,474.526185,264.529985,1.713174,-4.697344
1,1,1,23.000000,82,275.657239,466.279063,-0.688051,-4.952432
1,1,1,23.000000,83,181.541797,433.991103,1.684835,4.707582
1,1,1,23.000000,84,365.475021,316.329288,1.358241,4.811983
1,1,1,23.000000,85,130.577653,41.082932,4.026503,2.964333
1,1,1,23.000000,86,68.993634,392.508483,-4.847773,1.224376
1,1,1,23.000000,87,473.928424,182.731922,1.953074,-4.602771
1,1,1,23.000000,88,162.675408,293.294070,4.603564,-1.951204
1,1,1,23.000000,89,315.363027,434.769187,-1.370723,4.808442
1,1,1,23.000000,90,191.575272,91.847750,3.254515,-3.795804
1,1,1,23.000000,91,201.859964,184.963883,3.338958,-3.721741
1,1,1,23.000000,92,237.876595,335.053046,-4.855866,-1.191873
1,1,1,23.000000,93,181.567823,184.946337,-4.995515,-0.211737
1,1,1,23.000000,94,81.394145,97.263723,-4.463112,-2.254026
1,1,1,23.000000,95,204.303940,136.255024,-4.797117,-1.409846
1,1,1,23.000000,96,143.920283,477.102849,-2.990633,4.007008
1,1,1,23.000000,97,1.338987,271.953361,3.336689,-3.723776
1,1,1,23.000000,98,128.688111,321.601381,3.299957,3.756366
1,1,1,23.000000,99,465.771677,167.520025,-4.214213,2.690800
1,1,1,23.000000,100,162.246421,17.657318,-4.985199,0.384439
1,1,1,23.000000,101,410.340243,24.742212,-4.386008,-2.400611
1,1,1,23.000000,102,141.758431,184.672723,-1.683813,4.707948
1,1,1,23.000000,103,374.942323,389.417156,-0.753546,-4.942891
1,1,1,23.000000,104,189.774322,267.455387,-4.968654,-0.559001
1,1,1,23.000000,105,51.889521,203.645989,3.082405,-3.936849
1,1,1,23.000000,106,298.770404,454.996209,3.471094,3.598820
1,1,1,23.000000,107,243.140382,484.347234,4.106055,2.853123
1,1,1,23.000000,108,214.274064,50.133700,3.651637,-3.415486
1,1,1,23.000000,109,463.936366,111.982633,4.957677,-0.649181
1,1,1,23.000000,110,198.370868,62.799335,-0.923576,4.913960
1,1,1,23.000000,111,157.606751,189.128922,-3.701349,3.361550
1,1,1,23.000000,112,245.366118,2.395455,2.609202,4.265216
1,1,1,23.000000,113,129.953744,287.823424,4.897658,1.006452
1,1,1,23.000000,114,446.450035,73.275205,4.560626,2.049560
1,1,1,23.000000,115,24.940449,470.832314,1.674559,-4.711248
1,1,1,23.000000,116,43.102168,273.144905,4.468783,-2.242762
1,1,1,23.000000,117,103.976601,107.274061,3.130983,3.898326
1,1,1,23.000000,118,27.664008,245.332761,-4.993003,-0.264429
1,1,1,23.000000,119,324.721613,265.846509,-4.647391,1.844386
1,1,1,23.000000,120,473.841466,405.350805,-4.935385,0.801235
1,1,1,23.000000,121,496.909065,413.180350,-4.820680,-1.327045
1,1,1,23.000000,122,274.886989,384.337166,-4.895548,-1.016666
1,1,1,23.000000,123,354.028392,390.874362,-4.952329,-0.688791
1,1,1,23.000000,124,466.308986,157.740107,2.834585,4.118875
1,1,1,23.000000,125,366.971668,191.040044,3.630027,-3.438445
1,1,1,23.000000,126,55.141794,245.815529,3.228387,3.818052
1,1,1,23.000000,127,328.544280,241.243766,2.017982,4.574686
1,1,1,23.000000,128,448.029390,131.526546,3.305195,-3.751758
1,1,1,23.000000,129,381.862792,372.535570,3.360870,3.701966
1,1,1,23.000000,130,300.530402,394.495605,4.896484,1.012151
1,1,1,23.000000,131,36.657091,251.959608,-1.245059,-4.842502
1,1,1,23.000000,132,377.241618,426.160832,-4.991945,0.283694
1,1,1,23.000000,133,39.339484,156.049809,1.898516,-4.625542
1,1,1,23.000000,134,403.415084,284.865594,0.562852,-4.968219
1,1,1,23.000000,135,437.887156,136.195769,-4.478772,2.222746
1,1,1,23.000000,136,185.589518,480.044229,-4.044859,-2.939237
1,1,1,23.000000,137,396.387136,460.901716,3.193979,3.846881
1,1,1,23.000000,138,31.573780,207.876533,-4.999911,0.029821
1,1,1,23.000000,139,173.651630,108.405377,4.260570,-2.616781
1,1,1,23.000000,140,248.458184,348.074637,-1.080729,-4.881805
1,1,1,23.000000,141,479.729215,411.650942,-0.928833,-4.912969
1,1,1,23.000000,142,398.873677,427.300698,2.480248,4.341471
1,1,1,23.000000,143,399.469964,382.767711,1.300423,4.827929
1,1,1,23.000000,144,425.379856,465.270757,-4.550044,-2.072946
1,1,1,23.000000,145,58.142174,170.743318,-1.071039,-4.883941
1,1,1,23.000000,146,190.704198,312.012691,-1.827571,4.654029
1,1,1,23.000000,147,156.880523,317.380784,-2.884925,-4.083774
1,1,1,23.000000,148,298.394550,250.916489,4.568766,-2.031348
1,1,1,23.000000,149,471.060529,434.883889,0.192171,4.996306
1,1,1,24.000000,0,149.754399,144.393844,-1.844819,-4.647219
1,1,1,24.000000,1,95.855620,43.731861,4.987809,-0.348949
1,1,1,24.000000,2,217.300823,368.953428,-3.169930,3.866722
1,1,1,24.000000,3,186.225153,358.050978,-0.779244,4.938905
1,1,1,24.000000,4,466.527128,486.984487,4.545928,-2.081955
1,1,1,24.000000,5,318.808306,308.566622,1.403804,-4.798889
1,1,1,24.000000,6,88.948532,237.051448,-2.921600,-4.057617
1,1,1,24.000000,7,19.599984,453.161397,-2.125888,4.525550
1,1,1,24.000000,8,97.163473,324.582654,1.626891,4.727920
1,1,1,24.000000,9,59.384673,394.474471,2.599171,-4.271336
1,1,1,24.000000,10,320.328863,415.153423,4.888925,-1.048051
1,1,1,24.000000,11,88.375450,60.154220,2.346107,-4.415403
1,1,1,24.000000,12,388.962453,422.331811,0.774095,-4.939714
1,1,1,24.000000,13,239.418359,478.704079,4.094526,2.869644
1,1,1,24.000000,14,164.059092,253.657778,-0.315240,-4.990052
1,1,1,24.000000,15,250.324771,398.952937,2.081777,-4.546010
1,1,1,24.000000,16,5.278808,204.291588,0.020023,4.999960
1,1,1,24.000000,17,256.581273,492.644677,1.713699,4.697152
1,1,1,24.000000,18,425.471959,371.127325,4.811970,1.358286
1,1,1,24.000000,19,396.854296,13.743668,3.003281,-3.997537
1,1,1,24.000000,20,220.198788,221.760731,-4.066156,2.909703
1,1,1,24.000000,21,365.075443,70.677773,3.561940,3.508929
1,1,1,24.000000,22,341.767996,115.625587,4.584646,1.995249
1,1,1,24.000000,23,387.193949,460.464775,-1.108772,4.875513
1,1,1,24.000000,24,467.173481,54.811738,-3.377671,3.686643
1,1,1,24.000000,25,33.105714,269.897740,-4.627285,1.894264
1,1,1,24.000000,26,369.204834,408.698875,3.256183,3.794374
1,1,1,24.000000,27,37.284308,269.108110,4.104320,-2.855619
1,1,1,24.000000,28,431.643862,429.663569,-4.708135,1.683291
1,1,1,24.000000,29,57.235911,271.150643,-3.113107,3.912616
1,1,1,24.000000,30,88.557286,452.885015,4.630941,-1.885308
1,1,1,24.000000,31,154.034805,69.418802,1.497035,4.770627
1,1,1,24.000000,32,1.104194,79.083661,4.490328,2.199308
1,1,1,24.000000,33,379.985298,367.026049,2.415410,-4.377876
1,1,1,24.000000,34,483.795679,161.972063,-3.471826,3.598114
1,1,1,24.000000,35,278.469048,376.838863,-4.981729,0.427061
1,1,1,24.000000,36,273.331909,219.268187,4.002373,-2.996833
1,1,1,24.000000,37,123.981096,267.713356,4.922094,-0.879199
1,1,1,24.000000,38,361.039748,149.812279,0.595463,-4.964416
1,1,1,24.000000,39,305.529298,321.352751,-3.261823,3.789527
1,1,1,24.000000,40,312.964583,246.851158,-4.663828,-1.802418
1,1,1,24.000000,41,319.823056,100.316376,-4.999770,0.047934
1,1,1,24.000000,42,263.624967,190.815717,1.921458,4.616059
1,1,1,24.000000,43,477.602905,361.663149,4.907460,-0.957515
1,1,1,24.000000,44,387.354324,188.871392,4.254762,-2.626215
1,1,1,24.000000,45,369.770598,193.538895,0.464546,4.978373
1,1,1,24.000000,46,324.681541,234.540654,-0.433070,-4.981210
1,1,1,24.000000,47,128.379274,467.568492,2.972785,-4.020267
1,1,1,24.000000,48,411.912492,391.719335,4.840591,-1.252468
1,1,1,24.000000,49,291.688890,360.680633,-4.390654,2.392103
1,1,1,24.000000,50,494.629062,141.196034,4.986278,-0.370180
1,1,1,24.000000,51,459.794274,77.810152,-4.641961,-1.858009
1,1,1,24.000000,52,202.875123,235.419099,0.512417,4.973674
1,1,1,24.000000,53,424.677349,19.597082,2.711266,4.201075
1,1,1,24.000000,54,458.504379,368.738162,-4.037081,2.949911
1,1,1,24.000000,55,103.943373,380.932282,3.021425,3.983841
1,1,1,24.000000,56,433.228021,33.178253,-0.285741,-4.991829
1,1,1,24.000000,57,257.778260,303.660406,-3.994054,-3.007912
1,1,1,24.000000,58,205.572740,112.013554,-3.470669,3.599230
1,1,1,24.000000,59,22.416829,94.096416,-4.715995,1.661142
1,1,1,24.000000,60,349.225112,176.375781,0.105247,4.998892
1,1,1,24.000000,61,271.712662,406.069734,2.357729,-4.409208
1,1,1,24.000000,62,327.648833,133.248402,4.584570,1.995425
1,1,1,24.000000,63,482.745182,13.849637,3.507025,-3.563815
1,1,1,24.000000,64,106.460434,29.880987,-4.456887,2.266310
1,1,1,24.000000,65,304.965864,458.321266,3.479340,3.590848
1,1,1,24.000000,66,368.887295,98.350374,0.757670,4.942260
1,1,1,24.000000,67,284.338818,155.564825,-4.088399,2.878366
1,1,1,24.000000,68,406.434859,337.688164,0.244678,-4.994010
1,1,1,24.000000,69,56.585531,277.301950,2.088696,4.542835
1,1,1,24.000000,70,397.350654,338.494655,2.590567,4.276560
1,1,1,24.000000,71,315.368825,43.938510,-3.390228,3.675099
1,1,1,24.000000,72,380.436933,294.870275,-4.472393,2.235553
1,1,1,24.000000,73,420.908605,210.498125,0.379930,4.985544
1,1,1,24.000000,74,269.852495,187.066079,0.146827,-4.997844
1,1,1,24.000000,75,376.740675,11.132586,0.262177,-4.993122
1,1,1,24.000000,76,494.829592,438.290322,4.851227,-1.210618
1,1,1,24.000000,77,91.874028,322.505795,-2.802890,-4.140508
1,1,1,24.000000,78,12.021543,47.405516,-4.213535,2.691863
1,1,1,24.000000,79,321.553096,409.818046,1.811325,4.660376
1,1,1,24.000000,80,478.370657,275.233942,4.967572,-0.568532
1,1,1,24.000000,81,476.239359,259.832641,-0.287033,4.991754
1,1,1,24.000000,82,274.969189,461.326630,3.608001,3.461550
1,1,1,24.000000,83,183.226632,438.698686,0.834433,-4.929880
1,1,1,24.000000,84,366.833262,321.141270,-2.220662,-4.479806
1,1,1,24.000000,85,134.604156,44.047266,3.966405,-3.044278
1,1,1,24.000000,86,64.145861,393.732859,2.871010,4.093568
1,1,1,24.000000,87,475.881498,178.129150,-2.265871,-4.457110
1,1,1,24.000000,88,167.278972,291.342866,-2.986193,-4.010318
1,1,1,24.000000,89,313.992304,439.577629,1.345571,-4.815541
1,1,1,24.000000,90,194.829787,88.051946,-4.506151,2.166703
1,1,1,24.000000,91,205.198923,181.242141,0.399209,4.984038
1,1,1,24.000000,92,233.020728,333.861173,-3.224015,-3.821744
1,1,1,24.000000,93,176.572308,184.734600,1.879863,4.633154
1,1,1,24.000000,94,76.931034,95.009697,-4.310322,2.533994
1,1,1,24.000000,95,199.506822,134.845178,-2.722630,-4.193720
1,1,1,24.000000,96,140.929650,481.109857,4.158194,-2.776584
1,1,1,24.000000,97,3.126135,269.703319,4.465121,-2.250042
1,1,1,24.000000,98,131.988068,325.357747,-1.591238,-4.740038
1,1,1,24.000000,99,461.557463,170.210825,4.805443,1.381202
1,1,1,24.000000,100,158.657132,21.138267,-3.589289,3.480949
1,1,1,24.000000,101,405.927942,27.094147,-4.412301,2.351935
1,1,1,24.000000,102,140.074617,189.380671,-1.165090,4.862362
1,1,1,24.000000,103,374.188777,384.474265,-1.440175,-4.788100
1,1,1,24.000000,104,184.805668,266.896386,-3.738567,3.320108
1,1,1,24.000000,105,54.971926,199.709141,-0.689091,4.952288
1,1,1,24.000000,106,302.241498,458.595029,-2.614160,-4.262179
1,1,1,24.000000,107,247.246438,487.200357,4.139153,2.804891
1,1,1,24.000000,108,217.925701,46.718214,-3.221737,-3.823664
1,1,1,24.000000,109,468.894044,111.333452,-1.326910,-4.820717
1,1,1,24.000000,110,197.447292,67.713295,3.823718,-3.221674
1,1,1,24.000000,111,153.905402,192.490472,3.976964,-3.030472
1,1,1,24.000000,112,242.247655,6.303803,-3.118464,3.908348
1,1,1,24.000000,113,134.851402,288.829876,1.839513,4.649322
1,1,1,24.000000,114,451.010661,75.324764,-3.023464,-3.982294
1,1,1,24.000000,115,22.086186,466.727052,-2.854264,-4.105262
1,1,1,24.000000,116,47.570951,270.902143,1.181561,-4.858386
1,1,1,24.000000,117,107.107584,111.172387,2.518368,4.319470
1,1,1,24.000000,118,22.671005,245.068331,-4.941846,-0.760367
1,1,1,24.000000,119,320.074222,267.690895,2.743689,-4.179972
1,1,1,24.000000,120,468.906081,406.152039,2.748261,-4.176968
1,1,1,24.000000,121,498.090943,413.189455,-4.999992,0.009105
1,1,1,24.000000,122,269.991441,383.320500,-4.983598,-0.404659
1,1,1,24.000000,123,349.076063,390.185571,2.012480,-4.577109
1,1,1,24.000000,124,469.143571,161.858981,-3.020485,-3.984554
1,1,1,24.000000,125,370.601695,187.601600,-3.729184,-3.330644
1,1,1,24.000000,126,58.370181,249.633581,4.467562,2.245193
1,1,1,24.000000,127,330.562262,245.818451,-2.037403,-4.566069
1,1,1,24.000000,128,451.334584,127.774788,-0.367667,4.986464
1,1,1,24.000000,129,385.223662,376.237536,0.277814,-4.992276
1,1,1,24.000000,130,305.426886,395.507756,0.289298,-4.991624
1,1,1,24.000000,131,35.412032,247.117105,-4.999713,0.053600
1,1,1,24.000000,132,372.249673,426.444526,-4.968953,-0.556336
1,1,1,24.000000,133,41.238000,151.424267,4.174138,2.752558
1,1,1,24.000000,134,403.977936,279.897375,-1.940381,-4.608136
1,1,1,24.000000,135,433.408384,138.418515,4.812515,-1.356354
1,1,1,24.000000,136,181.544659,477.104992,-3.530791,-3.540271
1,1,1,24.000000,137,399.581115,464.748597,-4.983203,0.409503
1,1,1,24.000000,138,26.573869,207.906354,-4.916705,-0.908854
1,1,1,24.000000,139,177.912200,105.788596,-1.640683,-4.723152
1,1,1,24.000000,140,247.377454,343.192832,2.688843,-4.215462
1,1,1,24.000000,141,478.800382,406.737973,-0.443324,4.980308
1,1,1,24.000000,142,401.353924,431.642169,-4.778690,-1.471097
1,1,1,24.000000,143,400.770387,387.595640,-4.475742,2.228842
1,1,1,24.000000,144,420.829812,463.197812,3.132301,-3.897267
1,1,1,24.000000,145,57.071135,165.859377,3.346989,-3.714521
1,1,1,24.000000,146,188.876628,316.666720,2.481740,-4.340618
1,1,1,24.000000,147,153.995598,313.297010,4.154897,2.781515
1,1,1,24.000000,148,302.963316,248.885141,3.008422,-3.993670
1,1,1,24.000000,149,471.252700,439.880195,0.470690,4.977796
1,1,1,25.000000,0,147.909580,139.746625,4.337462,2.487253
1,1,1,25.000000,1,100.843428,43.382912,-3.620559,3.448413
1,1,1,25.000000,2,214.130892,372.820150,-4.991775,0.286681
1,1,1,25.000000,3,185.445909,362.989882,0.754908,4.942683
1,1,1,25.000000,4,471.073056,484.902532,-4.825538,1.309269
1,1,1,25.000000,5,320.212110,303.767733,1.280335,4.833295
1,1,1,25.000000,6,86.026932,232.993831,1.876413,4.634552
1,1,1,25.000000,7,20.078596,458.138437,0.478612,4.977040
1,1,1,25.000000,8,98.790364,329.310574,-2.018311,4.574540
1,1,1,25.000000,9,61.983844,390.203136,4.986262,0.370399
1,1,1,25.000000,10,325.217788,414.105373,1.287249,-4.831458
1,1,1,25.000000,11,90.721557,55.738817,4.646915,1.845585
1,1,1,25.000000,12,389.736547,417.392096,4.998642,0.116506
1,1,1,25.000000,13,243.512885,481.573723,-3.921053,3.102474
1,1,1,25.000000,14,163.743852,248.667725,2.195484,-4.492199
1,1,1,25.000000,15,252.406548,394.406927,4.353141,-2.459707
1,1,1,25.000000,16,4.650413,209.251943,-0.628395,4.960355
1,1,1,25.000000,17,258.294972,497.341829,-4.971176,-0.536106
1,1,1,25.000000,18,430.283929,372.485611,-4.884447,-1.068729
1,1,1,25.000000,19,399.857577,9.746131,4.473018,-2.234303
1,1,1,25.000000,20,216.132631,224.670435,3.556974,-3.513963
1,1,1,25.000000,21,368.637384,74.186701,3.484575,-3.585769
1,1,1,25.000000,22,346.352642,117.620836,-1.249426,-4.841377
1,1,1,25.000000,23,386.085177,465.340288,4.539578,-2.095765
1,1,1,25.000000,24,463.795809,58.498381,-4.182171,-2.740338
1,1,1,25.000000,25,28.478429,271.792003,-3.737953,-3.320799
1,1,1,25.000000,26,372.461017,412.493249,1.568303,4.747676
1,1,1,25.000000,27,41.388628,266.252491,-4.893529,1.026342
1,1,1,25.000000,28,426.935728,431.346860,-1.706699,4.699700
1,1,1,25.000000,29,54.122804,275.063259,1.933216,-4.611147
1,1,1,25.000000,30,93.188227,450.999707,-0.277353,4.992302
1,1,1,25.000000,31,155.531840,74.189429,4.417674,-2.341828
1,1,1,25.000000,32,4.957796,75.897794,3.853603,-3.185867
1,1,1,25.000000,33,382.400708,362.648174,3.374948,3.689136
1,1,1,25.000000,34,480.323853,165.570177,4.507048,2.164836
1,1,1,25.000000,35,273.487320,377.265924,3.737078,3.321784
1,1,1,25.000000,36,277.334282,216.271354,-3.204700,-3.837955
1,1,1,25.000000,37,128.903190,266.834157,3.566058,3.504744
1,1,1,25.000000,38,361.635212,144.847863,-4.560333,-2.050211
1,1,1,25.000000,39,302.267476,325.142278,3.581622,3.488837
1,1,1,25.000000,40,308.300755,245.048740,4.639970,-1.862974
1,1,1,25.000000,41,314.823285,100.364310,-4.816608,-1.341747
1,1,1,25.000000,42,265.546425,195.431776,3.444844,-3.623955
1,1,1,25.000000,43,482.510365,360.705635,-3.036833,3.972109
1,1,1,25.000000,44,391.609086,186.245177,-0.430959,-4.981393
1,1,1,25.000000,45,370.235144,198.517268,-4.984448,0.394047
1,1,1,25.000000,46,324.248471,229.559444,-4.990969,0.300379
1,1,1,25.000000,47,131.352059,463.548225,4.463305,-2.253643
1,1,1,25.000000,48,416.753083,390.466868,4.225490,-2.673057
1,1,1,25.000000,49,287.298236,363.072736,4.097621,2.865223
1,1,1,25.000000,50,499.615339,140.825855,4.459153,-2.261848
1,1,1,25.000000,51,455.152313,75.952143,-0.076666,4.999412
1,1,1,25.000000,52,203.387541,240.392772,-2.046931,-4.561806
1,1,1,25.000000,53,427.388615,23.798157,-4.831431,1.287351
1,1,1,25.000000,54,454.467298,371.688073,4.004710,2.993709
1,1,1,25.000000,55,106.964798,384.916123,-1.884298,4.631352
1,1,1,25.000000,56,432.942280,28.186425,3.318904,-3.739636
1,1,1,25.000000,57,253.784206,300.652494,1.197090,4.854583
1,1,1,25.000000,58,202.102071,115.612784,-4.871636,-1.125684
1,1,1,25.000000,59,17.700834,95.757559,-3.086386,3.933728
1,1,1,25.000000,60,349.330359,181.374673,-1.823967,-4.655442
1,1,1,25.000000,61,274.070391,401.660526,4.987795,0.349137
1,1,1,25.000000,62,332.233403,135.243827,4.612701,1.929505
1,1,1,25.000000,63,479.821180,17.905524,-2.924001,4.055887
1,1,1,25.000000,64,111.459694,29.794979,4.999260,-0.086009
1,1,1,25.000000,65,308.445204,461.912114,-2.714068,4.199266
1,1,1,25.000000,66,369.644965,103.292634,-3.498017,3.572657
1,1,1,25.000000,67,280.250419,158.443191,3.562463,-3.508398
1,1,1,25.000000,68,406.679537,332.694154,-0.448406,-4.979853
1,1,1,25.000000,69,58.674227,281.844784,2.928441,-4.052682
1,1,1,25.000000,70,399.941221,342.771214,2.575605,4.285587
1,1,1,25.000000,71,311.978597,47.613609,3.832935,-3.210702
1,1,1,25.000000,72,375.964540,297.105829,-4.272269,-2.597637
1,1,1,25.000000,73,421.288535,215.483670,-2.400706,-4.385956
1,1,1,25.000000,74,269.999322,182.068235,4.999763,-0.048664
1,1,1,25.000000,75,377.002852,6.139464,4.663996,1.801983
1,1,1,25.000000,76,496.346742,443.054590,1.517150,4.764269
1,1,1,25.000000,77,89.071137,318.365287,0.036908,4.999864
1,1,1,25.000000,78,10.317072,42.705007,-1.704472,-4.700508
1,1,1,25.000000,79,323.364422,414.478422,3.988394,3.015412
1,1,1,25.000000,80,483.338229,274.665410,0.774704,-4.939619
1,1,1,25.000000,81,475.952326,264.824396,-4.708432,1.682458
1,1,1,25.000000,82,278.577190,464.788180,4.242312,2.646278
1,1,1,25.000000,83,184.061065,433.768805,0.783866,-4.938173
1,1,1,25.000000,84,364.612600,316.661464,4.498707,-2.182117
1,1,1,25.000000,85,138.570562,41.002988,1.274532,-4.834829
1,1,1,25.000000,86,67.016870,397.826427,-0.129247,4.998329
1,1,1,25.000000,87,473.615627,173.672040,3.361103,-3.701755
1,1,1,25.000000,88,164.292779,287.332548,3.012700,-3.990443
1,1,1,25.000000,89,315.337875,434.762088,4.558376,2.054558
1,1,1,25.000000,90,190.323636,90.218648,0.688338,4.952392
1,1,1,25.000000,91,205.598132,186.226179,-4.910535,-0.941617
1,1,1,25.000000,92,229.796713,330.039429,-0.322431,-4.989593
1,1,1,25.000000,93,178.452172,189.367754,-2.832652,-4.120204
1,1,1,25.000000,94,72.620712,97.543691,-4.919598,-0.893057
1,1,1,25.000000,95,196.784192,130.651458,-0.338692,-4.988516
1,1,1,25.000000,96,145.087844,478.333273,4.420141,2.337168
1,1,1,25.000000,97,7.830340,268.009079,4.704206,-1.694240
1,1,1,25.000000,98,130.396830,320.617709,-1.342947,-4.816274
1,1,1,25.000000,99,466.362906,171.592027,-4.998702,-0.113937
1,1,1,25.000000,100,163.657022,21.171411,4.999890,0.033144
1,1,1,25.000000,101,404.970775,22.186619,-0.957167,-4.907528
1,1,1,25.000000,102,138.909528,194.243033,-3.920561,-3.103096
1,1,1,25.000000,103,372.748603,379.686166,-4.752456,1.553758
1,1,1,25.000000,104,181.067101,270.216494,-1.304942,-4.826710
1,1,1,25.000000,105,54.282836,204.661429,1.866263,-4.638649
1,1,1,25.000000,106,299.627338,454.332850,4.426891,2.324358
1,1,1,25.000000,107,251.385590,490.005248,-4.361655,2.444579
1,1,1,25.000000,108,214.703964,42.894550,4.613379,1.927882
1,1,1,25.000000,109,467.567134,106.512735,1.819272,-4.657279
1,1,1,25.000000,110,201.271010,64.491621,1.552554,4.752849
1,1,1,25.000000,111,157.882366,189.460000,-3.891987,-3.138860
1,1,1,25.000000,112,244.169497,1.687904,1.921842,-4.615899
1,1,1,25.000000,113,136.690915,293.479197,1.902856,4.623758
1,1,1,25.000000,114,447.987197,71.342470,-1.315741,4.823777
1,1,1,25.000000,115,22.009065,461.727646,-0.077121,-4.999405
1,1,1,25.000000,116,48.752512,266.043757,2.052291,-4.559397
1,1,1,25.000000,117,109.625952,115.491857,-4.047665,-2.935373
1,1,1,25.000000,118,17.729159,244.307964,4.973451,-0.514575
1,1,1,25.000000,119,322.817911,263.510922,-2.760815,-4.168681
1,1,1,25.000000,120,471.654342,401.975072,-4.408557,-2.358945
1,1,1,25.000000,121,497.229146,411.429219,-4.679911,-1.760237
1,1,1,25.000000,122,265.007843,382.915841,2.701665,4.207256
1,1,1,25.000000,123,351.088543,385.608463,1.996598,4.584059
1,1,1,25.000000,124,466.123086,157.874427,-4.932685,-0.817689
1,1,1,25.000000,125,366.872511,184.270956,3.409779,-3.656967
1,1,1,25.000000,126,62.837742,251.878774,3.409610,3.657125
1,1,1,25.000000,127,328.524859,241.252382,-4.243424,2.644495
1,1,1,25.000000,128,450.966917,132.761252,-3.122361,-3.905235
1,1,1,25.000000,129,385.501476,371.245260,-3.361813,-3.701109
1,1,1,25.000000,130,305.716184,390.516132,-2.108394,4.533726
1,1,1,25.000000,131,30.412319,247.170705,4.629163,-1.889669
1,1,1,25.000000,132,367.280720,425.888189,4.977238,-0.476549
1,1,1,25.000000,133,45.412138,154.176824,2.826248,-4.124600
1,1,1,25.000000,134,402.037554,275.289239,1.843262,-4.647837
1,1,1,25.000000,135,438.220899,137.062160,4.001068,-2.998576
1,1,1,25.000000,136,178.013869,473.564721,-4.528472,-2.119655
1,1,1,25.000000,137,394.597912,465.158100,-1.649748,-4.719993
1,1,1,25.000000,138,21.657164,206.997500,4.875881,-1.107151
1,1,1,25.000000,139,176.271518,101.065444,-2.197959,-4.490988
1,1,1,25.000000,140,250.066297,338.977369,4.910292,0.942885
1,1,1,25.000000,141,478.357058,411.718280,4.712364,-1.671415
1,1,1,25.000000,142,396.575235,430.171073,4.897928,1.005138
1,1,1,25.000000,143,396.294646,389.824482,-1.880453,-4.632914
1,1,1,25.000000,144,423.962113,459.300545,3.017020,3.987178
1,1,1,25.000000,145,60.418123,162.144856,4.366941,-2.435123
1,1,1,25.000000,146,191.358368,312.326102,-4.734550,-1.607493
1,1,1,25.000000,147,158.150495,316.078526,3.928252,-3.093354
1,1,1,25.000000,148,305.971737,244.891471,-1.787970,-4.669386
1,1,1,25.000000,149,471.723391,444.857991,4.379088,-2.413212
1,1,1,26.000000,0,152.247042,142.233878,2.917062,-4.060880
1,1,1,26.000000,1,97.222869,46.831324,4.992566,-0.272553
1,1,1,26.000000,2,209.139118,373.106831,3.391760,-3.673685
1,1,1,26.000000,3,186.200817,367.932565,-2.459282,-4.353382
1,1,1,26.000000,4,466.247518,486.211800,4.499029,-2.181452
1,1,1,26.000000,5,321.492446,308.601028,2.589968,4.276923
1,1,1,26.000000,6,87.903345,237.628384,4.406351,2.363064
1,1,1,26.000000,7,24.203035,455.311954,4.124439,-2.826483
1,1,1,26.000000,8,96.772053,333.885114,-3.505960,3.564863
1,1,1,26.000000,9,66.970105,390.573535,3.311262,-3.746404
1,1,1,26.000000,10,326.505038,409.273914,-4.986759,0.363637
1,1,1,26.000000,11,95.368472,57.584402,-4.903505,-0.977566
1,1,1,26.000000,12,394.735190,417.508602,-0.598831,4.964011
1,1,1,26.000000,13,239.591832,484.676197,3.893642,3.136806
1,1,1,26.000000,14,165.939337,244.175527,-0.321560,4.989649
1,1,1,26.000000,15,256.759689,391.947220,0.439454,4.980651
1,1,1,26.000000,16,0.683467,206.208371,-3.966947,-3.043572
1,1,1,26.000000,17,253.323796,496.805723,4.793483,-1.422153
1,1,1,26.000000,18,425.399483,371.416882,4.151757,-2.786201
1,1,1,26.000000,19,404.330595,7.511828,0.105433,4.998888
1,1,1,26.000000,20,219.689605,221.156471,0.027916,-4.999922
1,1,1,26.000000,21,372.121959,70.600933,-4.389967,2.393364
1,1,1,26.000000,22,345.103216,112.779458,4.777869,-1.473760
1,1,1,26.000000,23,390.624755,463.244524,4.012942,2.982666
1,1,1,26.000000,24,459.613639,55.758044,4.120924,-2.831605
1,1,1,26.000000,25,24.740476,268.471204,-1.043231,4.889956
1,1,1,26.000000,26,374.029320,417.240924,1.796232,-4.666214
1,1,1,26.000000,27,36.495099,267.278833,-4.600543,1.958316
1,1,1,26.000000,28,425.229029,436.046560,4.979427,0.453109
1,1,1,26.000000,29,56.056020,270.452112,4.798776,-1.404190
1,1,1,26.000000,30,92.910874,455.992009,-2.500405,-4.329893
1,1,1,26.000000,31,159.949513,71.847601,1.853864,4.643618
1,1,1,26.000000,32,3.424975,80.657044,-1.532821,4.759250
1,1,1,26.000000,33,385.775656,366.337310,4.994152,-0.241748
1,1,1,26.000000,34,484.830901,167.735014,-3.679753,3.385176
1,1,1,26.000000,35,277.224398,380.587708,4.960151,-0.630005
1,1,1,26.000000,36,274.129582,212.433399,-2.972919,4.020168
1,1,1,26.000000,37,132.469248,270.338901,0.827597,-4.931033
1,1,1,26.000000,38,357.074879,142.797653,0.566957,-4.967752
1,1,1,26.000000,39,305.849098,328.631115,0.876620,4.922554
1,1,1,26.000000,40,312.940726,243.185766,1.873688,4.635654
1,1,1,26.000000,41,310.006677,99.022562,2.152210,4.513091
1,1,1,26.000000,42,268.991269,191.807821,2.248890,-4.465702
1,1,1,26.000000,43,479.473532,364.677743,3.198897,3.842793
1,1,1,26.000000,44,391.178127,181.263784,-0.262709,-4.993094
1,1,1,26.000000,45,365.250695,198.911315,-4.967195,-0.571814
1,1,1,26.000000,46,319.257502,229.859824,3.750954,3.306108
1,1,1,26.000000,47,135.815365,461.294582,4.647393,-1.844379
1,1,1,26.000000,48,420.978573,387.793810,3.449169,3.619839
1,1,1,26.000000,49,291.395857,365.937959,-2.909245,4.066484
1,1,1,26.000000,50,495.925508,138.564007,-4.459153,-2.261848
1,1,1,26.000000,51,455.075647,80.951555,1.275812,4.834491
1,1,1,26.000000,52,201.340609,235.830966,-3.214377,3.829854
1,1,1,26.000000,53,422.557184,25.085508,3.521540,3.549473
1,1,1,26.000000,54,458.472008,374.681782,-4.753617,1.550201
1,1,1,26.000000,55,105.080500,389.547475,4.598277,1.963632
1,1,1,26.000000,56,436.261184,24.446789,3.418768,-3.648565
1,1,1,26.000000,57,254.981296,305.507077,-4.972554,-0.523167
1,1,1,26.000000,58,197.230435,114.487099,-3.365908,-3.697386
1,1,1,26.000000,59,14.614448,99.691287,-3.623147,-3.445694
1,1,1,26.000000,60,347.506391,176.719231,-4.047121,2.936122
1,1,1,26.000000,61,279.058186,402.009663,3.226983,3.819238
1,1,1,26.000000,62,336.846104,137.173332,-4.971248,0.535442
1,1,1,26.000000,63,484.669342,16.682688,4.848162,-1.222836
1,1,1,26.000000,64,107.385875,32.693943,-4.073819,2.898965
1,1,1,26.000000,65,305.731136,466.111380,-0.298636,-4.991074
1,1,1,26.000000,66,366.146948,106.865291,3.812261,-3.235223
1,1,1,26.000000,67,283.812882,154.934794,-4.805861,-1.379746
1,1,1,26.000000,68,406.231131,327.714301,0.080268,-4.999356
1,1,1,26.000000,69,61.602668,277.792102,-4.996436,0.188758
1,1,1,26.000000,70,402.516826,347.056802,-4.704228,1.694179
1,1,1,26.000000,71,315.811532,44.402907,4.943301,0.750852
1,1,1,26.000000,72,371.692271,294.508191,1.055323,-4.887361
1,1,1,26.000000,73,418.887829,211.097714,-4.786358,-1.445951
1,1,1,26.000000,74,274.999085,182.019571,-4.988621,0.337140
1,1,1,26.000000,75,381.666847,7.941447,-2.521240,4.317795
1,1,1,26.000000,76,498.653340,443.083315,-4.999917,0.028725
1,1,1,26.000000,77,89.108046,323.365151,4.722353,-1.642979
1,1,1,26.000000,78,9.689347,37.744568,-0.627725,-4.960440
1,1,1,26.000000,79,327.352816,417.493834,-2.478440,4.342503
1,1,1,26.000000,80,484.112933,269.725792,-1.385800,-4.804119
1,1,1,26.000000,81,471.243893,266.506854,-4.898505,-1.002321
1,1,1,26.000000,82,282.819502,467.434458,4.996204,-0.194793
1,1,1,26.000000,83,184.844932,428.830632,-1.010155,-4.896896
1,1,1,26.000000,84,369.111308,314.479348,1.674802,-4.711161
1,1,1,26.000000,85,139.845094,36.168159,0.373905,4.986000
1,1,1,26.000000,86,66.887624,402.824756,4.902691,0.981642
1,1,1,26.000000,87,476.976730,169.970286,4.933682,-0.811653
1,1,1,26.000000,88,167.305479,283.342105,-1.722611,4.693891
1,1,1,26.000000,89,319.896251,436.816646,3.500404,3.570318
1,1,1,26.000000,90,191.011975,95.171041,-1.094944,-4.878637
1,1,1,26.000000,91,200.687596,185.284562,2.773331,-4.160365
1,1,1,26.000000,92,229.474282,325.049836,-4.012411,-2.983381
1,1,1,26.000000,93,175.619519,185.247550,-4.948752,-0.714042
1,1,1,26.000000,94,67.701113,96.650633,4.070550,-2.903553
1,1,1,26.000000,95,196.445500,125.662943,4.999148,0.092286
1,1,1,26.000000,96,149.507985,480.670441,-1.380294,4.805704
1,1,1,26.000000,97,3.677835,270.794163,-4.152506,2.785085
1,1,1,26.000000,98,129.053883,315.801435,-2.705573,4.204744
1,1,1,26.000000,99,461.364205,171.478090,-4.999420,-0.076132
1,1,1,26.000000,100,168.615499,20.528365,4.958477,-0.643046
1,1,1,26.000000,101,409.967424,22.369639,4.996649,0.183019
1,1,1,26.000000,102,134.988967,191.139938,-4.767411,1.507247
1,1,1,26.000000,103,367.996147,381.239924,-4.745481,-1.574932
1,1,1,26.000000,104,179.762159,265.389784,-3.993758,-3.008305
1,1,1,26.000000,105,56.149099,200.022780,4.315447,-2.525256
1,1,1,26.000000,106,304.054229,456.657208,1.609638,4.733822
1,1,1,26.000000,107,247.023935,492.449826,0.498496,4.975088
1,1,1,26.000000,108,219.317343,44.822432,-4.828912,1.296768
1,1,1,26.000000,109,469.386406,101.855456,0.369725,-4.986312
1,1,1,26.000000,110,202.823564,69.244471,4.973176,-0.517225
1,1,1,26.000000,111,153.990379,186.321140,3.128365,-3.900427
1,1,1,26.000000,112,240.063913,1.165897,-4.105584,2.853801
1,1,1,26.000000,113,138.593771,298.102956,0.603383,-4.963459
1,1,1,26.000000,114,446.671456,76.166247,-4.799550,-1.401541
1,1,1,26.000000,115,18.093423,464.836947,-3.915642,3.109300
1,1,1,26.000000,116,50.804803,261.484360,-4.654743,1.825752
1,1,1,26.000000,117,105.578288,112.556485,2.094434,4.540192
1,1,1,26.000000,118,22.702610,243.793389,-4.451840,-2.276208
1,1,1,26.000000,119,320.057096,259.342242,-2.162602,4.508121
1,1,1,26.000000,120,467.245785,399.616126,1.932369,4.611502
1,1,1,26.000000,121,496.161473,406.544541,-1.067673,-4.884678
1,1,1,26.000000,122,267.709508,387.123097,-4.734156,1.608654
1,1,1,26.000000,123,353.085141,390.192522,3.589634,-3.480593
1,1,1,26.000000,124,461.190401,157.056738,1.612386,-4.732886
1,1,1,26.000000,125,370.282290,180.613989,4.862034,1.166457
1,1,1,26.000000,126,66.247352,255.535899,-0.264839,-4.992981
1,1,1,26.000000,127,324.281435,243.896876,0.674812,-4.954254
1,1,1,26.000000,128,447.844556,128.856016,-4.736187,1.602664
1,1,1,26.000000,129,382.139663,367.544150,4.960017,0.631054
1,1,1,26.000000,130,303.607790,395.049859,-0.000734,5.000000
1,1,1,26.000000,131,35.041482,245.281036,4.571808,-2.024492
1,1,1,26.000000,132,372.257959,425.411640,-4.998135,0.136570
1,1,1,26.000000,133,48.238385,150.052224,1.074343,4.883215
1,1,1,26.000000,134,403.880816,270.641402,-4.775638,1.480975
1,1,1,26.000000,135,442.221967,134.063585,2.792026,-4.147842
1,1,1,26.000000,136,173.485396,471.445066,3.175451,-3.862190
1,1,1,26.000000,137,392.948165,460.438107,-4.490718,-2.198512
1,1,1,26.000000,138,26.533045,205.890349,-2.598511,4.271737
1,1,1,26.000000,139,174.073558,96.574456,1.879132,-4.633450
1,1,1,26.000000,140,254.976589,339.920254,-0.405519,4.983528
1,1,1,26.000000,141,483.069421,410.046865,-4.980603,-0.439988
1,1,1,26.000000,142,401.473163,431.176210,-0.639854,4.958890
1,1,1,26.000000,143,394.414193,385.191568,1.726316,4.692530
1,1,1,26.000000,144,426.979133,463.287723,0.115870,-4.998657
1,1,1,26.000000,145,64.785064,159.709732,-1.383686,-4.804728
1,1,1,26.000000,146,186.623818,310.718608,-4.117816,2.836122
1,1,1,26.000000,147,162.078747,312.985172,4.846757,-1.228391
1,1,1,26.000000,148,304.183768,240.222086,-4.969583,0.550676
1,1,1,26.000000,149,476.102478,442.444779,-1.216607,-4.849729
1,1,1,27.000000,0,155.164104,138.172998,4.663105,-1.804287
1,1,1,27.000000,1,102.215435,46.558772,4.936649,0.793409
1,1,1,27.000000,2,212.530878,369.433146,0.896511,4.918970
1,1,1,27.000000,3,183.741535,363.579183,-2.634067,4.249905
1,1,1,27.000000,4,470.746548,484.030348,-4.054310,2.926187
1,1,1,27.000000,5,324.082414,312.877950,1.703952,4.700697
1,1,1,27.000000,6,92.309696,239.991447,-2.827762,-4.123561
1,1,1,27.000000,7,28.533141,457.811989,4.330107,2.500035
1,1,1,27.000000,8,93.266093,337.449977,-3.899904,-3.129017
1,1,1,27.000000,9,70.281367,386.827130,1.157706,4.864125
1,1,1,27.000000,10,321.518278,409.637551,-4.982125,-0.422414
1,1,1,27.000000,11,90.464966,56.606836,4.764579,1.516176
1,1,1,27.000000,12,394.136359,422.472613,4.384636,-2.403116
1,1,1,27.000000,13,243.485474,487.813003,1.239262,4.843989
1,1,1,27.000000,14,165.617777,249.165176,2.690529,4.214386
1,1,1,27.000000,15,257.199144,396.927871,-4.997807,-0.148070
1,1,1,27.000000,16,3.544322,208.877791,4.227788,2.669420
1,1,1,27.000000,17,258.117279,495.383570,4.963250,-0.605104
1,1,1,27.000000,18,429.551239,368.630682,-3.458365,-3.611054
1,1,1,27.000000,19,404.436028,12.510716,-3.521551,-3.549461
1,1,1,27.000000,20,219.717521,216.156549,-2.495790,-4.332555
1,1,1,27.000000,21,367.731992,72.994296,1.739858,4.687525
1,1,1,27.000000,22,349.881085,111.305699,-0.888870,4.920357
1,1,1,27.000000,23,394.637698,466.227189,3.595322,3.474717
1,1,1,27.000000,24,463.734562,52.926438,-1.537896,4.757612
1,1,1,27.000000,25,23.697245,273.361160,-3.248991,-3.800534
1,1,1,27.000000,26,375.825552,412.574711,0.974195,4.904176
1,1,1,27.000000,27,31.894556,269.237149,0.541778,-4.970561
1,1,1,27.000000,28,430.208456,436.499669,4.504644,2.169836
1,1,1,27.000000,29,60.854796,269.047922,4.990888,0.301728
1,1,1,27.000000,30,90.410470,451.662115,3.931154,-3.089665
1,1,1,27.000000,31,161.803377,76.491219,4.870163,-1.132040
1,1,1,27.000000,32,0.948643,78.233934,4.373618,-2.423110
1,1,1,27.000000,33,390.769808,366.095562,-4.943010,0.752764
1,1,1,27.000000,34,481.151148,171.120190,-4.997574,0.155728
1,1,1,27.000000,35,282.184548,379.957703,-4.466122,-2.248055
1,1,1,27.000000,36,271.156663,216.453567,-2.221283,-4.479498
1,1,1,27.000000,37,133.296845,265.407868,4.993241,0.259897
1,1,1,27.000000,38,357.641836,137.829901,4.264280,-2.610731
1,1,1,27.000000,39,306.725718,333.553669,-3.158933,-3.875712
1,1,1,27.000000,40,314.814414,247.821420,0.810412,4.933886
1,1,1,27.000000,41,312.158887,103.535654,0.036268,4.999868
1,1,1,27.000000,42,271.240159,187.342119,2.958872,4.030518
1,1,1,27.000000,43,482.672429,368.520536,4.872203,-1.123229
1,1,1,27.000000,44,390.915418,176.270691,4.890470,-1.040820
1,1,1,27.000000,45,360.283500,198.339501,0.557952,4.968771
1,1,1,27.000000,46,323.008455,233.165931,0.172580,4.997021
1,1,1,27.000000,47,140.462758,459.450202,-1.631187,-4.726439
1,1,1,27.000000,48,424.427742,391.413649,3.022237,3.983225
1,1,1,27.000000,49,288.486612,370.004443,-2.351105,-4.412743
1,1,1,27.000000,50,493.818103,143.098193,-2.107404,4.534187
1,1,1,27.000000,51,456.351459,85.786047,1.117466,-4.873527
1,1,1,27.000000,52,198.126232,239.660820,2.762034,-4.167874
1,1,1,27.000000,53,426.078724,28.634981,1.296523,4.828978
1,1,1,27.000000,54,453.718391,376.231983,-3.384924,-3.679985
1,1,1,27.000000,55,109.678777,391.511107,-4.798865,-1.403887
1,1,1,27.000000,56,439.679952,20.798224,2.895614,4.076202
1,1,1,27.000000,57,250.008742,304.983911,4.993088,-0.262819
1,1,1,27.000000,58,193.864528,110.789713,0.654881,4.956928
1,1,1,27.000000,59,10.991301,96.245593,3.145473,3.886643
1,1,1,27.000000,60,343.459271,179.655353,-4.552305,-2.067974
1,1,1,27.000000,61,282.285170,405.828901,-3.239004,-3.809049
1,1,1,27.000000,62,331.874856,137.708774,-4.883079,1.074959
1,1,1,27.000000,63,489.654690,17.065187,4.985348,0.382499
1,1,1,27.000000,64,111.495982,29.846660,4.110107,-2.847283
1,1,1,27.000000,65,305.432500,461.120306,-1.325650,4.821063
1,1,1,27.000000,66,369.959209,103.630068,-0.902047,4.917958
1,1,1,27.000000,67,279.007021,153.555048,3.377111,3.687157
1,1,1,27.000000,68,406.311399,322.714946,2.853699,-4.105655
1,1,1,27.000000,69,56.606233,277.980860,4.747155,-1.569878
1,1,1,27.000000,70,397.812598,348.750981,0.546892,4.970001
1,1,1,27.000000,71,320.754833,45.153759,-1.164812,4.862429
1,1,1,27.000000,72,372.747593,289.620831,4.733759,-1.609823
1,1,1,27.000000,73,414.101471,209.651763,4.997607,0.154670
1,1,1,27.000000,74,270.010465,182.356711,4.220563,2.680830
1,1,1,27.000000,75,379.145608,12.259242,-3.486180,3.584208
1,1,1,27.000000,76,493.673752,443.534650,-4.979588,0.451334
1,1,1,27.000000,77,93.830399,321.722171,-4.767557,1.506783
1,1,1,27.000000,78,14.533495,38.983207,4.844148,1.238639
1,1,1,27.000000,79,324.874376,421.836337,4.950507,-0.701771
1,1,1,27.000000,80,482.727133,264.921673,2.748794,4.176617
1,1,1,27.000000,81,466.345388,265.504533,4.635542,1.873967
1,1,1,27.000000,82,287.815706,467.239665,3.682120,3.382601
1,1,1,27.000000,83,183.834776,423.933736,4.645584,-1.848933
1,1,1,27.000000,84,370.786109,309.768187,-4.805195,1.382065
1,1,1,27.000000,85,140.219000,41.154159,-2.645923,4.242534
1,1,1,27.000000,86,71.790315,403.806399,4.883428,1.073372
1,1,1,27.000000,87,481.910412,169.158633,4.811827,-1.358793
1,1,1,27.000000,88,165.582868,288.035996,-4.999000,0.099995
1,1,1,27.000000,89,323.396655,440.386964,4.997958,-0.142882
1,1,1,27.000000,90,189.917031,90.292404,-4.829204,-1.295682
1,1,1,27.000000,91,203.460928,181.124198,4.106221,2.852884
1,1,1,27.000000,92,225.461871,322.066455,1.871876,4.636387
1,1,1,27.000000,93,170.670767,184.533508,4.992122,0.280574
1,1,1,27.000000,94,71.771664,93.747080,4.487759,2.204546
1,1,1,27.000000,95,201.444648,125.755229,-3.666269,-3.399776
1,1,1,27.000000,96,148.127691,485.476145,3.697023,-3.366306
1,1,1,27.000000,97,4.880196,275.647443,1.202362,4.853280
1,1,1,27.000000,98,126.348310,320.006179,0.133243,4.998224
1,1,1,27.000000,99,456.364784,171.401959,-1.418089,-4.794687
1,1,1,27.000000,100,164.040267,22.545108,-4.575232,2.016743
1,1,1,27.000000,101,413.730497,25.661944,3.763073,3.292306
1,1,1,27.000000,102,130.221556,192.647184,4.807811,1.372937
1,1,1,27.000000,103,363.250666,379.664992,4.903416,-0.978012
1,1,1,27.000000,104,175.768402,262.381479,4.684868,-1.747002
1,1,1,27.000000,105,60.464546,197.497524,4.401466,-2.372150
1,1,1,27.000000,106,305.663866,461.391030,-4.047588,2.935478
1,1,1,27.000000,107,247.522431,497.424915,4.543489,2.087274
1,1,1,27.000000,108,214.488431,46.119200,-3.400321,-3.665763
1,1,1,27.000000,109,469.756131,96.869144,-3.431648,-3.636453
1,1,1,27.000000,110,207.796739,68.727246,-4.783786,-1.454438
1,1,1,27.000000,111,157.118744,182.420713,-3.557819,3.513107
1,1,1,27.000000,112,236.966501,5.090950,-3.097412,3.925053
1,1,1,27.000000,113,139.197154,293.139496,-2.388068,4.392850
1,1,1,27.000000,114,441.871906,74.764706,4.917361,0.905298
1,1,1,27.000000,115,19.813692,460.142197,1.720269,-4.694749
1,1,1,27.000000,116,46.150061,263.310112,-4.709107,1.680569
1,1,1,27.000000,117,107.672722,117.096677,-0.328467,4.989199
1,1,1,27.000000,118,18.250770,241.517182,4.175961,-2.749791
1,1,1,27.000000,119,317.894494,263.850362,-2.346049,-4.415433
1,1,1,27.000000,120,469.178155,404.227628,3.727879,-3.332104
1,1,1,27.000000,121,492.299733,403.368544,-3.861741,-3.175997
1,1,1,27.000000,122,262.975352,388.731752,4.820406,-1.328037
1,1,1,27.000000,123,356.674775,386.711929,4.642692,-1.856181
1,1,1,27.000000,124,462.802787,152.323852,2.645945,-4.242520
1,1,1,27.000000,125,375.144325,181.780446,4.935629,-0.799727
1,1,1,27.000000,126,65.982513,250.542918,1.114269,-4.874259
1,1,1,27.000000,127,324.956247,238.942623,-4.468074,2.244174
1,1,1,27.000000,128,443.108369,130.458681,3.838765,-3.203729
1,1,1,27.000000,129,387.099680,368.175204,2.550520,-4.300564
1,1,1,27.000000,130,303.607056,400.049859,2.862769,4.099336
1,1,1,27.000000,131,39.613290,243.256543,-0.600963,-4.963753
1,1,1,27.000000,132,367.259824,425.548211,-2.161674,-4.508566
1,1,1,27.000000,133,49.312728,154.935439,-1.528206,-4.760734
1,1,1,27.000000,134,399.105179,272.122377,2.403289,4.384541
1,1,1,27.000000,135,445.013993,129.915743,-0.093235,4.999131
1,1,1,27.000000,136,176.660847,467.582876,-1.309010,-4.825608
1,1,1,27.000000,137,388.457447,458.239595,-4.959112,0.638132
1,1,1,27.000000,138,23.934534,210.162086,-3.358377,-3.704228
1,1,1,27.000000,139,175.952690,91.941005,2.098955,-4.538104
1,1,1,27.000000,140,254.571070,344.903782,4.493926,2.191947
1,1,1,27.000000,141,478.088818,409.606877,-4.445884,2.287819
1,1,1,27.000000,142,400.833309,436.135100,3.540086,-3.530976
1,1,1,27.000000,143,396.140508,389.884097,4.766696,1.509507
1,1,1,27.000000,144,427.095003,458.289066,2.965936,-4.025323
1,1,1,27.000000,145,63.401378,154.905004,-3.952778,-3.061951
1,1,1,27.000000,146,182.506001,313.554730,4.955787,-0.663454
1,1,1,27.000000,147,166.925504,311.756781,4.549512,-2.074112
1,1,1,27.000000,148,299.214185,240.772762,1.027171,-4.893355
1,1,1,27.000000,149,474.885871,437.595050,2.655844,-4.236330
1,1,1,28.000000,0,159.827209,136.368712,3.099563,-3.923354
1,1,1,28.000000,1,107.152084,47.352180,-2.019487,4.574022
1,1,1,28.000000,2,213.427389,374.352117,-0.711561,-4.949109
1,1,1,28.000000,3,181.107468,367.829088,-4.198902,-2.714630
1,1,1,28.000000,4,466.692238,486.956535,-0.811423,4.933720
1,1,1,28.000000,5,325.786366,317.578647,4.090140,-2.875892
1,1,1,28.000000,6,89.481933,235.867886,-0.847611,4.927632
1,1,1,28.000000,7,24.687354,461.007286,-3.845787,3.195297
1,1,1,28.000000,8,89.366189,334.320961,4.991029,0.299377
1,1,1,28.000000,9,71.439073,391.691256,3.728565,-3.331337
1,1,1,28.000000,10,316.536154,409.215137,-0.649003,4.957701
1,1,1,28.000000,11,95.229545,58.123013,-2.414415,4.378425
1,1,1,28.000000,12,398.520995,420.069497,3.093012,3.928521
1,1,1,28.000000,13,244.724736,492.656992,-3.665683,-3.400407
1,1,1,28.000000,14,168.308307,253.379562,4.753324,1.551100
1,1,1,28.000000,15,252.201337,396.779801,-4.403068,2.369176
1,1,1,28.000000,16,1.222694,210.386286,4.767016,1.508495
1,1,1,28.000000,17,263.080529,494.778466,-2.269066,4.455484
1,1,1,28.000000,18,426.092874,365.019628,4.951863,0.692136
1,1,1,28.000000,19,400.914477,8.961255,3.145942,-3.886264
1,1,1,28.000000,20,217.221732,211.823994,-3.087979,3.932478
1,1,1,28.000000,21,369.471850,77.681822,-4.803175,1.389067
1,1,1,28.000000,22,348.992215,116.226055,4.971663,-0.531569
1,1,1,28.000000,23,398.233020,469.701906,4.120289,-2.832529
1,1,1,28.000000,24,462.196666,57.684051,2.455321,4.355617
1,1,1,28.000000,25,20.448254,269.560627,-4.399506,-2.375784
1,1,1,28.000000,26,376.799747,417.478887,2.980849,-4.014292
1,1,1,28.000000,27,32.436334,264.266588,0.797683,4.935960
1,1,1,28.000000,28,434.713099,438.669505,-2.919429,-4.059179
1,1,1,28.000000,29,65.845684,269.349650,-4.461085,2.258035
1,1,1,28.000000,30,94.341623,448.572450,1.703964,-4.700692
1,1,1,28.000000,31,166.673540,75.359179,-1.290346,-4.830632
1,1,1,28.000000,32,0.027481,73.330142,0.976124,-4.903793
1,1,1,28.000000,33,385.826798,366.848326,-4.954194,0.675247
1,1,1,28.000000,34,476.153574,171.275918,-4.142522,2.799912
1,1,1,28.000000,35,277.718426,377.709648,-4.222484,2.677802
1,1,1,28.000000,36,268.935380,211.974069,4.879520,1.091002
1,1,1,28.000000,37,138.290086,265.667766,0.258377,4.993320
1,1,1,28.000000,38,361.906116,135.219170,2.770410,-4.162311
1,1,1,28.000000,39,303.566785,329.677957,-3.213003,-3.831006
1,1,1,28.000000,40,315.624826,252.755306,-3.707759,3.354478
1,1,1,28.000000,41,312.195155,108.535522,1.571476,4.746627
1,1,1,28.000000,42,274.199031,191.372637,4.742305,-1.584471
1,1,1,28.000000,43,487.544632,367.397307,4.701974,-1.700425
1,1,1,28.000000,44,395.805888,175.229871,0.369908,-4.986298
1,1,1,28.000000,45,360.841452,203.308272,1.672090,-4.712124
1,1,1,28.000000,46,323.181036,238.162952,-4.973499,-0.514113
1,1,1,28.000000,47,138.831571,454.723763,-4.913163,-0.927807
1,1,1,28.000000,48,427.449979,395.396874,-3.038202,-3.971061
1,1,1,28.000000,49,286.135506,365.591700,-2.113273,4.531454
1,1,1,28.000000,50,494.738751,148.012703,0.920647,4.914510
1,1,1,28.000000,51,457.468925,80.912519,-2.834812,4.118718
1,1,1,28.000000,52,200.888266,235.492947,2.095018,-4.539923
1,1,1,28.000000,53,427.375247,33.463959,1.818368,-4.657632
1,1,1,28.000000,54,450.333467,372.551999,4.211397,-2.695205
1,1,1,28.000000,55,104.879912,390.107220,4.334044,2.493204
1,1,1,28.000000,56,442.575566,24.874426,-2.396680,-4.388157
1,1,1,28.000000,57,255.001830,304.721091,2.397909,4.387486
1,1,1,28.000000,58,194.519408,115.746641,4.978767,-0.460305
1,1,1,28.000000,59,14.136774,100.132237,-3.517040,3.553931
1,1,1,28.000000,60,338.906965,177.587379,4.982689,-0.415702
1,1,1,28.000000,61,279.046166,402.019852,4.779150,-1.469601
1,1,1,28.000000,62,326.991777,138.783733,3.424900,-3.642809
1,1,1,28.000000,63,494.597524,17.819105,4.942834,0.753918
1,1,1,28.000000,64,116.305526,28.479809,4.809545,-1.366851
1,1,1,28.000000,65,304.106850,465.941370,4.311482,-2.532020
1,1,1,28.000000,66,369.057162,108.548026,-1.953342,-4.602657
1,1,1,28.000000,67,282.384132,157.242204,-3.238954,-3.809091
1,1,1,28.000000,68,409.165098,318.609291,1.300856,4.827813
1,1,1,28.000000,69,61.353388,276.410982,1.226052,-4.847349
1,1,1,28.000000,70,398.359490,353.720982,4.968635,0.559164
1,1,1,28.000000,71,319.590021,50.016187,-2.689107,-4.215294
1,1,1,28.000000,72,377.481352,288.011008,-0.261345,-4.993165
1,1,1,28.000000,73,419.099078,209.806432,-1.003699,4.898223
1,1,1,28.000000,74,274.231027,185.037541,-3.562369,-3.508494
1,1,1,28.000000,75,375.659428,15.843450,4.798979,-1.403494
1,1,1,28.000000,76,488.729561,442.789686,-4.944192,-0.744963
1,1,1,28.000000,77,89.062841,323.228955,4.092250,2.872888
1,1,1,28.000000,78,11.062284,42.581914,-3.471211,3.598707
1,1,1,28.000000,79,329.824883,421.134567,-4.682338,1.753770
1,1,1,28.000000,80,485.475927,269.098290,-1.397658,-4.800682
1,1,1,28.000000,81,470.980930,267.378500,2.009548,-4.578397
1,1,1,28.000000,82,291.497827,470.622266,0.766606,-4.940882
1,1,1,28.000000,83,188.480360,422.084804,2.304916,-4.437044
1,1,1,28.000000,84,365.980915,311.150252,-2.650055,4.239954
1,1,1,28.000000,85,137.573077,45.396692,4.969093,-0.555082
1,1,1,28.000000,86,76.673743,404.879771,-2.550116,4.300803
1,1,1,28.000000,87,486.722239,167.799839,4.929734,0.835296
1,1,1,28.000000,88,160.583868,288.135990,-2.042096,4.563973
1,1,1,28.000000,89,328.394613,440.244083,2.904155,-4.070121
1,1,1,28.000000,90,185.087827,88.996722,1.958807,4.600334
1,1,1,28.000000,91,207.567149,183.977081,-3.037180,-3.971843
1,1,1,28.000000,92,227.333747,326.702842,-3.516576,-3.554391
1,1,1,28.000000,93,175.662889,184.814082,0.273160,4.992533
1,1,1,28.000000,94,76.259422,95.951626,2.645799,-4.242611
1,1,1,28.000000,95,197.778380,122.355453,-1.942032,-4.607441
1,1,1,28.000000,96,151.824714,482.109838,-0.294293,-4.991332
1,1,1,28.000000,97,2.491683,280.040051,-2.388514,4.392608
1,1,1,28.000000,98,126.481553,325.004403,-3.802286,-3.246941
1,1,1,28.000000,99,454.946695,166.607271,-4.994470,0.235087
1,1,1,28.000000,100,161.079697,18.515837,-2.960570,-4.029271
1,1,1,28.000000,101,409.884584,22.466800,-3.845913,-3.195145
1,1,1,28.000000,102,135.029367,194.020121,-1.598278,4.737669
1,1,1,28.000000,103,368.154082,378.686980,4.999722,-0.052688
1,1,1,28.000000,104,180.453269,260.634477,-2.615872,-4.261128
1,1,1,28.000000,105,64.866012,195.125373,-1.891801,4.628292
1,1,1,28.000000,106,301.616278,464.326508,-4.718944,-1.652744
1,1,1,28.000000,107,252.065920,499.512188,4.649510,1.839037
1,1,1,28.000000,108,211.088110,42.453436,4.817807,-1.337435
1,1,1,28.000000,109,466.324483,93.232691,-3.607370,3.462208
1,1,1,28.000000,110,203.012953,67.272808,3.508665,-3.562200
1,1,1,28.000000,111,153.560924,185.933820,2.151753,-4.513309
1,1,1,28.000000,112,240.941125,8.124491,3.974623,3.033541
1,1,1,28.000000,113,136.809086,297.532346,4.945681,-0.735012
1,1,1,28.000000,114,446.789266,75.670004,-3.286515,-3.768132
1,1,1,28.000000,115,22.003963,464.636940,2.190271,4.494743
1,1,1,28.000000,116,41.440954,264.990681,-4.959273,-0.636877
1,1,1,28.000000,117,107.344255,122.085876,4.731322,1.616969
1,1,1,28.000000,118,22.426731,238.767391,-3.752345,-3.304528
1,1,1,28.000000,119,315.548445,259.434929,4.402185,-2.370816
1,1,1,28.000000,120,472.906034,400.895524,3.374551,3.689500
1,1,1,28.000000,121,494.994818,407.580018,2.695085,4.211474
1,1,1,28.000000,122,267.795759,387.403714,-3.754446,-3.302141
1,1,1,28.000000,123,361.317467,384.855748,-1.803057,4.663581
1,1,1,28.000000,124,465.448732,148.081332,-3.572176,-3.498508
1,1,1,28.000000,125,380.079954,180.980719,-0.732297,-4.946083
1,1,1,28.000000,126,67.096782,245.668658,-4.830033,1.292588
1,1,1,28.000000,127,320.488173,241.186797,3.109712,3.915315
1,1,1,28.000000,128,446.947134,127.254951,-4.942653,-0.755103
1,1,1,28.000000,129,389.650200,363.874640,3.475173,3.594881
1,1,1,28.000000,130,306.469825,404.149195,4.999749,0.050068
1,1,1,28.000000,131,39.012327,238.292790,-4.329173,2.501652
1,1,1,28.000000,132,365.098150,421.039645,-4.906391,-0.962978
1,1,1,28.000000,133,47.784522,150.174705,4.547057,-2.079490
1,1,1,28.000000,134,401.508468,276.506918,-4.528995,2.118539
1,1,1,28.000000,135,444.920759,134.914874,-4.277486,-2.589037
1,1,1,28.000000,136,175.351837,462.757268,0.599619,-4.963915
1,1,1,28.000000,137,383.498336,458.877727,4.842563,1.244822
1,1,1,28.000000,138,20.576158,206.457858,2.318340,-4.430045
1,1,1,28.000000,139,178.051645,87.402901,-0.823256,-4.931759
1,1,1,28.000000,140,259.064996,347.095729,4.829087,1.296119
1,1,1,28.000000,141,473.642934,411.894696,3.999512,3.000650
1,1,1,28.000000,142,404.373395,432.604124,3.985679,3.019000
1,1,1,28.000000,143,400.907204,391.393604,0.966663,-4.905666
1,1,1,28.000000,144,430.060939,454.263743,2.001087,-4.582101
1,1,1,28.000000,145,59.448600,151.843053,-4.999969,0.017549
1,1,1,28.000000,146,187.461789,312.891276,4.966808,0.575164
1,1,1,28.000000,147,171.475016,309.682669,-4.938826,-0.779745
1,1,1,28.000000,148,300.241356,235.879407,3.532489,-3.538576
1,1,1,28.000000,149,477.541715,433.358720,-3.494435,-3.576161
1,1,1,29.000000,0,162.926772,132.445358,-3.970194,-3.039335
1,1,1,29.000000,1,105.132597,51.926202,-3.452119,-3.617026
1,1,1,29.000000,2,212.715828,369.403007,-4.897781,-1.005855
1,1,1,29.000000,3,176.908566,365.114458,0.467094,4.978135
1,1,1,29.000000,4,465.880814,491.890255,1.392639,-4.802141
1,1,1,29.000000,5,329.876505,314.702755,3.990938,-3.012045
1,1,1,29.000000,6,88.634322,240.795518,-4.374626,-2.421290
1,1,1,29.000000,7,28.635519,464.075183,3.948165,3.067897
1,1,1,29.000000,8,94.357218,334.620338,1.038516,-4.890959
1,1,1,29.000000,9,75.167637,388.359919,2.588139,4.278030
1,1,1,29.000000,10,315.887150,414.172837,2.121559,4.527581
1,1,1,29.000000,11,92.815130,62.501437,-2.712135,-4.200515
1,1,1,29.000000,12,401.614007,423.998018,4.989688,0.320957
1,1,1,29.000000,13,241.059053,489.256585,-0.802111,-4.935242
1,1,1,29.000000,14,173.061631,254.930662,4.209449,2.698248
1,1,1,29.000000,15,247.798269,399.148977,4.995760,-0.205878
1,1,1,29.000000,16,6.117106,211.408411,4.894411,1.022125
1,1,1,29.000000,17,260.811464,499.233950,-1.133486,-4.869826
1,1,1,29.000000,18,431.044737,365.711764,-0.079908,-4.999361
1,1,1,29.000000,19,404.060419,5.074990,3.741134,3.317215
1,1,1,29.000000,20,214.133752,215.756473,-3.763440,-3.291887
1,1,1,29.000000,21,364.668674,79.070888,4.989372,-0.325826
1,1,1,29.000000,22,353.963878,115.694487,-3.318237,3.740228
1,1,1,29.000000,23,402.353309,466.869377,-4.965560,-0.585848
1,1,1,29.000000,24,464.651987,62.039668,-0.596252,4.964321
1,1,1,29.000000,25,16.048748,267.184842,-0.306431,-4.990601
1,1,1,29.000000,26,379.780596,413.464595,-2.998847,-4.000864
1,1,1,29.000000,27,33.234017,269.202548,-2.270442,4.454783
1,1,1,29.000000,28,431.793670,434.610326,-4.786850,-1.444321
1,1,1,29.000000,29,61.384599,271.607685,4.998064,0.139135
1,1,1,29.000000,30,96.045587,443.871758,-4.971260,-0.535331
1,1,1,29.000000,31,165.383195,70.528547,3.649813,-3.417435
1,1,1,29.000000,32,0.214998,68.333659,0.187517,-4.996482
1,1,1,29.000000,33,380.872604,367.523573,-3.029844,3.977442
1,1,1,29.000000,34,472.011052,174.075830,4.708748,1.681575
1,1,1,29.000000,35,273.495942,380.387450,-1.876207,4.634636
1,1,1,29.000000,36,273.814900,213.065072,-4.678098,-1.765050
1,1,1,29.000000,37,138.548463,270.661085,4.999991,-0.009259
1,1,1,29.000000,38,364.676526,131.056859,0.686482,4.952650
1,1,1,29.000000,39,300.353782,325.846950,4.150576,2.787960
1,1,1,29.000000,40,311.917067,256.109784,4.974777,-0.501594
1,1,1,29.000000,41,313.766631,113.282149,4.535252,2.105110
1,1,1,29.000000,42,278.941336,189.788166,3.199148,3.842584
1,1,1,29.000000,43,492.246605,365.696883,4.679782,1.760580
1,1,1,29.000000,44,396.175796,170.243573,2.353564,-4.411432
1,1,1,29.000000,45,362.513543,198.596148,4.012373,-2.983431
1,1,1,29.000000,46,318.207537,237.648839,-4.601869,-1.955198
1,1,1,29.000000,47,133.918408,453.795956,3.542842,-3.528210
1,1,1,29.000000,48,424.411777,391.425813,3.056602,3.956916
1,1,1,29.000000,49,284.022233,370.123154,4.031662,2.957314
1,1,1,29.000000,50,497.468948,152.201500,2.730197,4.188797
1,1,1,29.000000,51,454.634112,85.031237,-2.720892,-4.194847
1,1,1,29.000000,52,202.983283,230.953024,4.929191,0.838494
1,1,1,29.000000,53,429.193615,28.806326,4.991102,-0.298160
1,1,1,29.000000,54,454.544864,369.856793,1.305542,4.826547
1,1,1,29.000000,55,109.213956,392.600424,2.473432,-4.345358
1,1,1,29.000000,56,440.178886,20.486269,-1.136433,4.869139
1,1,1,29.000000,57,257.399739,309.108577,-4.556041,-2.059730
1,1,1,29.000000,58,199.498175,115.286336,1.214935,-4.850148
1,1,1,29.000000,59,10.619734,103.686168,4.892244,-1.032448
1,1,1,29.000000,60,343.889655,177.171678,4.707203,-1.685895
1,1,1,29.000000,61,283.825316,400.550251,1.913534,4.619349
1,1,1,29.000000,62,330.416677,135.140923,-0.166024,-4.997243
1,1,1,29.000000,63,489.603535,18.064201,-4.993989,0.245096
1,1,1,29.000000,64,120.956509,26.644501,4.650983,-1.835309
1,1,1,29.000000,65,308.418332,463.409350,-3.540778,3.530282
1,1,1,29.000000,66,367.103819,103.945369,4.602997,-1.952541
1,1,1,29.000000,67,279.145178,153.433113,-2.934481,-4.048311
1,1,1,29.000000,68,410.465954,323.437103,0.551467,-4.969495
1,1,1,29.000000,69,62.579440,271.563633,4.855278,-1.194267
1,1,1,29.000000,70,403.328125,354.280146,-3.496981,-3.573671
1,1,1,29.000000,71,316.900914,45.800894,-1.492634,-4.772006
1,1,1,29.000000,72,377.220007,283.017843,-4.816426,1.342399
1,1,1,29.000000,73,418.095379,214.704655,-3.502941,-3.567829
1,1,1,29.000000,74,270.668659,181.529047,-4.778346,1.472211
1,1,1,29.000000,75,380.458407,14.439956,-3.411074,3.655759
1,1,1,29.000000,76,484.874598,439.605465,-3.854962,-3.184221
1,1,1,29.000000,77,93.155092,326.101843,-0.399327,-4.984028
1,1,1,29.000000,78,13.978126,46.643671,2.915842,4.061757
1,1,1,29.000000,79,325.142544,422.888337,-3.831954,-3.211873
1,1,1,29.000000,80,484.078269,264.297608,3.676903,-3.388272
1,1,1,29.000000,81,472.990478,262.800103,2.265423,4.457338
1,1,1,29.000000,82,292.264433,465.681384,4.975399,0.495387
1,1,1,29.000000,83,190.785276,417.647760,-2.618012,-4.259814
1,1,1,29.000000,84,363.330859,315.390205,-3.526150,3.544893
1,1,1,29.000000,85,142.542169,44.841610,-4.210017,-2.697361
1,1,1,29.000000,86,74.123627,409.180574,-2.728461,-4.189928
1,1,1,29.000000,87,491.651973,168.635136,4.669038,-1.788877
1,1,1,29.000000,88,158.541773,292.699963,2.134694,-4.521403
1,1,1,29.000000,89,331.298768,436.173962,4.760787,-1.528042
1,1,1,29.000000,90,187.046634,93.597056,-0.361511,-4.986914
1,1,1,29.000000,91,204.529969,180.005238,-3.334516,-3.725722
1,1,1,29.000000,92,223.817171,323.148451,0.345480,4.988050
1,1,1,29.000000,93,175.936049,189.806615,4.882862,-1.075946
1,1,1,29.000000,94,78.905222,91.709015,-3.886193,-3.146030
1,1,1,29.000000,95,195.836347,117.748012,-3.573426,-3.497231
1,1,1,29.000000,96,151.530422,477.118507,1.261007,-4.838374
1,1,1,29.000000,97,3.747302,275.200276,1.255619,-4.839775
1,1,1,29.000000,98,122.679267,321.757463,4.117205,-2.837010
1,1,1,29.000000,99,449.952225,166.842358,4.528831,2.118890
1,1,1,29.000000,100,158.910821,14.010731,-2.168876,-4.505106
1,1,1,29.000000,101,408.554972,27.286772,-1.329612,4.819972
1,1,1,29.000000,102,133.431089,198.757790,-2.469573,4.347552
1,1,1,29.000000,103,373.153805,378.634292,-1.751629,-4.683140
1,1,1,29.000000,104,177.837397,256.373349,-2.728951,-4.189609
1,1,1,29.000000,105,62.974211,199.753666,4.997541,0.156800
1,1,1,29.000000,106,296.897334,462.673764,-4.461546,-2.257124
1,1,1,29.000000,107,256.715430,498.648775,4.649510,-1.839037
1,1,1,29.000000,108,215.905918,41.116002,-4.999891,-0.032970
1,1,1,29.000000,109,462.717114,96.694898,0.322229,-4.989606
1,1,1,29.000000,110,206.521619,63.710608,-4.787971,1.440602
1,1,1,29.000000,111,155.712677,181.420511,4.202526,-2.709018
1,1,1,29.000000,112,240.022434,3.209614,-0.918691,-4.914876
1,1,1,29.000000,113,141.754767,296.797335,4.503204,-2.172822
1,1,1,29.000000,114,443.502751,71.901872,-4.570496,-2.027453
1,1,1,29.000000,115,17.034105,464.088745,-4.969857,-0.548195
1,1,1,29.000000,116,36.481681,264.353805,4.469687,-2.240959
1,1,1,29.000000,117,112.075577,123.702846,-4.978473,-0.463475
1,1,1,29.000000,118,18.674386,235.462863,-1.324072,4.821497
1,1,1,29.000000,119,319.950630,257.064113,-2.757779,4.170690
1,1,1,29.000000,120,476.280584,404.585023,4.539181,2.096625
1,1,1,29.000000,121,490.065245,408.416264,-4.929573,0.836246
1,1,1,29.000000,122,264.041312,384.101574,-0.133386,-4.998221
1,1,1,29.000000,123,359.514410,389.519328,0.424511,-4.981946
1,1,1,29.000000,124,461.876556,144.582823,-3.450531,3.618541
1,1,1,29.000000,125,379.347657,176.034635,-4.881599,-1.081663
1,1,1,29.000000,126,62.266749,246.961247,4.869098,1.136609
1,1,1,29.000000,127,323.597884,245.102112,2.132258,-4.522552
1,1,1,29.000000,128,442.004481,126.499848,-0.338537,4.988526
1,1,1,29.000000,129,393.125373,367.469521,-4.366563,2.435801
1,1,1,29.000000,130,311.469574,404.199263,0.541591,-4.970581
1,1,1,29.000000,131,34.683154,240.794443,-3.777939,-3.275237
1,1,1,29.000000,132,360.191759,420.076666,-4.172847,2.754514
1,1,1,29.000000,133,52.331579,148.095216,-2.301804,4.438659
1,1,1,29.000000,134,396.979473,278.625457,-0.445951,4.980073
1,1,1,29.000000,135,440.643272,132.325837,-4.948489,-0.715861
1,1,1,29.000000,136,175.951456,457.793353,4.909218,0.948459
1,1,1,29.000000,137,388.340899,460.122549,-4.859634,-1.176416
1,1,1,29.000000,138,22.894497,202.027813,-0.249300,4.993781
1,1,1,29.000000,139,177.228389,82.471142,4.835523,-1.271895
1,1,1,29.000000,140,263.894082,348.391847,4.287614,2.572229
1,1,1,29.000000,141,477.642446,414.895346,3.899620,3.129371
1,1,1,29.000000,142,408.359074,435.623124,4.776962,-1.476697
1,1,1,29.000000,143,401.873867,386.487938,-4.958254,-0.644764
1,1,1,29.000000,144,432.062026,449.681642,4.948644,-0.714789
1,1,1,29.000000,145,54.448631,151.860602,-1.684833,-4.707583
1,1,1,29.000000,146,192.428597,313.466441,2.092067,-4.541283
1,1,1,29.000000,147,166.536191,308.902924,-4.789017,1.437120
1,1,1,29.000000,148,303.773845,232.340831,1.824505,-4.655232
1,1,1,29.000000,149,474.047280,429.782559,4.999976,0.015531
1,1,1,30.000000,0,158.956578,129.406023,4.392727,2.388294
1,1,1,30.000000,1,101.680478,48.309176,-3.110365,-3.914796
1,1,1,30.000000,2,207.818047,368.397152,4.015564,2.979135
1,1,1,30.000000,3,177.375659,370.092592,-2.403407,4.384477
1,1,1,30.000000,4,467.273453,487.088114,2.933015,4.049373
1,1,1,30.000000,5,333.867443,311.690709,-4.812330,1.357012
1,1,1,30.000000,6,84.259696,238.374228,-3.538057,-3.533009
1,1,1,30.000000,7,23.643331,463.795785,-4.992188,-0.279398
1,1,1,30.000000,8,95.395734,329.729378,-2.970913,-4.021651
1,1,1,30.000000,9,77.755776,392.637948,-0.415677,4.982691
1,1,1,30.000000,10,318.008710,418.700418,2.989846,4.007595
1,1,1,30.000000,11,90.102995,58.300923,-4.306017,-2.541303
1,1,1,30.000000,12,406.603695,424.318975,3.265477,-3.786378
1,1,1,30.000000,13,240.256942,484.321343,-4.607017,1.943037
1,1,1,30.000000,14,177.271080,257.628909,2.415288,4.377943
1,1,1,30.000000,15,252.794029,398.943099,-4.993268,-0.259380
1,1,1,30.000000,16,1.765707,208.945622,-4.351399,-2.462789
1,1,1,30.000000,17,259.677978,494.364124,-2.579987,4.282951
1,1,1,30.000000,18,430.964829,360.712402,2.913942,4.063119
1,1,1,30.000000,19,407.801553,8.392205,4.366818,2.435344
1,1,1,30.000000,20,210.370312,212.464586,3.614357,3.454913
1,1,1,30.000000,21,369.658047,78.745062,4.984502,-0.393375
1,1,1,30.000000,22,350.645641,119.434714,-4.985771,-0.376944
1,1,1,30.000000,23,397.387749,466.283529,-4.412407,-2.351737
1,1,1,30.000000,24,464.055736,67.003989,3.565683,3.505126
1,1,1,30.000000,25,15.742317,262.194241,3.175045,-3.862523
1,1,1,30.000000,26,376.781749,409.463731,4.835167,1.273246
1,1,1,30.000000,27,30.963575,273.657331,-1.282217,-4.832796
1,1,1,30.000000,28,427.006820,433.166005,4.982141,0.422224
1,1,1,30.000000,29,66.382663,271.746819,-4.301946,-2.548187
1,1,1,30.000000,30,91.074328,443.336427,4.119983,-2.832973
1,1,1,30.000000,31,169.033008,67.111112,4.450574,2.278682
1,1,1,30.000000,32,4.957585,69.917285,4.742587,1.583626
1,1,1,30.000000,33,377.842760,371.501015,2.452254,-4.357344
1,1,1,30.000000,34,476.719799,175.757405,3.789907,-3.261381
1,1,1,30.000000,35,271.619735,385.022086,-2.254258,-4.462995
1,1,1,30.000000,36,269.136802,211.300022,0.576523,-4.966651
1,1,1,30.000000,37,143.548454,270.651827,0.906560,4.917128
1,1,1,30.000000,38,365.363008,136.009509,3.647818,3.419565
1,1,1,30.000000,39,304.504358,328.634910,-0.032431,-4.999895
1,1,1,30.000000,40,316.891843,255.608190,-4.617232,-1.918638
1,1,1,30.000000,41,318.301883,115.387259,0.843814,4.928283
1,1,1,30.000000,42,282.140483,193.630750,-1.340996,4.816817
1,1,1,30.000000,43,496.926387,367.457463,4.346958,2.470619
1,1,1,30.000000,44,398.529360,165.832141,-2.226610,4.476852
1,1,1,30.000000,45,366.525916,195.612717,2.553485,-4.298804
1,1,1,30.000000,46,313.605668,235.693642,-4.432464,2.313712
1,1,1,30.000000,47,137.461250,450.267746,3.074309,-3.943174
1,1,1,30.000000,48,427.468379,395.382729,4.815710,1.344966
1,1,1,30.000000,49,288.053895,373.080468,-1.335980,-4.818211
1,1,1,30.000000,50,494.666101,156.342038,-2.802846,4.140538
1,1,1,30.000000,51,451.913220,80.836390,-3.517754,-3.553225
1,1,1,30.000000,52,207.912475,231.791517,1.821837,-4.656276
1,1,1,30.000000,53,434.184717,28.508166,3.074328,-3.943159
1,1,1,30.000000,54,455.850407,374.683341,3.855939,-3.183038
1,1,1,30.000000,55,111.687387,388.255066,-2.318536,4.429942
1,1,1,30.000000,56,439.042453,25.355408,-2.455778,-4.355359
1,1,1,30.000000,57,252.843697,307.048848,-2.279704,-4.450051
1,1,1,30.000000,58,200.713110,110.436188,-3.006629,-3.995019
1,1,1,30.000000,59,15.511978,102.653720,4.518331,2.141189
1,1,1,30.000000,60,348.596857,175.485782,-0.416034,4.982662
1,1,1,30.000000,61,285.738850,405.169600,-3.646461,3.421012
1,1,1,30.000000,62,330.250653,130.143680,2.601083,-4.270172
1,1,1,30.000000,63,492.951755,21.777611,3.348221,3.713411
1,1,1,30.000000,64,115.968720,26.295270,-4.987789,-0.349231
1,1,1,30.000000,65,304.877554,466.939632,3.655643,3.411199
1,1,1,30.000000,66,371.706817,101.992827,-4.151398,-2.786736
1,1,1,30.000000,67,276.210697,149.384802,4.070796,-2.903208
1,1,1,30.000000,68,411.017420,318.467608,4.973303,-0.516000
1,1,1,30.000000,69,67.434718,270.369366,4.995603,-0.209651
1,1,1,30.000000,70,399.831145,350.706475,-3.689956,-3.374052
1,1,1,30.000000,71,315.408280,41.028887,-1.274424,4.834857
1,1,1,30.000000,72,372.403581,284.360242,1.519932,4.763382
1,1,1,30.000000,73,414.592438,211.136827,4.702846,-1.698011
1,1,1,30.000000,74,265.890312,183.001258,-4.021781,-2.970737
1,1,1,30.000000,75,377.047333,18.095715,3.813292,-3.234008
1,1,1,30.000000,76,483.410831,434.824525,-1.463768,-4.780940
1,1,1,30.000000,77,92.755765,321.117815,4.662577,-1.805650
1,1,1,30.000000,78,10.761266,50.471439,-3.216860,3.827769
1,1,1,30.000000,79,321.310591,419.676464,-4.922537,-0.876714
1,1,1,30.000000,80,487.755171,260.909336,-4.671499,-1.782441
1,1,1,30.000000,81,475.255901,267.257441,-4.567803,-2.033514
1,1,1,30.000000,82,297.239831,466.176771,2.588826,4.277614
1,1,1,30.000000,83,188.167265,413.387946,-4.997145,-0.168941
1,1,1,30.000000,84,359.804709,318.935098,-4.977630,0.472442
1,1,1,30.000000,85,138.332153,42.144249,3.450075,3.618975
1,1,1,30.000000,86,71.395165,404.990646,3.763853,-3.291414
1,1,1,30.000000,87,496.321011,166.846259,0.995309,4.899935
1,1,1,30.000000,88,160.676467,288.178560,-4.372003,2.426023
1,1,1,30.000000,89,336.059555,434.645920,4.987180,-0.357822
1,1,1,30.000000,90,186.685123,88.610142,1.019596,-4.894939
1,1,1,30.000000,91,201.195454,176.279516,-4.983292,0.408413
1,1,1,30.000000,92,224.162651,328.136501,3.719624,-3.341317
1,1,1,30.000000,93,180.818910,188.730668,-4.952502,0.687550
1,1,1,30.000000,94,75.019029,88.562985,3.264775,-3.786984
1,1,1,30.000000,95,192.262921,114.250782,2.892421,-4.078468
1,1,1,30.000000,96,152.791428,472.280133,-4.331966,2.496812
1,1,1,30.000000,97,8.571656,276.513899,4.824354,1.313623
1,1,1,30.000000,98,126.796472,318.920453,-4.999805,-0.044202
1,1,1,30.000000,99,454.481056,168.961248,4.774811,1.483637
1,1,1,30.000000,100,154.311688,15.972357,-4.599133,1.961626
1,1,1,30.000000,101,411.079291,22.970777,2.524319,-4.315995
1,1,1,30.000000,102,130.961516,203.105342,0.309417,4.990417
1,1,1,30.000000,103,371.402176,373.951152,4.948675,-0.714574
1,1,1,30.000000,104,175.108446,252.183740,4.528483,2.119632
1,1,1,30.000000,105,67.971752,199.910466,-4.965346,-0.587654
1,1,1,30.000000,106,292.435788,460.416639,4.976150,-0.487786
1,1,1,30.000000,107,259.279843,494.356481,2.564413,-4.292294
1,1,1,30.000000,108,210.906027,41.083032,-3.267811,-3.784364
1,1,1,30.000000,109,463.039343,91.705292,4.978229,-0.466083
1,1,1,30.000000,110,201.733648,65.151210,-4.628444,1.891429
1,1,1,30.000000,111,159.915203,178.711493,2.834316,-4.119060
1,1,1,30.000000,112,238.784300,1.634663,-1.238134,4.844278
1,1,1,30.000000,113,146.257971,294.624513,-3.614416,-3.454852
1,1,1,30.000000,114,438.932255,69.874419,-2.923729,4.056083
1,1,1,30.000000,115,21.113076,461.197033,4.078970,-2.891712
1,1,1,30.000000,116,40.951368,262.112846,-2.038788,-4.565451
1,1,1,30.000000,117,107.097104,123.239371,-4.997989,0.141797
1,1,1,30.000000,118,17.350314,240.284360,-4.993044,-0.263649
1,1,1,30.000000,119,317.192851,261.234803,3.238879,-3.809155
1,1,1,30.000000,120,480.819765,406.681649,2.148123,4.515038
1,1,1,30.000000,121,486.658708,404.756277,-3.406537,-3.659987
1,1,1,30.000000,122,263.907927,379.103353,4.267393,-2.605639
1,1,1,30.000000,123,359.938921,384.537382,1.034230,4.891867
1,1,1,30.000000,124,458.426025,148.201364,-2.334460,-4.421572
1,1,1,30.000000,125,374.466058,174.952972,3.801453,3.247916
1,1,1,30.000000,126,67.135848,248.097856,-4.981431,-0.430515
1,1,1,30.000000,127,325.730143,240.579560,4.946140,0.731917
1,1,1,30.000000,128,441.665945,131.488375,-2.932686,4.049612
1,1,1,30.000000,129,388.758810,369.905323,-4.744783,1.577034
1,1,1,30.000000,130,312.011165,399.228682,0.024739,4.999939
1,1,1,30.000000,131,30.905216,237.519205,2.920171,-4.058645
1,1,1,30.000000,132,356.018912,422.831181,-0.721716,4.947638
1,1,1,30.000000,133,50.029775,152.533875,-1.705355,4.700188
1,1,1,30.000000,134,396.533522,283.605530,-0.317272,-4.989924
1,1,1,30.000000,135,435.694783,131.609976,-2.596366,-4.273042
1,1,1,30.000000,136,180.860675,458.741812,4.878814,1.094153
1,1,1,30.000000,137,383.481265,458.946133,4.896011,-1.014435
1,1,1,30.000000,138,22.645198,207.021594,1.377358,4.806546
1,1,1,30.000000,139,182.063912,81.199247,-4.999567,0.065766
1,1,1,30.000000,140,268.181697,350.964076,2.947693,4.038701
1,1,1,30.000000,141,481.542066,418.024717,-3.872873,3.162413
1,1,1,30.000000,142,413.136036,434.146427,3.662260,-3.404094
1,1,1,30.000000,143,396.915614,385.843174,-2.858514,-4.102304
1,1,1,30.000000,144,437.010670,448.966852,1.960764,4.599501
1,1,1,30.000000,145,52.763798,147.153019,4.989342,0.326295
1,1,1,30.000000,146,194.520665,308.925157,-4.346061,2.472196
1,1,1,30.000000,147,161.747174,310.340044,3.791893,-3.259072
1,1,1,30.000000,148,305.598350,227.685599,0.308988,4.990444
1,1,1,30.000000,149,479.047256,429.798090,-4.581302,-2.002917
1,1,1,31.000000,0,163.349305,131.794317,4.769158,1.501710
1,1,1,31.000000,1,98.570113,44.394380,-0.157403,4.997522
1,1,1,31.000000,2,211.833611,371.376287,4.297391,2.555862
1,1,1,31.000000,3,174.972253,374.477069,-4.763894,1.518327
1,1,1,31.000000,4,470.206469,491.137487,4.824838,-1.311844
1,1,1,31.000000,5,329.055113,313.047721,-0.774591,-4.939637
1,1,1,31.000000,6,80.721639,234.841219,-4.379057,-2.413267
1,1,1,31.000000,7,27.713890,466.699326,4.070559,2.903541
1,1,1,31.000000,8,92.424821,325.707727,-2.258402,4.460899
1,1,1,31.000000,9,77.340099,397.620640,0.567025,4.967744
1,1,1,31.000000,10,320.998556,422.708013,-4.892051,1.033363
1,1,1,31.000000,11,85.796979,55.759620,4.990379,-0.310030
1,1,1,31.000000,12,409.869172,420.532597,-1.858119,-4.641917
1,1,1,31.000000,13,235.649925,486.264380,-3.466608,-3.603142
1,1,1,31.000000,14,179.686367,262.006852,-4.809484,-1.367065
1,1,1,31.000000,15,247.800761,398.683718,4.865962,-1.149963
1,1,1,31.000000,16,1.925330,203.948171,0.159624,-4.997451
1,1,1,31.000000,17,257.097991,498.647075,-2.776615,-4.158174
1,1,1,31.000000,18,433.878771,364.775522,4.857604,-1.184771
1,1,1,31.000000,19,412.168371,10.827549,4.974797,0.501396
1,1,1,31.000000,20,213.984669,215.919499,-4.116759,-2.837657
1,1,1,31.000000,21,374.642548,78.351687,0.715469,-4.948546
1,1,1,31.000000,22,345.659870,119.057770,0.734445,-4.945765
1,1,1,31.000000,23,392.975342,463.931792,3.405313,-3.661126
1,1,1,31.000000,24,467.621418,70.509115,1.458283,4.782615
1,1,1,31.000000,25,18.917362,258.331718,-3.978839,-3.028009
1,1,1,31.000000,26,381.616916,410.736977,-2.221356,-4.479462
1,1,1,31.000000,27,29.681358,268.824535,2.799002,4.143137
1,1,1,31.000000,28,431.988960,433.588229,-1.554200,-4.752311
1,1,1,31.000000,29,62.080716,269.198632,4.960545,-0.626891
1,1,1,31.000000,30,95.194311,440.503454,-4.951224,-0.696694
1,1,1,31.000000,31,173.483581,69.389794,2.516642,-4.320476
1,1,1,31.000000,32,1.116673,73.118440,-3.840912,3.201155
1,1,1,31.000000,33,380.295014,367.143671,-2.174067,-4.502603
1,1,1,31.000000,34,480.509706,172.496024,1.581452,4.743312
1,1,1,31.000000,35,269.365477,380.559091,-2.013947,-4.576463
1,1,1,31.000000,36,269.713326,206.333371,-4.335060,2.491436
1,1,1,31.000000,37,144.455015,275.568955,4.929588,-0.836158
1,1,1,31.000000,38,369.010825,139.429074,4.873793,1.116307
1,1,1,31.000000,39,304.471926,323.635016,-4.966584,0.577100
1,1,1,31.000000,40,312.274611,253.689552,-4.803501,-1.387942
1,1,1,31.000000,41,319.145697,120.315542,-4.516266,-2.145541
1,1,1,31.000000,42,280.799487,198.447567,0.911983,-4.916125
1,1,1,31.000000,43,498.726655,369.928081,-4.346958,2.470619
1,1,1,31.000000,44,396.302750,170.308993,3.692754,3.370989
1,1,1,31.000000,45,369.079401,191.313913,-1.010526,4.896819
1,1,1,31.000000,46,309.173204,238.007353,-0.946981,-4.909504
1,1,1,31.000000,47,140.535559,446.324572,-4.971262,0.535310
1,1,1,31.000000,48,432.284090,396.727694,-4.473076,2.234187
1,1,1,31.000000,49,286.717915,368.262257,4.800493,-1.398308
1,1,1,31.000000,50,499.159544,158.534974,4.493443,2.192936
1,1,1,31.000000,51,448.395466,77.283165,-3.888514,-3.143160
1,1,1,31.000000,52,209.734312,227.135241,0.897371,-4.918813
1,1,1,31.000000,53,437.259045,24.565007,-4.535947,-2.103612
1,1,1,31.000000,54,459.706346,371.500303,-0.637730,4.959163
1,1,1,31.000000,55,109.368851,392.685008,4.588914,1.985414
1,1,1,31.000000,56,436.586675,21.000049,-4.265400,-2.608901
1,1,1,31.000000,57,250.563993,302.598797,3.664412,-3.401777
1,1,1,31.000000,58,197.706481,106.441168,-0.236359,-4.994410
1,1,1,31.000000,59,20.030309,104.794909,2.517237,4.320129
1,1,1,31.000000,60,348.180823,180.468444,1.331063,-4.819572
1,1,1,31.000000,61,282.092389,408.590611,4.986822,0.362774
1,1,1,31.000000,62,332.851736,125.873509,2.425053,-4.372541
1,1,1,31.000000,63,494.948710,26.361515,1.996954,4.583904
1,1,1,31.000000,64,115.475356,31.270869,-0.493364,4.975600
1,1,1,31.000000,65,308.533197,470.350831,3.178858,3.859386
1,1,1,31.000000,66,367.555419,99.206092,0.521471,-4.972732
1,1,1,31.000000,67,280.281493,146.481594,-2.203910,4.488071
1,1,1,31.000000,68,415.990723,317.951608,2.674691,4.224456
1,1,1,31.000000,69,72.430321,270.159715,-4.534847,2.105982
1,1,1,31.000000,70,396.141189,347.332423,-4.089402,-2.876941
1,1,1,31.000000,71,314.133856,45.863744,0.991529,4.900701
1,1,1,31.000000,72,373.923513,289.123624,-1.195895,4.854877
1,1,1,31.000000,73,419.295284,209.438816,-0.033680,-4.999887
1,1,1,31.000000,74,261.868531,180.030521,4.704262,1.694082
1,1,1,31.000000,75,380.860625,14.861707,2.143040,-4.517453
1,1,1,31.000000,76,478.896538,436.974215,-4.514292,2.149690
1,1,1,31.000000,77,97.418342,319.312165,4.411196,-2.354007
1,1,1,31.000000,78,15.745110,50.873062,4.983844,0.401622
1,1,1,31.000000,79,316.388053,418.799749,3.803025,3.246074
1,1,1,31.000000,80,483.083672,259.126895,-4.770286,-1.498124
1,1,1,31.000000,81,470.688098,265.223926,0.304059,-4.990746
1,1,1,31.000000,82,299.828657,470.454385,2.865091,4.097713
1,1,1,31.000000,83,183.170119,413.219005,-4.177440,-2.747544
1,1,1,31.000000,84,354.827079,319.407540,-2.935328,4.047697
1,1,1,31.000000,85,141.782227,45.763224,1.296777,-4.828910
1,1,1,31.000000,86,75.159018,401.699231,-1.726466,-4.692474
1,1,1,31.000000,87,497.316320,171.746193,-2.276626,-4.451626
1,1,1,31.000000,88,156.304464,290.604584,-3.499582,-3.571124
1,1,1,31.000000,89,341.046735,434.288097,2.834518,-4.118921
1,1,1,31.000000,90,187.704719,83.715204,2.741518,-4.181397
1,1,1,31.000000,91,196.212162,176.687929,4.241247,2.647984
1,1,1,31.000000,92,227.882275,324.795184,-2.591875,-4.275767
1,1,1,31.000000,93,175.866408,189.418218,0.082263,-4.999323
1,1,1,31.000000,94,78.283804,84.776001,-3.904444,-3.123350
1,1,1,31.000000,95,195.155342,110.172313,4.444615,2.290282
1,1,1,31.000000,96,148.459462,474.776945,-4.060137,-2.918096
1,1,1,31.000000,97,10.474308,281.137741,1.902652,4.623842
1,1,1,31.000000,98,121.796667,318.876251,2.684779,-4.218052
1,1,1,31.000000,99,459.255867,170.444885,-0.478638,-4.977038
1,1,1,31.000000,100,149.320159,16.263275,-4.991529,0.290918
1,1,1,31.000000,101,407.879493,19.128733,-3.199797,-3.842043
1,1,1,31.000000,102,131.270933,208.095759,0.228366,-4.994782
1,1,1,31.000000,103,376.350851,373.236578,-4.998853,0.107101
1,1,1,31.000000,104,179.636929,254.303371,4.183807,-2.737839
1,1,1,31.000000,105,63.006405,199.322812,-3.732538,3.326884
1,1,1,31.000000,106,297.411937,459.928853,2.282895,-4.448414
1,1,1,31.000000,107,264.237413,493.706485,4.957570,-0.649996
1,1,1,31.000000,108,207.638216,37.298668,-0.213714,-4.995431
1,1,1,31.000000,109,468.017572,91.239209,-4.513722,-2.150887
1,1,1,31.000000,110,197.105203,67.042639,-4.999818,0.042627
1,1,1,31.000000,111,162.749519,174.592433,3.217940,-3.826861
1,1,1,31.000000,112,235.573135,2.197884,-3.211165,3.832547
1,1,1,31.000000,113,142.643555,291.169661,-4.923828,-0.869434
1,1,1,31.000000,114,436.008527,73.930502,-1.835446,4.650929
1,1,1,31.000000,115,16.115281,461.345528,-4.997794,0.148495
1,1,1,31.000000,116,38.912580,257.547395,-0.682062,-4.953261
1,1,1,31.000000,117,102.099115,123.381167,4.313657,-2.528312
1,1,1,31.000000,118,12.357270,240.020711,3.169463,3.867106
1,1,1,31.000000,119,320.431729,257.425648,4.557900,-2.055615
1,1,1,31.000000,120,482.967888,411.196686,-3.186485,3.853092
1,1,1,31.000000,121,489.284008,400.500951,2.625300,-4.255326
1,1,1,31.000000,122,268.175320,376.497714,2.980216,4.014762
1,1,1,31.000000,123,360.973151,389.429249,2.551483,-4.299992
1,1,1,31.000000,124,456.091566,143.779792,4.985908,0.375135
1,1,1,31.000000,125,378.267511,178.200888,2.514111,-4.321949
1,1,1,31.000000,126,62.154416,247.667341,3.811760,3.235813
1,1,1,31.000000,127,330.676282,241.311478,1.299079,-4.828291
1,1,1,31.000000,128,438.733259,135.537986,2.116881,-4.529770
1,1,1,31.000000,129,384.014027,371.482357,-3.121054,3.906280
1,1,1,31.000000,130,312.035904,404.228621,2.373483,-4.400748
1,1,1,31.000000,131,33.825387,233.460560,-3.546953,3.524078
1,1,1,31.000000,132,355.297196,427.778819,-0.201090,4.995955
1,1,1,31.000000,133,48.324420,157.234063,-4.559163,2.052812
1,1,1,31.000000,134,396.216250,278.615606,3.963777,3.047699
1,1,1,31.000000,135,433.098418,127.336934,4.444276,-2.290941
1,1,1,31.000000,136,185.739489,459.835965,-4.840331,1.253474
1,1,1,31.000000,137,388.377275,457.931698,4.369387,2.430732
1,1,1,31.000000,138,24.022555,211.828140,2.523079,-4.316720
1,1,1,31.000000,139,177.064345,81.265012,-0.477168,4.977179
1,1,1,31.000000,140,271.129390,355.002777,4.274287,2.594314
1,1,1,31.000000,141,477.669193,421.187130,-4.347542,-2.469591
1,1,1,31.000000,142,416.798296,430.742333,-1.063612,4.885563
1,1,1,31.000000,143,394.057100,381.740870,-4.986573,0.366177
1,1,1,31.000000,144,438.971434,453.566353,4.742067,1.585183
1,1,1,31.000000,145,57.753140,147.479314,-1.194526,-4.855215
1,1,1,31.000000,146,190.174604,311.397354,2.114432,4.530914
1,1,1,31.000000,147,165.539066,307.080973,3.237731,3.810131
1,1,1,31.000000,148,305.907338,232.676043,-2.211923,-4.484127
1,1,1,31.000000,149,474.465955,427.795173,1.491369,4.772402
1,1,1,32.000000,0,168.118463,133.296027,-3.862325,3.175286
1,1,1,32.000000,1,98.412710,49.391902,-4.644858,-1.850755
1,1,1,32.000000,2,216.131002,373.932150,2.603493,4.268703
1,1,1,32.000000,3,170.208359,375.995396,-4.838241,1.261516
1,1,1,32.000000,4,475.031307,489.825643,-1.594591,4.738911
1,1,1,32.000000,5,328.280522,308.108085,3.242319,3.806227
1,1,1,32.000000,6,76.342581,232.427952,2.523588,4.316423
1,1,1,32.000000,7,27.035415,461.745573,-0.678475,-4.953753
1,1,1,32.000000,8,90.166419,330.168626,-4.871892,-1.124573
1,1,1,32.000000,9,77.907124,402.588384,1.795808,4.666377
1,1,1,32.000000,10,316.106505,423.741376,2.348007,4.414393
1,1,1,32.000000,11,90.787358,55.449590,-2.095050,-4.539908
1,1,1,32.000000,12,408.011053,415.890680,-4.983235,0.409105
1,1,1,32.000000,13,232.183317,482.661238,3.499387,-3.571315
1,1,1,32.000000,14,174.876883,260.639788,-4.544653,2.084737
1,1,1,32.000000,15,252.666723,397.533755,0.155985,4.997566
1,1,1,32.000000,16,1.857074,207.218250,3.782404,3.270079
1,1,1,32.000000,17,254.321376,494.488901,0.691088,-4.952009
1,1,1,32.000000,18,438.736376,363.590751,2.227097,-4.476610
1,1,1,32.000000,19,417.143168,11.328945,-0.155917,4.997568
1,1,1,32.000000,20,209.867911,213.081842,4.924947,-0.863075
1,1,1,32.000000,21,375.358017,73.403141,4.155292,-2.780926
1,1,1,32.000000,22,346.394315,114.112005,3.108397,3.916359
1,1,1,32.000000,23,396.380656,460.270667,0.502099,-4.974726
1,1,1,32.000000,24,469.079701,75.291730,-4.921241,-0.883959
1,1,1,32.000000,25,14.938523,255.303709,-3.284127,3.770213
1,1,1,32.000000,26,379.395560,406.257515,-0.551267,4.969518
1,1,1,32.000000,27,32.480360,272.967672,-2.652391,-4.238493
1,1,1,32.000000,28,430.434761,428.835918,4.955218,-0.667697
1,1,1,32.000000,29,67.041261,268.571742,-3.467260,3.602514
1,1,1,32.000000,30,90.243087,439.806760,4.276540,-2.590600
1,1,1,32.000000,31,176.000223,65.069318,4.973207,0.516924
1,1,1,32.000000,32,6.101947,73.501909,4.985273,0.383469
1,1,1,32.000000,33,378.120947,362.641068,4.271171,-2.599442
1,1,1,32.000000,34,482.091158,177.239336,4.961041,0.622955
1,1,1,32.000000,35,267.351530,375.982628,-3.097350,3.925101
1,1,1,32.000000,36,265.378265,208.824807,0.723576,-4.947367
1,1,1,32.000000,37,149.384603,274.732797,4.195380,2.720072
1,1,1,32.000000,38,373.884619,140.545381,-2.414592,4.378327
1,1,1,32.000000,39,299.505342,324.212116,1.671621,-4.712290
1,1,1,32.000000,40,307.471111,252.301610,4.626939,-1.895107
1,1,1,32.000000,41,314.629431,118.170002,-4.973732,-0.511853
1,1,1,32.000000,42,281.711470,193.531442,-4.501400,-2.176557
1,1,1,32.000000,43,494.193711,372.038158,-4.532943,2.110077
1,1,1,32.000000,44,399.995504,173.679982,4.923659,-0.870390
1,1,1,32.000000,45,368.068875,196.210732,-0.229272,-4.994741
1,1,1,32.000000,46,308.226223,233.097850,-2.541671,-4.305799
1,1,1,32.000000,47,135.564298,446.859882,4.546954,-2.079714
1,1,1,32.000000,48,427.811014,398.961882,1.763932,-4.678519
1,1,1,32.000000,49,291.518408,366.863949,-4.966958,0.573871
1,1,1,32.000000,50,498.558948,153.571177,-0.600596,-4.963797
1,1,1,32.000000,51,444.506952,74.140004,-4.932311,0.819944
1,1,1,32.000000,52,210.631683,222.216428,-3.716987,3.344250
1,1,1,32.000000,53,432.723098,22.461395,1.402970,-4.799133
1,1,1,32.000000,54,459.068615,376.459466,-4.698622,-1.709664
1,1,1,32.000000,55,113.957765,394.670422,2.399656,-4.386531
1,1,1,32.000000,56,432.321275,18.391148,-2.788338,4.150322
1,1,1,32.000000,57,254.228405,299.197020,-2.560865,4.294412
1,1,1,32.000000,58,197.470122,101.446758,2.083661,4.545147
1,1,1,32.000000,59,22.547546,109.115038,4.375691,2.419366
1,1,1,32.000000,60,349.511886,175.648872,-4.241400,2.647740
1,1,1,32.000000,61,287.079211,408.953385,-4.991021,-0.299513
1,1,1,32.000000,62,335.276789,121.500967,-4.432563,2.313522
1,1,1,32.000000,63,491.434168,29.917918,-3.514541,3.556402
1,1,1,32.000000,64,115.355582,26.272304,-0.119774,-4.998565
1,1,1,32.000000,65,311.712054,474.210218,-0.888918,4.920348
1,1,1,32.000000,66,368.076889,94.233359,-2.399132,-4.386817
1,1,1,32.000000,67,278.077584,150.969665,3.159878,3.874942
1,1,1,32.000000,68,418.665414,322.176064,3.913558,-3.111923
1,1,1,32.000000,69,67.895473,272.265697,0.009425,4.999991
1,1,1,32.000000,70,392.051787,344.455482,1.586729,4.741550
1,1,1,32.000000,71,315.125385,50.764445,-4.783844,-1.454248
1,1,1,32.000000,72,372.727618,293.978502,-2.517101,4.320209
1,1,1,32.000000,73,419.261604,204.438929,3.004746,-3.996436
1,1,1,32.000000,74,266.572794,181.724604,-4.315233,-2.525622
1,1,1,32.000000,75,383.003664,10.344254,4.787948,1.440679
1,1,1,32.000000,76,477.535696,432.162967,-1.360842,-4.811248
1,1,1,32.000000,77,101.829538,316.958157,-3.891791,-3.139102
1,1,1,32.000000,78,19.217660,47.275647,3.472551,-3.597414
1,1,1,32.000000,79,320.191079,422.045824,2.925089,-4.055102
1,1,1,32.000000,80,478.313387,257.628772,4.462517,2.255203
1,1,1,32.000000,81,470.992157,260.233180,3.471321,3.598601
1,1,1,32.000000,82,302.693748,474.552098,2.099035,4.538067
1,1,1,32.000000,83,178.992680,410.471462,-3.746725,3.310898
1,1,1,32.000000,84,351.891751,323.455237,4.914204,0.922280
1,1,1,32.000000,85,143.079005,40.934314,-1.183559,-4.857900
1,1,1,32.000000,86,73.432553,397.006757,-0.475707,-4.977319
1,1,1,32.000000,87,495.039694,167.294567,4.759192,1.532999
1,1,1,32.000000,88,152.804882,287.033459,-2.927543,4.053331
1,1,1,32.000000,89,343.881253,430.169177,-0.382566,-4.985343
1,1,1,32.000000,90,190.446237,79.533807,-1.804829,-4.662895
1,1,1,32.000000,91,200.453409,179.335914,-4.176868,-2.748413
1,1,1,32.000000,92,225.290400,320.519417,-4.288326,2.571043
1,1,1,32.000000,93,175.948672,184.418895,1.194655,-4.855183
1,1,1,32.000000,94,74.379360,81.652651,-4.838099,-1.262061
1,1,1,32.000000,95,199.599957,112.462596,0.341785,4.988305
1,1,1,32.000000,96,144.399325,471.858848,-4.571539,-2.025100
1,1,1,32.000000,97,6.318817,283.918370,-4.155491,2.780628
1,1,1,32.000000,98,124.481447,314.658199,-2.154922,-4.511797
1,1,1,32.000000,99,458.777229,165.467847,0.805706,-4.934657
1,1,1,32.000000,100,151.906837,20.542188,2.586678,4.278913
1,1,1,32.000000,101,406.211723,23.842388,-1.667770,4.713655
1,1,1,32.000000,102,131.499300,203.100977,4.620989,-1.909571
1,1,1,32.000000,103,371.351998,373.343679,-4.751368,-1.557081
1,1,1,32.000000,104,183.820736,251.565532,2.938081,4.045699
1,1,1,32.000000,105,59.273867,202.649697,4.384325,2.403683
1,1,1,32.000000,106,299.694833,455.480439,-4.663096,-1.804310
1,1,1,32.000000,107,262.763931,488.928530,-1.473482,-4.777955
1,1,1,32.000000,108,207.424502,32.303237,3.223439,-3.822230
1,1,1,32.000000,109,463.503850,89.088322,3.624904,-3.443846
1,1,1,32.000000,110,192.105385,67.085266,-4.770998,1.495855
1,1,1,32.000000,111,165.967458,170.765572,-4.280028,2.584832
1,1,1,32.000000,112,239.424049,5.387000,3.850914,3.189116
1,1,1,32.000000,113,137.719727,290.300227,-4.246243,2.639966
1,1,1,32.000000,114,434.173080,78.581431,-4.000441,-2.999411
1,1,1,32.000000,115,12.416432,464.709828,-3.698849,3.364300
1,1,1,32.000000,116,38.230518,252.594134,4.194339,-2.721676
1,1,1,32.000000,117,106.412772,120.852855,-2.470347,-4.347112
1,1,1,32.000000,118,15.526733,243.887817,2.696910,4.210306
1,1,1,32.000000,119,324.989629,255.370033,2.289005,-4.445274
1,1,1,32.000000,120,479.781403,415.049778,-1.266327,-4.836984
1,1,1,32.000000,121,484.716877,398.465930,-4.567132,-2.035021
1,1,1,32.000000,122,271.155536,380.512476,-3.842221,-3.199584
1,1,1,32.000000,123,363.524635,385.129257,3.947342,-3.068956
1,1,1,32.000000,124,461.077473,144.154927,-2.145200,4.516428
1,1,1,32.000000,125,380.781622,173.878939,-1.259960,-4.838647
1,1,1,32.000000,126,65.966176,250.903155,-4.518167,2.141534
1,1,1,32.000000,127,331.975361,236.483187,-4.856025,-1.191228
1,1,1,32.000000,128,440.850141,131.008217,-4.196192,-2.718818
1,1,1,32.000000,129,380.892974,375.388637,2.340482,-4.418387
1,1,1,32.000000,130,314.409387,399.827873,4.158793,2.775687
1,1,1,32.000000,131,30.278434,236.984638,-4.482177,-2.215871
1,1,1,32.000000,132,355.096106,432.774774,-4.975693,-0.492426
1,1,1,32.000000,133,43.765257,159.286875,-4.459731,2.260708
1,1,1,32.000000,134,400.180028,281.663305,3.427165,-3.640679
1,1,1,32.000000,135,437.542693,125.045993,2.953416,4.034518
1,1,1,32.000000,136,180.899158,461.089440,-3.171999,3.865025
1,1,1,32.000000,137,392.746662,460.362430,0.620642,4.961331
1,1,1,32.000000,138,26.545635,207.511420,-3.662377,-3.403967
1,1,1,32.000000,139,176.587177,86.242191,2.510342,-4.324139
1,1,1,32.000000,140,275.403677,357.597092,4.838597,1.260150
1,1,1,32.000000,141,473.321652,418.717538,-4.833142,1.280914
1,1,1,32.000000,142,415.734684,435.627896,-0.482288,4.976685
1,1,1,32.000000,143,389.070526,382.107047,4.602616,1.953439
1,1,1,32.000000,144,443.713500,455.151536,-0.577843,-4.966498
1,1,1,32.000000,145,56.558615,142.624100,-3.540181,3.530881
1,1,1,32.000000,146,192.289036,315.928267,-0.285366,4.991850
1,1,1,32.000000,147,168.776797,310.891104,2.463915,4.350761
1,1,1,32.000000,148,303.695415,228.191916,0.914210,4.915712
1,1,1,32.000000,149,475.957323,432.567575,3.492257,-3.578287
1,1,1,33.000000,0,164.256137,136.471313,2.616544,4.260716
1,1,1,33.000000,1,93.767852,47.541147,-1.179191,-4.858962
1,1,1,33.000000,2,218.734495,378.200852,3.897854,-3.131571
1,1,1,33.000000,3,165.370118,377.256912,-1.996614,4.584052
1,1,1,33.000000,4,473.436716,494.564554,-3.496286,-3.574351
1,1,1,33.000000,5,331.522841,311.914312,4.884958,1.066391
1,1,1,33.000000,6,78.866169,236.744375,-4.469116,2.242098
1,1,1,33.000000,7,24.991141,457.182576,-2.044275,-4.562997
1,1,1,33.000000,8,85.294527,329.044053,4.999749,0.050060
1,1,1,33.000000,9,79.702932,407.254761,1.512954,-4.765603
1,1,1,33.000000,10,318.454512,428.155769,4.648397,-1.841850
1,1,1,33.000000,11,88.692308,50.909682,4.404148,-2.367167
1,1,1,33.000000,12,403.027818,416.299785,-0.243261,4.994079
1,1,1,33.000000,13,235.682704,479.089923,1.432317,-4.790456
1,1,1,33.000000,14,170.332230,262.724524,-4.389731,2.393797
1,1,1,33.000000,15,252.822708,402.531321,2.252992,-4.463634
1,1,1,33.000000,16,0.086859,202.611610,1.943933,-4.606639
1,1,1,33.000000,17,255.012465,489.536891,2.388222,4.392766
1,1,1,33.000000,18,440.963473,359.114141,-0.180916,-4.996726
1,1,1,33.000000,19,416.987251,16.326513,-4.604561,-1.948849
1,1,1,33.000000,20,214.792857,212.218766,-1.543401,4.755830
1,1,1,33.000000,21,379.513309,70.622216,2.768217,4.163769
1,1,1,33.000000,22,349.502712,118.028364,0.327046,-4.989293
1,1,1,33.000000,23,396.882755,455.295941,0.089194,-4.999204
1,1,1,33.000000,24,464.158460,74.407771,3.512240,-3.558675
1,1,1,33.000000,25,11.654396,259.073922,2.893492,-4.077708
1,1,1,33.000000,26,378.844293,411.227033,-3.592666,3.477463
1,1,1,33.000000,27,29.827969,268.729180,-2.297911,-4.440676
1,1,1,33.000000,28,435.389978,428.168221,1.944613,4.606352
1,1,1,33.000000,29,63.574002,272.174256,4.922274,-0.878191
1,1,1,33.000000,30,94.519627,437.216161,-4.042920,2.941903
1,1,1,33.000000,31,180.973430,65.586242,-4.963338,0.604377
1,1,1,33.000000,32,2.511654,76.981823,-3.590293,3.479913
1,1,1,33.000000,33,382.392118,360.041625,-4.832427,-1.283607
1,1,1,33.000000,34,487.052199,177.862291,-4.997078,-0.170909
1,1,1,33.000000,35,264.254180,379.907729,-4.595667,-1.969732
1,1,1,33.000000,36,266.101842,203.877440,2.148759,4.514735
1,1,1,33.000000,37,153.579983,277.452869,-4.587669,-1.988290
1,1,1,33.000000,38,371.470026,144.923708,4.669214,-1.788419
1,1,1,33.000000,39,301.176964,319.499826,0.285186,4.991860
1,1,1,33.000000,40,312.098050,250.406503,-1.713344,-4.697281
1,1,1,33.000000,41,309.655699,117.658149,-4.426967,2.324213
1,1,1,33.000000,42,277.210070,191.354885,3.809368,-3.238628
1,1,1,33.000000,43,495.171221,376.941675,0.977510,4.903517
1,1,1,33.000000,44,404.919164,172.809591,2.604405,-4.268146
1,1,1,33.000000,45,367.839603,191.215992,1.427319,-4.791947
1,1,1,33.000000,46,305.684551,228.792050,-3.159262,3.875444
1,1,1,33.000000,47,140.111252,444.780168,0.148428,4.997796
1,1,1,33.000000,48,429.574946,394.283362,-4.449775,-2.280242
1,1,1,33.000000,49,286.551450,367.437820,1.625014,4.728565
1,1,1,33.000000,50,496.441126,153.598475,-4.999925,0.027298
1,1,1,33.000000,51,439.574641,74.959949,3.427583,-3.640285
1,1,1,33.000000,52,206.914696,225.560677,2.992538,-4.005585
1,1,1,33.000000,53,434.126068,17.662263,-1.130065,-4.870621
1,1,1,33.000000,54,454.369993,374.749802,4.051021,2.930738
1,1,1,33.000000,55,116.357421,390.283891,-4.416317,-2.344386
1,1,1,33.000000,56,429.532937,22.541469,-4.937109,0.790543
1,1,1,33.000000,57,251.667541,303.491432,4.931439,-0.825172
1,1,1,33.000000,58,199.553783,105.991905,-4.925571,0.859506
1,1,1,33.000000,59,26.923237,111.534403,-3.579219,-3.491302
1,1,1,33.000000,60,345.270487,178.296612,-4.825753,-1.308477
1,1,1,33.000000,61,282.088190,408.653872,-4.876577,-1.104080
1,1,1,33.000000,62,330.844226,123.814490,-0.458106,4.978970
1,1,1,33.000000,63,486.447465,29.553513,-4.986703,-0.364405
1,1,1,33.000000,64,111.975200,29.956461,-3.380383,3.684157
1,1,1,33.000000,65,310.823136,479.130566,4.715441,-1.662713
1,1,1,33.000000,66,365.677758,89.846542,-3.054341,-3.958662
1,1,1,33.000000,67,281.237461,154.844607,3.262475,-3.788965
1,1,1,33.000000,68,422.578972,319.064141,4.476015,-2.228293
1,1,1,33.000000,69,67.904898,277.265688,4.375107,2.420421
1,1,1,33.000000,70,393.638516,349.197031,-4.576365,-2.014170
1,1,1,33.000000,71,310.341541,49.310197,2.151449,-4.513454
1,1,1,33.000000,72,370.210517,298.298711,-4.877804,1.098647
1,1,1,33.000000,73,422.266350,200.442493,-4.592798,1.976412
1,1,1,33.000000,74,262.257561,179.198982,-3.066618,-3.949158
1,1,1,33.000000,75,387.791612,11.784933,3.543440,3.527610
1,1,1,33.000000,76,481.862376,429.657005,4.326680,-2.505962
1,1,1,33.000000,77,97.937747,313.819055,-2.214953,-4.482631
1,1,1,33.000000,78,19.839983,42.314527,0.622323,-4.961120
1,1,1,33.000000,79,323.116168,417.990721,-4.958899,-0.639785
1,1,1,33.000000,80,482.775903,259.883975,1.379026,-4.806068
1,1,1,33.000000,81,474.463479,263.831781,2.471502,4.346456
1,1,1,33.000000,82,304.792784,479.090165,4.019010,-2.974485
1,1,1,33.000000,83,175.245954,413.782360,4.160015,-2.773856
1,1,1,33.000000,84,356.805955,324.377517,-3.803335,3.245712
1,1,1,33.000000,85,141.895445,36.076415,-2.962972,4.027505
1,1,1,33.000000,86,72.956845,392.029438,0.349450,4.987774
1,1,1,33.000000,87,499.798887,168.827567,4.580866,-2.003913
1,1,1,33.000000,88,149.877340,291.086791,-4.089769,2.876419
1,1,1,33.000000,89,343.498687,425.183834,2.790369,4.148956
1,1,1,33.000000,90,188.641408,74.870912,-0.667180,-4.955287
1,1,1,33.000000,91,196.276541,176.587500,4.425966,-2.326119
1,1,1,33.000000,92,221.002074,323.090460,0.179810,4.996766
1,1,1,33.000000,93,177.143327,179.563712,4.603637,1.951031
1,1,1,33.000000,94,69.541261,80.390590,-3.215816,3.828645
1,1,1,33.000000,95,199.941743,117.450900,-3.126877,-3.901620
1,1,1,33.000000,96,139.827786,469.833749,-3.804943,-3.243826
1,1,1,33.000000,97,11.233603,282.999197,4.914786,-0.919173
1,1,1,33.000000,98,122.326524,310.146402,2.213881,4.483161
1,1,1,33.000000,99,459.582935,160.533190,4.063247,-2.913764
1,1,1,33.000000,100,146.907658,20.451569,-4.999179,-0.090619
1,1,1,33.000000,101,402.547729,20.440161,-3.663994,-3.402227
1,1,1,33.000000,102,136.120289,201.191406,4.082970,2.886062
1,1,1,33.000000,103,366.600630,371.786599,-1.486370,4.773961
1,1,1,33.000000,104,186.758817,255.611231,2.475120,-4.344396
1,1,1,33.000000,105,63.658192,205.053380,4.221862,-2.678783
1,1,1,33.000000,106,295.031737,453.676129,2.561347,4.294124
1,1,1,33.000000,107,267.277549,491.079635,4.513618,2.151105
1,1,1,33.000000,108,210.647941,28.481007,3.617344,-3.451785
1,1,1,33.000000,109,467.128754,85.644477,1.392289,4.802242
1,1,1,33.000000,110,187.334388,68.581122,-4.276345,2.590921
1,1,1,33.000000,111,161.687430,173.350404,-4.999998,0.004009
1,1,1,33.000000,112,243.266846,8.585893,3.842797,3.198893
1,1,1,33.000000,113,133.473484,292.940192,2.901237,4.072201
1,1,1,33.000000,114,430.172639,75.582019,-3.729560,3.330222
1,1,1,33.000000,115,11.500196,459.794494,-0.916236,-4.915334
1,1,1,33.000000,116,42.424857,249.872458,-4.579770,2.006415
1,1,1,33.000000,117,103.942425,116.505743,-4.432924,2.312831
1,1,1,33.000000,118,18.223643,248.098123,-3.017464,-3.986842
1,1,1,33.000000,119,327.278634,250.924759,4.929027,0.839458
1,1,1,33.000000,120,478.515077,410.212794,-3.363334,-3.699728
1,1,1,33.000000,121,483.483562,403.311437,-1.233314,4.845507
1,1,1,33.000000,122,267.313315,377.312892,4.802196,-1.392448
1,1,1,33.000000,123,367.471977,382.060302,-4.779054,1.469912
1,1,1,33.000000,124,458.932274,148.671355,-2.919700,-4.058984
1,1,1,33.000000,125,379.521662,169.040292,1.175214,-4.859925
1,1,1,33.000000,126,61.448009,253.044688,-3.663111,-3.403177
1,1,1,33.000000,127,327.119336,235.291959,4.997243,-0.166021
1,1,1,33.000000,128,436.653948,128.289399,2.977028,4.017126
1,1,1,33.000000,129,383.233456,370.970250,2.066890,4.552798
1,1,1,33.000000,130,318.568180,402.603561,0.790380,-4.937135
1,1,1,33.000000,131,25.796256,234.768767,-2.053779,-4.558727
1,1,1,33.000000,132,350.120413,432.282347,-2.316426,4.431046
1,1,1,33.000000,133,39.305527,161.547583,-4.520937,2.135679
1,1,1,33.000000,134,403.607192,278.022626,-4.990302,-0.311260
1,1,1,33.000000,135,440.496109,129.080511,-4.364244,-2.439953
1,1,1,33.000000,136,177.727159,464.954465,-0.052616,-4.999723
1,1,1,33.000000,137,393.367305,465.323761,-4.991245,0.295766
1,1,1,33.000000,138,22.883257,204.107453,3.654425,3.412504
1,1,1,33.000000,139,179.097519,81.918052,-1.853586,-4.643729
1,1,1,33.000000,140,280.242274,358.857242,-2.702869,-4.206483
1,1,1,33.000000,141,468.488510,419.998452,-2.955703,-4.032842
1,1,1,33.000000,142,415.252395,440.604582,-0.265457,-4.992948
1,1,1,33.000000,143,393.673143,384.060486,-2.554370,-4.298278
1,1,1,33.000000,144,443.135657,450.185038,3.375614,3.688527
1,1,1,33.000000,145,53.018434,146.154980,0.690866,4.952040
1,1,1,33.000000,146,192.003669,320.920117,4.872624,1.121399
1,1,1,33.000000,147,171.240712,315.241865,4.823708,-1.315994
1,1,1,33.000000,148,304.609625,233.107627,-4.902142,-0.984380
1,1,1,33.000000,149,479.449580,428.989287,4.080602,2.889409
1,1,1,34.000000,0,166.872681,140.732029,2.813569,4.133259
1,1,1,34.000000,1,92.588661,42.682185,-1.548259,-4.754250
1,1,1,34.000000,2,222.632349,375.069282,-0.521382,-4.972742
1,1,1,34.000000,3,163.373504,381.840964,4.837235,-1.265368
1,1,1,34.000000,4,469.940430,490.990203,-2.654891,4.236927
1,1,1,34.000000,5,336.407799,312.980703,3.913147,3.112440
1,1,1,34.000000,6,74.397053,238.986472,-3.562905,-3.507949
1,1,1,34.000000,7,20.269359,458.827198,-4.721781,1.644622
1,1,1,34.000000,8,90.294276,329.094113,-3.396973,-3.668866
1,1,1,34.000000,9,81.215886,402.489158,1.220689,4.848703
1,1,1,34.000000,10,323.102909,426.313920,-4.239972,2.650027
1,1,1,34.000000,11,93.096456,48.542515,-3.384535,3.680342
1,1,1,34.000000,12,402.784557,421.293864,-2.085715,-4.544204
1,1,1,34.000000,13,237.115021,474.299467,-4.819170,-1.332516
1,1,1,34.000000,14,165.942499,265.118321,-0.510621,4.973858
1,1,1,34.000000,15,255.075700,398.067687,1.054480,-4.887543
1,1,1,34.000000,16,2.269353,198.113086,2.182494,-4.498524
1,1,1,34.000000,17,257.400686,493.929658,-2.483771,4.339456
1,1,1,34.000000,18,440.782557,354.117415,-4.911936,0.934281
1,1,1,34.000000,19,412.382690,14.377664,1.248784,-4.841543
1,1,1,34.000000,20,213.249457,216.974596,3.782996,-3.269395
1,1,1,34.000000,21,382.281527,74.785985,-0.755722,4.942558
1,1,1,34.000000,22,349.829758,113.039071,-1.518423,4.763863
1,1,1,34.000000,23,396.971949,450.296736,0.978695,4.903280
1,1,1,34.000000,24,467.670700,70.849096,-2.626288,4.254716
1,1,1,34.000000,25,14.547889,254.996214,-4.325273,-2.508388
1,1,1,34.000000,26,375.251627,414.704496,3.506845,-3.563992
1,1,1,34.000000,27,27.530057,264.288504,2.844212,-4.112233
1,1,1,34.000000,28,437.334591,432.774573,-3.569165,-3.501579
1,1,1,34.000000,29,68.496275,271.296065,4.076545,-2.895130
1,1,1,34.000000,30,90.476707,440.158064,3.118664,3.908188
1,1,1,34.000000,31,176.010092,66.190619,-3.785620,-3.266356
1,1,1,34.000000,32,6.689374,74.234705,4.177720,-2.747117
1,1,1,34.000000,33,377.559691,358.758019,-2.561717,4.293903
1,1,1,34.000000,34,482.055121,177.691382,-4.391518,-2.390517
1,1,1,34.000000,35,259.658513,377.937997,-4.419547,-2.338291
1,1,1,34.000000,36,268.250600,208.392176,2.546295,4.303067
1,1,1,34.000000,37,148.992314,275.464579,-4.786223,1.446400
1,1,1,34.000000,38,376.139240,143.135289,-3.990428,-3.012720
1,1,1,34.000000,39,301.462150,324.491686,3.003393,3.997453
1,1,1,34.000000,40,310.384706,245.709222,4.287927,-2.571707
1,1,1,34.000000,41,305.228733,119.982362,1.411848,4.796529
1,1,1,34.000000,42,281.019438,188.116257,-4.211944,2.694352
1,1,1,34.000000,43,497.375076,372.453577,2.203854,-4.488098
1,1,1,34.000000,44,407.523569,168.541445,1.527217,-4.761051
1,1,1,34.000000,45,369.266922,186.424044,2.180557,-4.499463
1,1,1,34.000000,46,302.525289,232.667494,4.374725,-2.421111
1,1,1,34.000000,47,140.259680,449.777964,1.902760,4.623798
1,1,1,34.000000,48,425.125171,392.003120,4.229382,2.666895
1,1,1,34.000000,49,288.176464,372.166385,-2.026138,-4.571079
1,1,1,34.000000,50,492.687096,150.295861,-3.754030,-3.302614
1,1,1,34.000000,51,443.002224,71.319664,-2.054164,4.558554
1,1,1,34.000000,52,209.907234,221.555092,-4.549998,2.073045
1,1,1,34.000000,53,432.996004,12.791641,-0.229553,4.994728
1,1,1,34.000000,54,458.421015,377.680540,-1.948882,-4.604548
1,1,1,34.000000,55,111.941105,387.939505,4.993301,-0.258735
1,1,1,34.000000,56,424.595828,23.332012,4.999089,-0.095461
1,1,1,34.000000,57,256.598980,302.666260,-2.549844,-4.300964
1,1,1,34.000000,58,194.628212,106.851411,4.733236,-1.611358
1,1,1,34.000000,59,23.344018,108.043101,-4.410048,2.356158
1,1,1,34.000000,60,340.444734,176.988136,1.403376,4.799014
1,1,1,34.000000,61,277.211612,407.549792,-0.602561,-4.963559
1,1,1,34.000000,62,330.386120,128.793459,4.981136,-0.433921
1,1,1,34.000000,63,489.735658,33.320181,3.288192,3.766668
1,1,1,34.000000,64,107.037506,30.743341,-4.937694,0.786880
1,1,1,34.000000,65,315.538577,477.467853,3.303858,3.752935
1,1,1,34.000000,66,362.623417,85.887880,-4.202193,2.709533
1,1,1,34.000000,67,284.499937,151.055642,-4.504871,-2.169363
1,1,1,34.000000,68,427.054987,316.835848,4.976534,0.483852
1,1,1,34.000000,69,72.280005,279.686109,-3.686840,3.377456
1,1,1,34.000000,70,389.062150,347.182861,-0.166672,4.997221
1,1,1,34.000000,71,312.492990,44.796743,1.925491,4.614378
1,1,1,34.000000,72,365.332713,299.397357,2.071735,4.550595
1,1,1,34.000000,73,417.673552,202.418905,-3.791744,-3.259245
1,1,1,34.000000,74,259.190943,175.249823,0.795391,4.936330
1,1,1,34.000000,75,391.335053,15.312543,3.857796,-3.180788
1,1,1,34.000000,76,482.609702,434.600840,0.747326,4.943835
1,1,1,34.000000,77,95.722794,309.336424,3.565172,3.505645
1,1,1,34.000000,78,15.226427,44.241986,-4.613556,1.927459
1,1,1,34.000000,79,318.157269,417.350936,4.838649,-1.259949
1,1,1,34.000000,80,484.154930,255.077907,-1.776756,-4.673664
1,1,1,34.000000,81,476.934981,268.178237,-4.983599,0.404649
1,1,1,34.000000,82,308.811794,476.115680,-1.554651,4.752164
1,1,1,34.000000,83,179.405969,411.008504,4.990437,0.309088
1,1,1,34.000000,84,353.002620,327.623229,2.991700,-4.006212
1,1,1,34.000000,85,138.932474,40.103920,4.990611,-0.306267
1,1,1,34.000000,86,73.306295,397.017212,-0.780819,4.938656
1,1,1,34.000000,87,495.620247,166.823653,-4.580866,-2.003913
1,1,1,34.000000,88,145.787570,293.963210,-0.716628,4.948378
1,1,1,34.000000,89,346.289057,429.332790,3.938218,-3.080655
1,1,1,34.000000,90,187.974228,69.915624,4.860068,1.174624
1,1,1,34.000000,91,200.702507,174.261382,-3.304376,3.752479
1,1,1,34.000000,92,221.181884,328.087226,-1.580299,4.743696
1,1,1,34.000000,93,181.746964,181.514744,-0.151182,4.997714
1,1,1,34.000000,94,66.325445,84.219236,-4.926883,-0.851955
1,1,1,34.000000,95,196.814866,113.549280,-2.660157,4.233623
1,1,1,34.000000,96,136.022842,466.589923,2.715858,4.198109
1,1,1,34.000000,97,8.036006,286.843072,-3.197597,3.843875
1,1,1,34.000000,98,124.540406,314.629563,2.552136,4.299605
1,1,1,34.000000,99,463.646183,157.619427,-1.223973,-4.847875
1,1,1,34.000000,100,151.907151,20.380373,4.999493,-0.071197
1,1,1,34.000000,101,403.690779,15.572571,1.143050,-4.867590
1,1,1,34.000000,102,140.203259,204.077468,-0.405748,4.983510
1,1,1,34.000000,103,365.114260,376.560560,4.856600,1.188880
1,1,1,34.000000,104,189.233937,251.266835,1.540588,-4.756741
1,1,1,34.000000,105,67.880054,202.374596,3.024745,-3.981321
1,1,1,34.000000,106,297.593084,457.970253,1.084697,-4.880925
1,1,1,34.000000,107,262.481031,492.491517,-4.796519,1.411882
1,1,1,34.000000,108,214.265285,25.029222,2.548479,-4.301773
1,1,1,34.000000,109,468.521043,90.446719,1.529936,4.760178
1,1,1,34.000000,110,183.058042,71.172043,-1.372570,-4.807916
1,1,1,34.000000,111,156.687432,173.354413,1.441823,-4.787603
1,1,1,34.000000,112,245.393592,4.060746,2.126746,-4.525147
1,1,1,34.000000,113,136.374721,297.012393,4.840882,-1.251344
1,1,1,34.000000,114,426.443079,78.912242,-3.896888,-3.132773
1,1,1,34.000000,115,10.781055,454.846480,-0.719141,-4.948013
1,1,1,34.000000,116,37.845086,251.878873,-0.848643,-4.927454
1,1,1,34.000000,117,99.509501,118.818574,3.072021,3.944957
1,1,1,34.000000,118,15.206179,244.111281,4.962404,-0.612004
1,1,1,34.000000,119,332.207661,251.764217,4.455384,-2.269262
1,1,1,34.000000,120,475.151743,406.513066,4.947571,0.722175
1,1,1,34.000000,121,483.339255,398.313520,-0.144308,-4.997917
1,1,1,34.000000,122,272.115511,375.920444,-0.915871,4.915402
1,1,1,34.000000,123,362.692923,383.530214,-4.994347,0.237692
1,1,1,34.000000,124,456.012574,144.612370,4.401919,-2.371309
1,1,1,34.000000,125,380.696876,164.180367,-4.235449,2.657249
1,1,1,34.000000,126,57.784897,249.641511,0.624870,-4.960800
1,1,1,34.000000,127,332.116579,235.125937,-4.902000,-0.985086
1,1,1,34.000000,128,439.630976,132.306525,-2.980376,-4.014643
1,1,1,34.000000,129,385.300346,375.523048,-4.224422,-2.674744
1,1,1,34.000000,130,319.358560,397.666426,-4.879695,-1.090220
1,1,1,34.000000,131,23.742478,230.210039,-0.363983,4.986734
1,1,1,34.000000,132,347.803987,436.713394,-4.679827,-1.760461
1,1,1,34.000000,133,34.784589,163.683262,-2.375679,-4.399563
1,1,1,34.000000,134,398.616890,277.711366,-4.907582,-0.956889
1,1,1,34.000000,135,436.131865,126.640558,4.642862,1.855758
1,1,1,34.000000,136,177.674543,459.954742,4.394944,2.384212
1,1,1,34.000000,137,388.376060,465.619526,-4.359450,-2.448510
1,1,1,34.000000,138,26.537682,207.519957,-4.555696,2.060494
1,1,1,34.000000,139,177.243933,77.274323,-1.414743,4.795675
1,1,1,34.000000,140,277.539405,354.650759,-1.034516,4.891807
1,1,1,34.000000,141,465.532806,415.965610,-4.997346,0.162899
1,1,1,34.000000,142,414.986938,435.611633,4.399184,2.376380
1,1,1,34.000000,143,391.118772,379.762208,-0.667743,-4.955211
1,1,1,34.000000,144,446.511271,453.873565,4.884596,1.068046
1,1,1,34.000000,145,53.709299,151.107021,-4.229576,2.666587
1,1,1,34.000000,146,196.876293,322.041516,2.056670,-4.557424
1,1,1,34.000000,147,176.064420,313.925870,-4.983124,-0.410458
1,1,1,34.000000,148,299.707483,232.123247,-3.546273,-3.524763
1,1,1,34.000000,149,483.530182,431.878697,-3.325447,-3.733819
1,1,1,35.000000,0,169.686250,144.865288,-2.262805,-4.458667
1,1,1,35.000000,1,91.040402,37.927935,-0.329801,-4.989111
1,1,1,35.000000,2,222.110968,370.096540,3.997094,3.003871
1,1,1,35.000000,3,168.210739,380.575596,-4.392759,-2.388235
1,1,1,35.000000,4,467.285539,495.227131,4.184023,-2.737508
1,1,1,35.000000,5,340.320946,316.093142,0.429333,4.981533
1,1,1,35.000000,6,70.834148,235.478523,-2.858232,-4.102501
1,1,1,35.000000,7,24.159660,455.686249,3.890300,-3.140950
1,1,1,35.000000,8,86.897304,325.425247,-2.901253,-4.072190
1,1,1,35.000000,9,82.436575,407.337861,-2.100313,-4.537476
1,1,1,35.000000,10,318.862937,428.963946,3.218607,-3.826300
1,1,1,35.000000,11,89.711920,52.222857,-4.692836,1.725481
1,1,1,35.000000,12,400.698842,416.749659,-0.204523,4.995815
1,1,1,35.000000,13,232.295851,472.966952,4.985932,-0.374811
1,1,1,35.000000,14,165.431878,270.092179,-0.413457,4.982876
1,1,1,35.000000,15,256.130180,393.180145,4.622770,1.905256
1,1,1,35.000000,16,2.683579,197.428645,4.952932,-0.684441
1,1,1,35.000000,17,254.916915,498.269114,-3.210786,-3.832865
1,1,1,35.000000,18,435.870620,355.051696,-0.182535,-4.996667
1,1,1,35.000000,19,413.631473,9.536121,1.226735,-4.847177
1,1,1,35.000000,20,217.032452,213.705201,-1.656778,4.717530
1,1,1,35.000000,21,381.525805,79.728543,4.026538,2.964287
1,1,1,35.000000,22,348.311336,117.802934,4.664458,-1.800785
1,1,1,35.000000,23,397.950644,455.200017,0.821372,-4.932073
1,1,1,35.000000,24,465.044412,75.103813,-2.614120,4.262204
1,1,1,35.000000,25,10.222615,252.487825,-1.542746,-4.756042
1,1,1,35.000000,26,378.758471,411.140504,4.942642,-0.755179
1,1,1,35.000000,27,30.374269,260.176271,-4.990891,0.301681
1,1,1,35.000000,28,433.765425,429.272993,-3.334912,-3.725367
1,1,1,35.000000,29,72.572820,268.400934,4.993411,0.256608
1,1,1,35.000000,30,93.595371,444.066252,-1.922447,-4.615647
1,1,1,35.000000,31,172.224472,62.924263,1.650613,-4.719690
1,1,1,35.000000,32,11.503028,75.587011,4.813654,1.352306
1,1,1,35.000000,33,374.997973,363.051922,1.000469,4.898884
1,1,1,35.000000,34,477.663603,175.300865,4.971560,0.532536
1,1,1,35.000000,35,255.238966,375.599706,-4.271249,-2.599313
1,1,1,35.000000,36,270.796895,212.695242,-2.707980,4.203194
1,1,1,35.000000,37,144.206091,276.910979,4.782629,-1.458237
1,1,1,35.000000,38,372.148812,140.122569,4.246420,2.639682
1,1,1,35.000000,39,304.465543,328.489139,2.582911,4.281188
1,1,1,35.000000,40,314.672633,243.137514,-3.818337,3.228049
1,1,1,35.000000,41,306.640581,124.778891,3.468512,-3.601309
1,1,1,35.000000,42,276.807495,190.810609,-4.041794,-2.943450
1,1,1,35.000000,43,497.098528,367.461230,-0.276547,-4.992346
1,1,1,35.000000,44,409.050785,163.780394,1.361752,-4.810991
1,1,1,35.000000,45,371.447480,181.924581,0.973211,-4.904371
1,1,1,35.000000,46,306.900015,230.246383,-4.059688,-2.918721
1,1,1,35.000000,47,142.162440,454.401762,2.604131,-4.268313
1,1,1,35.000000,48,429.354553,394.670015,2.489821,4.335988
1,1,1,35.000000,49,286.150327,367.595306,-4.301895,-2.548273
1,1,1,35.000000,50,497.531827,149.059502,4.844731,-1.236359
1,1,1,35.000000,51,440.948061,75.878218,-4.661531,-1.808350
1,1,1,35.000000,52,205.357235,223.628137,-3.569173,-3.501571
1,1,1,35.000000,53,432.766451,17.786369,3.643534,-3.424129
1,1,1,35.000000,54,456.472133,373.075992,-4.769328,-1.501168
1,1,1,35.000000,55,116.934406,387.680770,4.984755,-0.390150
1,1,1,35.000000,56,429.594917,23.236552,-4.537187,-2.100937
1,1,1,35.000000,57,254.049135,298.365295,4.964967,0.590851
1,1,1,35.000000,58,199.361448,105.240053,4.141759,-2.801042
1,1,1,35.000000,59,18.933970,110.399259,1.420920,-4.793849
1,1,1,35.000000,60,341.848110,181.787150,0.923530,4.913969
1,1,1,35.000000,61,276.609051,402.586233,1.627918,-4.727566
1,1,1,35.000000,62,335.367256,128.359538,2.973268,4.019910
1,1,1,35.000000,63,484.770125,33.906257,-4.965533,0.586076
1,1,1,35.000000,64,107.201493,25.746031,0.163987,-4.997310
1,1,1,35.000000,65,318.842435,481.220788,4.995847,-0.203743
1,1,1,35.000000,66,358.421223,88.597414,4.741089,-1.588105
1,1,1,35.000000,67,279.995066,148.886278,-3.021496,3.983787
1,1,1,35.000000,68,432.031520,317.319700,4.797711,-1.407825
1,1,1,35.000000,69,68.593165,283.063565,-0.575415,-4.966779
1,1,1,35.000000,70,388.895478,352.180083,4.977022,0.478804
1,1,1,35.000000,71,314.418482,49.411121,4.504641,-2.169842
1,1,1,35.000000,72,367.404447,303.947952,-2.344799,4.416098
1,1,1,35.000000,73,413.881808,199.159660,-1.033965,-4.891924
1,1,1,35.000000,74,259.986333,180.186153,1.768061,4.676960
1,1,1,35.000000,75,395.192849,12.131755,-2.328830,-4.424540
1,1,1,35.000000,76,487.601324,434.311511,4.991622,-0.289329
1,1,1,35.000000,77,99.287966,312.842069,4.983699,-0.403415
1,1,1,35.000000,78,17.503848,39.790767,2.277422,-4.451219
1,1,1,35.000000,79,322.995919,416.090988,-3.338178,3.722441
1,1,1,35.000000,80,482.378174,250.404243,0.262689,-4.993095
1,1,1,35.000000,81,471.951382,268.582885,-3.419138,3.648218
1,1,1,35.000000,82,307.257142,480.867844,-3.680127,-3.384770
1,1,1,35.000000,83,184.396406,411.317592,1.658465,4.716937
1,1,1,35.000000,84,355.994320,323.617017,-4.999861,-0.037308
1,1,1,35.000000,85,143.923085,39.797653,-4.980154,0.445049
1,1,1,35.000000,86,72.525476,401.955868,4.810917,1.362013
1,1,1,35.000000,87,495.978189,161.836482,0.357942,-4.987171
1,1,1,35.000000,88,145.070943,298.911588,-4.249238,-2.635143
1,1,1,35.000000,89,350.227275,426.252135,-0.754235,-4.942786
1,1,1,35.000000,90,192.834296,71.090248,-3.044477,-3.966253
1,1,1,35.000000,91,197.398131,178.013860,-4.747687,1.568270
1,1,1,35.000000,92,219.601585,332.830922,1.748690,-4.684238
1,1,1,35.000000,93,181.595783,186.512457,2.135163,4.521181
1,1,1,35.000000,94,61.398562,83.367281,4.090732,2.875050
1,1,1,35.000000,95,194.154709,117.782903,3.758658,3.297346
1,1,1,35.000000,96,138.738700,470.788031,1.547457,-4.754511
1,1,1,35.000000,97,11.335670,290.599695,3.299664,3.756623
1,1,1,35.000000,98,127.092542,318.929167,0.039551,-4.999844
1,1,1,35.000000,99,462.422209,152.771552,-4.827738,-1.301132
1,1,1,35.000000,100,155.519632,23.837248,3.612481,3.456875
1,1,1,35.000000,101,403.550470,10.574540,-0.140309,-4.998031
1,1,1,35.000000,102,139.797511,209.060978,-4.606158,1.945073
1,1,1,35.000000,103,369.970860,377.749440,0.916560,-4.915274
1,1,1,35.000000,104,190.774525,246.510093,4.812366,-1.356885
1,1,1,35.000000,105,70.904800,198.393275,1.094701,-4.878691
1,1,1,35.000000,106,298.677781,453.089328,0.227007,4.994844
1,1,1,35.000000,107,265.974665,488.914574,3.493634,-3.576943
1,1,1,35.000000,108,216.813764,20.727449,2.528778,-4.313384
1,1,1,35.000000,109,470.050980,95.206897,0.538649,4.970901
1,1,1,35.000000,110,181.685472,66.364127,-2.053901,4.558672
1,1,1,35.000000,111,158.129255,168.566810,-4.809240,1.367924
1,1,1,35.000000,112,248.923930,7.601469,3.530338,3.540722
1,1,1,35.000000,113,141.215603,295.761050,4.896812,-1.010561
1,1,1,35.000000,114,422.546191,75.779469,4.793354,-1.422589
1,1,1,35.000000,115,5.781762,454.762353,-4.999292,-0.084127
1,1,1,35.000000,116,36.996443,246.951419,4.896858,-1.010339
1,1,1,35.000000,117,102.581522,122.763532,0.589403,4.965139
1,1,1,35.000000,118,20.168582,243.499277,-4.678847,1.763063
1,1,1,35.000000,119,336.663045,249.494955,1.981781,4.590484
1,1,1,35.000000,120,480.099314,407.235241,4.960803,0.624844
1,1,1,35.000000,121,478.340786,398.437234,-4.998469,0.123715
1,1,1,35.000000,122,271.199640,380.835847,-1.410879,4.796813
1,1,1,35.000000,123,357.698576,383.767906,4.942982,-0.752946
1,1,1,35.000000,124,460.414493,142.241061,3.977510,-3.029755
1,1,1,35.000000,125,376.461427,166.837616,-4.879255,1.092185
1,1,1,35.000000,126,58.409768,244.680711,-2.797864,4.143906
1,1,1,35.000000,127,327.214579,234.140851,0.847590,4.927635
1,1,1,35.000000,128,436.650600,128.291882,4.172122,-2.755612
1,1,1,35.000000,129,381.075924,372.848303,-2.327994,4.424980
1,1,1,35.000000,130,314.478865,396.576206,2.951425,4.035975
1,1,1,35.000000,131,23.378495,235.196774,-2.948439,4.038156
1,1,1,35.000000,132,343.124161,434.952932,0.049810,4.999752
1,1,1,35.000000,133,32.408911,159.283699,-3.085365,-3.934529
1,1,1,35.000000,134,393.709308,276.754477,-4.638039,-1.867778
1,1,1,35.000000,135,440.774726,128.496316,-0.696620,4.951234
1,1,1,35.000000,136,182.069487,462.338954,0.072378,-4.999476
1,1,1,35.000000,137,384.016610,463.171017,-2.657784,-4.235113
1,1,1,35.000000,138,21.981986,209.580451,4.782002,1.460292
1,1,1,35.000000,139,175.829190,82.069998,4.703957,-1.694930
1,1,1,35.000000,140,276.504889,359.542566,-4.442308,2.294754
1,1,1,35.000000,141,460.535461,416.128508,0.542112,-4.970525
1,1,1,35.000000,142,419.386122,437.988013,-2.044319,4.562977
1,1,1,35.000000,143,390.451029,374.806996,-1.705856,4.700006
1,1,1,35.000000,144,451.395867,454.941611,-4.411126,-2.354139
1,1,1,35.000000,145,49.479723,153.773608,-2.310147,-4.434323
1,1,1,35.000000,146,198.932963,317.484092,-4.976250,-0.486759
1,1,1,35.000000,147,171.081296,313.515413,4.696592,-1.715233
1,1,1,35.000000,148,296.161211,228.598484,-1.478459,-4.776417
1,1,1,35.000000,149,480.204736,428.144878,4.394848,2.384389
1,1,1,36.000000,0,167.423444,140.406621,-4.693421,1.723891
1,1,1,36.000000,1,90.710602,32.938824,3.526916,-3.544131
1,1,1,36.000000,2,226.108061,373.100411,-4.703589,-1.695951
1,1,1,36.000000,3,163.817980,378.187361,3.509344,-3.561531
1,1,1,36.000000,4,471.469562,492.489623,4.966647,0.576559
1,1,1,36.000000,5,340.750279,321.074676,2.211348,4.484411
1,1,1,36.000000,6,67.975916,231.376022,-4.588985,-1.985249
1,1,1,36.000000,7,28.951966,457.112362,4.792306,1.426113
1,1,1,36.000000,8,83.996051,321.353057,-1.916422,4.618152
1,1,1,36.000000,9,80.336262,402.800385,-3.780856,3.271870
1,1,1,36.000000,10,322.081544,425.137646,-4.998873,-0.106139
1,1,1,36.000000,11,85.019084,53.948339,-2.402779,-4.384821
1,1,1,36.000000,12,400.494319,421.745474,4.717112,1.657966
1,1,1,36.000000,13,237.281783,472.592141,-1.763665,4.678620
1,1,1,36.000000,14,165.018421,275.075055,4.612932,-1.928952
1,1,1,36.000000,15,260.752949,395.085400,-2.255854,-4.462188
1,1,1,36.000000,16,6.687047,194.433274,4.003468,-2.995371
1,1,1,36.000000,17,251.706129,494.436250,-1.002997,4.898367
1,1,1,36.000000,18,435.688085,350.055029,-4.688681,-1.736742
1,1,1,36.000000,19,414.858208,4.688944,-1.545038,-4.755298
1,1,1,36.000000,20,215.375674,218.422731,-4.966949,-0.573948
1,1,1,36.000000,21,385.552343,82.692830,-3.439809,3.628734
1,1,1,36.000000,22,352.975794,116.002149,4.654369,-1.826706
1,1,1,36.000000,23,398.772016,450.267943,-3.266135,-3.785811
1,1,1,36.000000,24,462.430293,79.366016,-4.796867,-1.410697
1,1,1,36.000000,25,8.679870,247.731783,-3.041739,-3.968353
1,1,1,36.000000,26,383.701113,410.385325,2.429955,4.369819
1,1,1,36.000000,27,25.383378,260.477952,-3.718608,3.342447
1,1,1,36.000000,28,430.430513,425.547626,-4.043141,2.941600
1,1,1,36.000000,29,77.566231,268.657543,-4.837904,1.262810
1,1,1,36.000000,30,91.672924,439.450605,1.193322,-4.855511
1,1,1,36.000000,31,173.875085,58.204572,-2.663799,-4.231332
1,1,1,36.000000,32,12.900425,70.786252,1.397396,-4.800759
1,1,1,36.000000,33,375.998442,367.950806,-0.431578,4.981339
1,1,1,36.000000,34,482.635162,175.833401,4.163525,2.768585
1,1,1,36.000000,35,250.967716,373.000393,3.644141,-3.423483
1,1,1,36.000000,36,268.088915,216.898436,-4.019952,2.973212
1,1,1,36.000000,37,148.988721,275.452742,3.007823,-3.994121
1,1,1,36.000000,38,376.395232,142.762251,-2.001024,4.582129
1,1,1,36.000000,39,307.048455,332.770327,4.166342,-2.764343
1,1,1,36.000000,40,310.854296,246.365564,-2.113959,4.531134
1,1,1,36.000000,41,310.109092,121.177581,-1.965660,-4.597410
1,1,1,36.000000,42,272.765700,187.867159,-1.272208,-4.835441
1,1,1,36.000000,43,497.908607,367.728251,-4.992865,0.267020
1,1,1,36.000000,44,410.412538,158.969403,4.436812,-2.305362
1,1,1,36.000000,45,372.420691,177.020209,2.163963,-4.507468
1,1,1,36.000000,46,302.840327,227.327662,4.996211,-0.194622
1,1,1,36.000000,47,144.766571,450.133448,-4.686349,1.743024
1,1,1,36.000000,48,431.844374,399.006003,4.742274,1.584561
1,1,1,36.000000,49,281.848431,365.047033,-4.928519,-0.842435
1,1,1,36.000000,50,498.358184,151.906956,-4.109989,2.847454
1,1,1,36.000000,51,436.286530,74.069867,-4.995927,-0.201769
1,1,1,36.000000,52,201.788062,220.126565,-3.554411,3.516556
1,1,1,36.000000,53,436.409985,14.362240,-3.444177,3.624589
1,1,1,36.000000,54,451.702804,371.574824,-0.170576,4.997090
1,1,1,36.000000,55,121.919161,387.290620,-1.863961,-4.639574
1,1,1,36.000000,56,425.057730,21.135615,-2.395544,-4.388778
1,1,1,36.000000,57,259.014102,298.956146,2.718868,4.196160
1,1,1,36.000000,58,203.503207,102.439011,-4.999798,-0.044891
1,1,1,36.000000,59,20.354890,105.605410,-0.997358,4.899518
1,1,1,36.000000,60,342.771640,186.701119,4.413003,-2.350617
1,1,1,36.000000,61,278.236969,397.858667,-2.212048,-4.484066
1,1,1,36.000000,62,338.340523,132.379449,4.509943,-2.158798
1,1,1,36.000000,63,489.685753,32.991600,4.915628,-0.914658
1,1,1,36.000000,64,102.232448,26.301549,-4.969044,0.555518
1,1,1,36.000000,65,323.838282,481.017045,-0.642850,-4.958502
1,1,1,36.000000,66,363.162312,87.009308,-1.068687,4.884456
1,1,1,36.000000,67,276.973569,152.870066,3.713841,3.347743
1,1,1,36.000000,68,436.829231,315.911875,4.268162,2.604379
1,1,1,36.000000,69,68.017750,278.096785,4.278937,2.586638
1,1,1,36.000000,70,393.872500,352.658886,0.668372,4.955127
1,1,1,36.000000,71,318.923122,47.241280,-4.743145,-1.581953
1,1,1,36.000000,72,365.059649,308.364050,4.252222,2.630324
1,1,1,36.000000,73,412.847843,194.267737,4.893174,-1.028033
1,1,1,36.000000,74,261.754395,184.863114,4.338143,-2.486065
1,1,1,36.000000,75,392.864019,7.707215,-4.751605,1.556358
1,1,1,36.000000,76,488.630770,439.204388,1.029446,4.892876
1,1,1,36.000000,77,104.271665,312.438654,-1.227657,4.846943
1,1,1,36.000000,78,15.214588,44.235909,-2.289261,4.445142
1,1,1,36.000000,79,319.657741,419.813429,2.956099,-4.032552
1,1,1,36.000000,80,482.640862,245.411149,2.401455,4.385546
1,1,1,36.000000,81,468.532243,272.231103,4.946739,-0.727852
1,1,1,36.000000,82,303.577015,477.483074,2.081205,4.546272
1,1,1,36.000000,83,186.054871,416.034529,0.490818,4.975851
1,1,1,36.000000,84,350.994459,323.579709,1.690976,4.705380
1,1,1,36.000000,85,138.942931,40.242702,-4.838415,-1.260849
1,1,1,36.000000,86,77.336393,403.317881,4.670903,-1.784003
1,1,1,36.000000,87,491.798221,159.092786,-4.179968,-2.743696
1,1,1,36.000000,88,140.821705,296.276445,-1.210499,-4.851257
1,1,1,36.000000,89,349.473040,421.309349,4.921212,-0.884120
1,1,1,36.000000,90,189.789819,67.123996,-3.304645,-3.752242
1,1,1,36.000000,91,192.650444,179.582130,2.199270,4.490347
1,1,1,36.000000,92,221.350275,328.146684,-2.455891,-4.355296
1,1,1,36.000000,93,183.730946,191.033639,4.558866,2.053470
1,1,1,36.000000,94,65.489294,86.242331,-0.114735,4.998683
1,1,1,36.000000,95,197.913367,121.080249,-4.063620,-2.913244
1,1,1,36.000000,96,140.286157,466.033520,0.650192,-4.957545
1,1,1,36.000000,97,14.010958,294.823772,2.675289,4.224077
1,1,1,36.000000,98,127.132093,313.929324,1.863765,4.639653
1,1,1,36.000000,99,457.594471,151.470420,1.605891,-4.735094
1,1,1,36.000000,100,155.293496,28.832131,-0.226136,4.994884
1,1,1,36.000000,101,401.918653,15.300762,-1.631817,4.726222
1,1,1,36.000000,102,135.191353,211.006051,1.707530,4.699398
1,1,1,36.000000,103,370.887420,372.834166,4.998252,-0.132206
1,1,1,36.000000,104,195.586891,245.153209,-2.094965,-4.539947
1,1,1,36.000000,105,71.999501,193.514584,-3.718661,3.342388
1,1,1,36.000000,106,298.904789,458.084172,-4.994329,-0.238063
1,1,1,36.000000,107,269.865741,492.054563,3.891076,3.139989
1,1,1,36.000000,108,219.342543,16.414065,-3.317651,-3.740748
1,1,1,36.000000,109,470.589628,100.177798,-1.055937,-4.887228
1,1,1,36.000000,110,179.631571,70.922799,-1.652269,4.719111
1,1,1,36.000000,111,153.320015,169.934734,4.986856,-0.362313
1,1,1,36.000000,112,253.779755,8.793508,4.855826,1.192039
1,1,1,36.000000,113,146.112415,294.750488,-4.995361,-0.215324
1,1,1,36.000000,114,427.339545,74.356880,-3.457585,-3.611801
1,1,1,36.000000,115,10.595675,456.113742,4.813912,1.351388
1,1,1,36.000000,116,41.893301,245.941080,0.826560,4.931207
1,1,1,36.000000,117,103.170925,127.728670,4.553207,-2.065988
1,1,1,36.000000,118,15.489736,245.262340,1.960430,-4.599643
1,1,1,36.000000,119,338.644826,254.085439,3.788165,-3.263404
1,1,1,36.000000,120,485.060118,407.860085,-2.690664,4.214300
1,1,1,36.000000,121,474.263811,395.542709,-4.076975,-2.894525
1,1,1,36.000000,122,269.788761,385.632660,4.762486,-1.522738
1,1,1,36.000000,123,362.641558,383.014961,4.786244,-1.446330
1,1,1,36.000000,124,464.392003,139.211306,-4.802870,-1.390122
1,1,1,36.000000,125,371.582172,167.929800,-3.885509,-3.146874
1,1,1,36.000000,126,55.611904,248.824617,4.906293,0.963479
1,1,1,36.000000,127,328.062169,239.068487,-1.101640,-4.877129
1,1,1,36.000000,128,440.822722,125.536270,2.838958,4.115862
1,1,1,36.000000,129,378.747930,377.273283,-1.181371,4.858432
1,1,1,36.000000,130,317.430290,400.612181,0.010063,-4.999990
1,1,1,36.000000,131,20.430055,239.234930,-1.244399,4.842672
1,1,1,36.000000,132,343.173971,439.952684,-4.937697,-0.786858
1,1,1,36.000000,133,29.323546,155.349170,-0.779732,-4.938828
1,1,1,36.000000,134,389.071269,274.886700,4.694756,1.720251
1,1,1,36.000000,135,440.078106,133.447550,2.276558,4.451661
1,1,1,36.000000,136,182.141865,457.339478,-3.136696,3.893731
1,1,1,36.000000,137,381.358827,458.935903,0.870342,4.923668
1,1,1,36.000000,138,26.763989,211.040743,0.952046,-4.908524
1,1,1,36.000000,139,180.533147,80.375069,-3.466940,3.602822
1,1,1,36.000000,140,272.062580,361.837320,2.818505,-4.129894
1,1,1,36.000000,141,461.077573,411.157984,-0.000508,-5.000000
1,1,1,36.000000,142,417.341803,442.550990,-4.443241,-2.292949
1,1,1,36.000000,143,388.745173,379.507002,4.807699,-1.373327
1,1,1,36.000000,144,446.984741,452.587472,-0.965386,-4.905918
1,1,1,36.000000,145,47.169577,149.339285,-2.606589,-4.266813
1,1,1,36.000000,146,193.956713,316.997334,-0.107962,-4.998834
1,1,1,36.000000,147,175.777888,311.800180,-3.794248,-3.256330
1,1,1,36.000000,148,294.682752,223.822067,-1.030268,-4.892704
1,1,1,36.000000,149,484.599584,430.529267,0.969016,4.905202
1,1,1,37.000000,0,162.730023,142.130512,4.231845,-2.662985
1,1,1,37.000000,1,94.237517,29.394693,3.814965,3.232033
1,1,1,37.000000,2,221.404472,371.404460,4.782273,1.459407
1,1,1,37.000000,3,167.327324,374.625829,-4.008638,-2.988448
1,1,1,37.000000,4,476.436209,493.066182,1.587617,4.741252
1,1,1,37.000000,5,342.961627,325.559086,4.738421,-1.596047
1,1,1,37.000000,6,63.386931,229.390773,-3.036487,3.972373
1,1,1,37.000000,7,32.140565,453.261020,3.188599,-3.851342
1,1,1,37.000000,8,82.079629,325.971209,4.291864,2.565132
1,1,1,37.000000,9,76.555406,406.072254,-4.984027,-0.399342
1,1,1,37.000000,10,317.082671,425.031507,3.461593,3.607960
1,1,1,37.000000,11,82.616305,49.563518,1.615701,-4.731756
1,1,1,37.000000,12,405.211431,423.403440,4.920155,-0.889983
1,1,1,37.000000,13,235.518117,477.270761,-2.028396,-4.570077
1,1,1,37.000000,14,169.631353,273.146104,-0.746475,4.943964
1,1,1,37.000000,15,258.497095,390.623213,3.814471,3.232616
1,1,1,37.000000,16,8.270279,199.175993,1.583232,4.742718
1,1,1,37.000000,17,250.703131,499.334616,-4.900833,0.990878
1,1,1,37.000000,18,430.999404,348.318287,4.464699,-2.250881
1,1,1,37.000000,19,413.313171,0.066354,-1.545038,4.755298
1,1,1,37.000000,20,210.408725,217.848783,4.755259,1.545157
1,1,1,37.000000,21,382.112533,86.321564,0.198509,4.996058
1,1,1,37.000000,22,357.630163,114.175443,-4.250909,2.632446
1,1,1,37.000000,23,395.505882,446.482132,-4.962488,0.611317
1,1,1,37.000000,24,457.633425,77.955319,-0.235319,-4.994459
1,1,1,37.000000,25,5.638130,243.763431,-2.434105,-4.367509
1,1,1,37.000000,26,386.131068,414.755144,-1.459572,-4.782222
1,1,1,37.000000,27,21.664770,263.820399,-0.847765,4.927605
1,1,1,37.000000,28,426.387372,428.489226,-1.508537,-4.767003
1,1,1,37.000000,29,72.728328,269.920353,-0.630048,4.960145
1,1,1,37.000000,30,92.866246,434.595094,4.053409,2.927436
1,1,1,37.000000,31,171.211286,53.973240,2.899001,4.073793
1,1,1,37.000000,32,16.743312,73.985036,3.842887,3.198784
1,1,1,37.000000,33,375.566864,372.932145,-1.750309,4.683633
1,1,1,37.000000,34,486.798687,178.601986,-4.369019,2.431393
1,1,1,37.000000,35,254.611858,369.576910,-4.135456,2.810339
1,1,1,37.000000,36,264.068963,219.871648,0.081971,4.999328
1,1,1,37.000000,37,151.996544,271.458621,1.013602,4.896183
1,1,1,37.000000,38,374.394208,147.344380,-4.905541,0.967301
1,1,1,37.000000,39,311.214797,330.005983,2.565350,4.291734
1,1,1,37.000000,40,308.740337,250.896698,-1.869765,4.637238
1,1,1,37.000000,41,308.143432,116.580171,3.187056,3.852619
1,1,1,37.000000,42,271.493492,183.031718,2.820402,4.128599
1,1,1,37.000000,43,493.013980,368.749343,-4.894627,1.021092
1,1,1,37.000000,44,414.849350,156.664041,-4.976518,0.484009
1,1,1,37.000000,45,374.584654,172.512742,-3.294022,3.761571
1,1,1,37.000000,46,307.836538,227.133040,4.587214,1.989339
1,1,1,37.000000,47,140.080222,451.876472,4.191923,-2.725395
1,1,1,37.000000,48,436.586648,400.590564,4.919289,-0.894763
1,1,1,37.000000,49,276.919912,364.204598,-3.689023,3.375071
1,1,1,37.000000,50,493.737902,149.995676,-4.620282,-1.911280
1,1,1,37.000000,51,431.290603,73.868099,2.434333,4.367382
1,1,1,37.000000,52,198.233652,223.643121,4.248059,-2.637043
1,1,1,37.000000,53,432.965808,17.986829,3.183551,3.855516
1,1,1,37.000000,54,451.532228,376.571913,2.321236,4.428528
1,1,1,37.000000,55,120.055200,382.651046,1.292856,-4.829961
1,1,1,37.000000,56,422.662186,16.746837,-4.531088,2.114057
1,1,1,37.000000,57,261.732970,303.152306,4.648592,1.841357
1,1,1,37.000000,58,198.503408,102.394121,1.032632,-4.892205
1,1,1,37.000000,59,19.357531,110.504928,1.482664,-4.775113
1,1,1,37.000000,60,347.184644,184.350502,4.978871,-0.459174
1,1,1,37.000000,61,276.024921,393.374601,-4.629026,-1.890005
1,1,1,37.000000,62,342.850467,130.220650,-1.686498,-4.706987
1,1,1,37.000000,63,490.946866,37.829946,1.261113,4.838346
1,1,1,37.000000,64,97.235763,26.483570,-4.996686,0.182021
1,1,1,37.000000,65,323.195432,476.058543,-3.413998,-3.653028
1,1,1,37.000000,66,362.093625,91.893764,-4.458182,2.263760
1,1,1,37.000000,67,280.687410,156.217809,-4.863967,1.158370
1,1,1,37.000000,68,441.097394,318.516254,3.612658,-3.456690
1,1,1,37.000000,69,72.296687,280.683424,2.685711,-4.217459
1,1,1,37.000000,70,394.540871,357.614013,-0.175064,4.996934
1,1,1,37.000000,71,314.179977,45.659326,-4.446817,2.286005
1,1,1,37.000000,72,369.311871,310.994374,3.424660,-3.643035
1,1,1,37.000000,73,417.741017,193.239704,0.750909,-4.943292
1,1,1,37.000000,74,266.092538,182.377049,4.628389,-1.891564
1,1,1,37.000000,75,388.112414,9.263574,0.318527,4.989844
1,1,1,37.000000,76,493.575852,438.465361,4.945082,-0.739027
1,1,1,37.000000,77,103.044008,317.285598,-2.102984,4.536238
1,1,1,37.000000,78,11.794165,40.588895,-3.420423,-3.647013
1,1,1,37.000000,79,322.613840,415.780877,-3.200583,-3.841389
1,1,1,37.000000,80,485.042317,249.796695,-2.060102,-4.555873
1,1,1,37.000000,81,473.478983,271.503251,-3.489306,-3.581165
1,1,1,37.000000,82,305.658220,482.029345,-0.284528,-4.991898
1,1,1,37.000000,83,186.545689,421.010380,-0.804121,4.934915
1,1,1,37.000000,84,352.685435,328.285089,4.870760,-1.129468
1,1,1,37.000000,85,134.104516,38.981853,-2.804944,4.139117
1,1,1,37.000000,86,82.007295,401.533878,1.835299,-4.650987
1,1,1,37.000000,87,487.758283,156.146789,-4.039938,-2.945997
1,1,1,37.000000,88,139.611205,291.425188,4.693204,1.724481
1,1,1,37.000000,89,354.394252,420.425229,-4.646669,-1.846204
1,1,1,37.000000,90,186.485174,63.371753,4.463994,-2.252278
1,1,1,37.000000,91,194.849714,184.072477,-3.634069,-3.434173
1,1,1,37.000000,92,218.894384,323.791389,4.487239,-2.205603
1,1,1,37.000000,93,188.289812,193.087109,4.347311,2.469997
1,1,1,37.000000,94,65.374559,91.241014,-4.381474,-2.408877
1,1,1,37.000000,95,193.849747,118.167005,-0.640567,4.958798
1,1,1,37.000000,96,140.936350,461.075976,-4.233611,2.660176
1,1,1,37.000000,97,15.569296,299.574728,1.558338,4.750956
1,1,1,37.000000,98,128.995858,318.568977,-0.677924,4.953829
1,1,1,37.000000,99,459.200362,146.735326,4.285998,-2.574922
1,1,1,37.000000,100,155.809858,23.858866,0.516362,-4.973266
1,1,1,37.000000,101,396.981741,14.508995,-4.936913,-0.791767
1,1,1,37.000000,102,136.898883,215.705449,-4.777930,1.473560
1,1,1,37.000000,103,375.885672,372.701960,4.927454,0.848643
1,1,1,37.000000,104,193.491926,240.613261,0.107733,-4.998839
1,1,1,37.000000,105,68.280839,196.856972,3.907047,3.120094
1,1,1,37.000000,106,293.910459,457.846109,1.362360,4.810819
1,1,1,37.000000,107,268.071623,496.721590,-1.794118,4.667027
1,1,1,37.000000,108,216.024892,12.673317,-4.999993,-0.008304
1,1,1,37.000000,109,469.533691,95.290570,-3.574734,3.495894
1,1,1,37.000000,110,177.979302,75.641910,2.460577,-4.352650
1,1,1,37.000000,111,158.306871,169.572420,-2.534375,4.310098
1,1,1,37.000000,112,248.780240,8.723869,-4.999515,-0.069639
1,1,1,37.000000,113,141.117053,294.535164,1.744931,-4.685639
1,1,1,37.000000,114,423.881960,70.745079,-2.769176,-4.163132
1,1,1,37.000000,115,15.140939,458.197145,4.545265,2.083403
1,1,1,37.000000,116,42.719862,250.872287,-1.186265,-4.857239
1,1,1,37.000000,117,107.724132,125.662682,1.503618,-4.768557
1,1,1,37.000000,118,17.450166,240.662697,3.391042,3.674348
1,1,1,37.000000,119,342.432991,250.822035,1.452716,4.784309
1,1,1,37.000000,120,482.369454,412.074386,-4.182776,2.739413
1,1,1,37.000000,121,475.866144,390.806410,1.602333,-4.736299
1,1,1,37.000000,122,274.551246,384.109922,-4.990526,-0.307659
1,1,1,37.000000,123,367.427802,381.568631,0.732589,-4.946040
1,1,1,37.000000,124,459.589133,137.821184,4.093395,2.871257
1,1,1,37.000000,125,367.696662,164.782926,4.643972,-1.852976
1,1,1,37.000000,126,60.518196,249.788096,4.830409,-1.291182
1,1,1,37.000000,127,326.960529,234.191358,3.431484,3.636608
1,1,1,37.000000,128,443.661680,129.652132,1.224360,-4.847777
1,1,1,37.000000,129,377.566559,382.131715,4.415932,-2.345112
1,1,1,37.000000,130,317.440353,395.612191,0.587549,4.965359
1,1,1,37.000000,131,19.185656,244.077601,4.982594,0.416840
1,1,1,37.000000,132,338.236274,439.165826,4.903849,-0.975841
1,1,1,37.000000,133,28.543813,150.410342,-4.280540,-2.583985
1,1,1,37.000000,134,393.766025,276.606950,-4.969030,-0.555645
1,1,1,37.000000,135,442.354664,137.899211,-4.329431,-2.501206
1,1,1,37.000000,136,179.005170,461.233208,-3.050672,-3.961490
1,1,1,37.000000,137,382.229168,463.859571,3.085448,3.934465
1,1,1,37.000000,138,27.716034,206.132219,-4.989606,0.322226
1,1,1,37.000000,139,177.066207,83.977890,-4.996263,-0.193266
1,1,1,37.000000,140,274.881086,357.707426,-4.999578,-0.064930
1,1,1,37.000000,141,461.077065,406.157984,1.230700,4.846171
1,1,1,37.000000,142,412.898563,440.258042,0.488282,4.976101
1,1,1,37.000000,143,393.552873,378.133676,-3.953563,-3.060938
1,1,1,37.000000,144,446.019355,447.681555,4.587530,1.988609
1,1,1,37.000000,145,44.562987,145.072472,-0.938064,4.911215
1,1,1,37.000000,146,193.848751,311.998499,-4.938655,-0.780824
1,1,1,37.000000,147,171.983640,308.543850,1.372660,4.807890
1,1,1,37.000000,148,293.652484,218.929364,2.484293,-4.339158
1,1,1,37.000000,149,485.568599,435.434469,-4.313603,2.528404
1,1,1,38.000000,0,166.961868,139.467527,1.096693,-4.878244
1,1,1,38.000000,1,98.052483,32.626726,4.923087,-0.873621
1,1,1,38.000000,2,226.186745,372.863866,-4.894906,1.019751
1,1,1,38.000000,3,163.318686,371.637381,-2.524374,4.315963
1,1,1,38.000000,4,478.023826,497.807434,4.741110,-1.588041
1,1,1,38.000000,5,347.700048,323.963040,4.151284,2.786905
1,1,1,38.000000,6,60.350444,233.363146,-0.454918,-4.979262
1,1,1,38.000000,7,31.254682,458.181915,-0.885883,4.920895
1,1,1,38.000000,8,86.371493,328.536340,2.820532,4.128511
1,1,1,38.000000,9,71.571379,405.672913,4.999953,0.021682
1,1,1,38.000000,10,320.544263,428.639467,3.376130,3.688055
1,1,1,38.000000,11,84.232005,44.831762,-4.884211,1.069804
1,1,1,38.000000,12,410.131587,422.513456,-2.435323,-4.366830
1,1,1,38.000000,13,233.489721,472.700683,0.617856,-4.961679
1,1,1,38.000000,14,168.884878,278.090067,2.255731,4.462251
1,1,1,38.000000,15,262.311566,393.855829,-0.291853,4.991475
1,1,1,38.000000,16,11.434359,195.304482,3.164080,-3.871511
1,1,1,38.000000,17,245.802299,499.674506,-4.900833,-0.990878
1,1,1,38.000000,18,435.464103,346.067405,-2.568713,4.289722
1,1,1,38.000000,19,411.577234,4.755333,-1.735937,4.688979
1,1,1,38.000000,20,215.163984,219.393940,-4.166150,-2.764633
1,1,1,38.000000,21,382.311042,91.317622,4.476465,-2.227388
1,1,1,38.000000,22,353.379254,116.807890,4.994957,0.224506
1,1,1,38.000000,23,390.543393,447.093450,-4.973306,-0.515974
1,1,1,38.000000,24,457.398106,72.960860,4.394659,2.384737
1,1,1,38.000000,25,3.204026,239.395922,-0.633126,4.959753
1,1,1,38.000000,26,384.671496,409.972922,0.197860,-4.996084
1,1,1,38.000000,27,20.817005,268.748004,-0.096341,4.999072
1,1,1,38.000000,28,424.878834,423.722223,-3.014705,-3.988929
1,1,1,38.000000,29,72.098279,274.880498,-2.158966,-4.509863
1,1,1,38.000000,30,96.919654,437.522530,-2.672031,4.226139
1,1,1,38.000000,31,174.110287,58.047034,-4.705118,1.691704
1,1,1,38.000000,32,20.574136,77.198257,3.830824,3.213221
1,1,1,38.000000,33,373.816555,377.615778,4.935034,0.803394
1,1,1,38.000000,34,482.429668,181.033378,4.281002,-2.583220
1,1,1,38.000000,35,250.476402,372.387250,2.451216,4.357928
1,1,1,38.000000,36,264.150934,224.870976,-1.833230,-4.651803
1,1,1,38.000000,37,153.010146,276.354804,-2.154878,-4.511818
1,1,1,38.000000,38,369.488667,148.311681,-0.736715,-4.945427
1,1,1,38.000000,39,313.780146,334.297717,-3.664220,-3.401984
1,1,1,38.000000,40,306.870571,255.533936,-4.586523,1.990931
1,1,1,38.000000,41,311.330488,120.432791,-3.976699,3.030819
1,1,1,38.000000,42,274.313894,187.160318,0.519576,-4.972931
1,1,1,38.000000,43,497.869344,369.943258,4.855365,1.193916
1,1,1,38.000000,44,409.872832,157.148050,-2.048101,-4.561281
1,1,1,38.000000,45,371.290632,176.274313,4.697042,-1.714001
1,1,1,38.000000,46,312.423751,229.122379,-0.297712,-4.991129
1,1,1,38.000000,47,144.272146,449.151077,-4.535814,2.103900
1,1,1,38.000000,48,441.505937,399.695802,-4.962780,0.608944
1,1,1,38.000000,49,273.230888,367.579670,-4.998430,-0.125300
1,1,1,38.000000,50,498.340805,148.042914,4.602903,-1.952762
1,1,1,38.000000,51,433.724936,78.235480,-0.851535,4.926955
1,1,1,38.000000,52,202.481710,221.006078,-4.989273,0.327346
1,1,1,38.000000,53,436.149359,21.842344,4.976988,-0.479158
1,1,1,38.000000,54,453.853464,381.000442,4.189531,2.729072
1,1,1,38.000000,55,121.348055,377.821085,0.527321,-4.972116
1,1,1,38.000000,56,418.131098,18.860894,-4.159748,-2.774256
1,1,1,38.000000,57,266.381562,304.993663,1.913201,-4.619487
1,1,1,38.000000,58,199.536040,97.501915,3.523369,3.547658
1,1,1,38.000000,59,20.840195,105.729815,-4.606269,1.944811
1,1,1,38.000000,60,352.163515,183.891327,3.940363,3.077912
1,1,1,38.000000,61,271.395895,391.484597,-1.432423,-4.790424
1,1,1,38.000000,62,341.163968,125.513664,-0.842756,4.928465
1,1,1,38.000000,63,487.403738,41.357869,-3.543128,3.527924
1,1,1,38.000000,64,97.277423,21.483743,0.041660,-4.999826
1,1,1,38.000000,65,319.781434,472.405514,4.935816,0.798575
1,1,1,38.000000,66,357.635443,94.157525,-3.212497,-3.831431
1,1,1,38.000000,67,275.823443,157.376180,-4.956075,0.661304
1,1,1,38.000000,68,444.710052,315.059565,-0.476003,4.977291
1,1,1,38.000000,69,74.982398,276.465965,-1.264334,-4.837506
1,1,1,38.000000,70,394.365807,362.610947,0.806144,-4.934585
1,1,1,38.000000,71,309.733160,47.945332,-3.149877,-3.883075
1,1,1,38.000000,72,372.736531,307.351339,2.456330,-4.355048
1,1,1,38.000000,73,418.491926,188.296412,3.315521,3.742635
1,1,1,38.000000,74,270.720927,180.485485,1.497566,4.770461
1,1,1,38.000000,75,388.430941,14.253417,-3.486013,3.584371
1,1,1,38.000000,76,488.906186,440.252598,-4.669667,1.787237
1,1,1,38.000000,77,100.941024,321.821836,-4.631699,-1.883445
1,1,1,38.000000,78,16.744952,41.288687,4.950787,0.699792
1,1,1,38.000000,79,319.413257,411.939488,-4.911056,-0.938900
1,1,1,38.000000,80,482.982215,245.240822,-2.829771,4.122183
1,1,1,38.000000,81,469.989676,267.922086,3.907277,-3.119806
1,1,1,38.000000,82,305.373692,477.037448,4.460642,-2.258911
1,1,1,38.000000,83,185.741568,425.945296,4.424913,2.328120
1,1,1,38.000000,84,357.556195,327.155621,-2.687792,-4.216133
1,1,1,38.000000,85,131.299572,43.120969,1.848564,-4.645731
1,1,1,38.000000,86,83.842594,396.882891,3.835043,3.208184
1,1,1,38.000000,87,483.082747,157.918614,-4.675536,1.771824
1,1,1,38.000000,88,144.304410,293.149669,3.222448,-3.823065
1,1,1,38.000000,89,349.747583,418.579025,3.935311,3.084368
1,1,1,38.000000,90,190.949168,61.119476,-2.789690,-4.149413
1,1,1,38.000000,91,191.215645,180.638304,0.947908,-4.909325
1,1,1,38.000000,92,223.381623,321.585786,3.672615,-3.392919
1,1,1,38.000000,93,192.637123,195.557105,4.614867,-1.924320
1,1,1,38.000000,94,60.993086,88.832137,-0.902022,-4.917963
1,1,1,38.000000,95,193.209179,123.125803,4.813581,1.352568
1,1,1,38.000000,96,136.702739,463.736152,1.567913,-4.747804
1,1,1,38.000000,97,11.591694,296.545095,-3.977602,-3.029634
1,1,1,38.000000,98,128.317934,323.522805,4.172059,-2.755707
1,1,1,38.000000,99,463.486360,144.160404,3.560894,3.509991
1,1,1,38.000000,100,156.390921,18.892744,0.581062,-4.966122
1,1,1,38.000000,101,401.753132,13.014396,4.771391,-1.494599
1,1,1,38.000000,102,132.120952,217.179010,4.082300,2.887010
1,1,1,38.000000,103,380.813126,373.550603,-4.679176,-1.762190
1,1,1,38.000000,104,193.599659,235.614422,-2.390669,4.391435
1,1,1,38.000000,105,72.187886,199.977066,-3.701348,3.361551
1,1,1,38.000000,106,295.272820,462.656927,4.985558,0.379758
1,1,1,38.000000,107,271.900475,493.506019,3.828852,-3.215571
1,1,1,38.000000,108,211.024899,12.665014,-4.686463,-1.742719
1,1,1,38.000000,109,465.958957,98.786464,4.249601,-2.634557
1,1,1,38.000000,110,180.439879,71.289260,-3.433823,-3.634400
1,1,1,38.000000,111,155.772496,173.882518,4.914748,0.919375
1,1,1,38.000000,112,249.954656,3.863751,1.174416,-4.860118
1,1,1,38.000000,113,142.861984,289.849525,2.246918,-4.466694
1,1,1,38.000000,114,421.112784,66.581948,-0.672278,-4.954598
1,1,1,38.000000,115,16.741193,462.934147,1.600253,4.737002
1,1,1,38.000000,116,41.533597,246.015047,0.020145,4.999959
1,1,1,38.000000,117,109.227749,120.894126,-4.497771,-2.184045
1,1,1,38.000000,118,20.841208,244.337045,0.628830,4.960300
1,1,1,38.000000,119,343.885707,255.606345,-2.777064,4.157874
1,1,1,38.000000,120,478.186677,414.813798,-4.153516,2.783577
1,1,1,38.000000,121,476.470617,385.843083,0.604472,-4.963327
1,1,1,38.000000,122,269.560721,383.802264,-3.231138,-3.815723
1,1,1,38.000000,123,368.160391,376.622591,4.828479,1.298381
1,1,1,38.000000,124,463.682528,140.692441,1.100626,4.877358
1,1,1,38.000000,125,372.340635,162.929950,-4.061048,-2.916828
1,1,1,38.000000,126,65.348605,248.496915,-2.709962,-4.201917
1,1,1,38.000000,127,330.392013,237.827966,4.853040,-1.203331
1,1,1,38.000000,128,444.886040,124.804355,-4.512511,-2.153427
1,1,1,38.000000,129,381.982491,379.786603,0.898325,4.918639
1,1,1,38.000000,130,318.027902,400.577549,-3.998561,-3.001918
1,1,1,38.000000,131,24.168250,244.494442,2.390801,-4.391363
1,1,1,38.000000,132,343.140123,438.189984,4.304073,2.544593
1,1,1,38.000000,133,24.263273,147.826357,-1.367075,4.809481
1,1,1,38.000000,134,388.796995,276.051305,2.160607,4.509077
1,1,1,38.000000,135,438.025233,135.398006,1.453848,4.783966
1,1,1,38.000000,136,175.954498,457.271719,-3.313711,-3.744238
1,1,1,38.000000,137,385.314616,467.794036,4.715091,1.663706
1,1,1,38.000000,138,22.726428,206.454444,-2.122348,4.527211
1,1,1,38.000000,139,172.069943,83.784624,2.152829,4.512796
1,1,1,38.000000,140,269.881507,357.642496,4.744747,-1.577143
1,1,1,38.000000,141,462.307765,411.004155,-3.578999,3.491527
1,1,1,38.000000,142,413.386845,445.234143,-4.731302,-1.617027
1,1,1,38.000000,143,389.599310,375.072738,-3.991440,-3.011380
1,1,1,38.000000,144,450.606885,449.670164,0.505116,-4.974420
1,1,1,38.000000,145,43.624923,149.983687,-1.922947,-4.615439
1,1,1,38.000000,146,188.910096,311.217676,4.606803,-1.943545
1,1,1,38.000000,147,173.356301,313.351740,4.019911,-2.973267
1,1,1,38.000000,148,296.136776,214.590206,1.508370,4.767056
1,1,1,38.000000,149,481.254996,437.962873,1.110541,4.875110
1,1,1,39.000000,0,168.058562,134.589284,0.950653,-4.908794
1,1,1,39.000000,1,102.975570,31.753105,-4.698446,1.710148
1,1,1,39.000000,2,221.291839,373.883617,-4.919300,-0.894700
1,1,1,39.000000,3,160.794312,375.953344,0.515260,-4.973380
1,1,1,39.000000,4,482.764936,496.219393,4.061385,2.916359
1,1,1,39.000000,5,351.851332,326.749945,-4.171720,-2.756221
1,1,1,39.000000,6,59.895526,228.383884,0.743008,-4.944486
1,1,1,39.000000,7,26.606954,460.025450,-4.647729,1.843534
1,1,1,39.000000,8,89.192025,332.664851,-4.082469,2.886771
1,1,1,39.000000,9,76.571332,405.694595,-3.215517,-3.828897
1,1,1,39.000000,10,323.920393,432.327522,-4.907137,-0.959168
1,1,1,39.000000,11,79.347794,45.901566,-4.999852,-0.038422
1,1,1,39.000000,12,407.696264,418.146627,4.169166,2.760082
1,1,1,39.000000,13,234.107577,467.739005,3.571041,-3.499667
1,1,1,39.000000,14,171.140609,282.552318,-1.612351,4.732898
1,1,1,39.000000,15,262.019714,398.847304,3.098878,-3.923895
1,1,1,39.000000,16,12.552545,200.177845,1.118186,4.873362
1,1,1,39.000000,17,248.865241,496.373484,3.062942,-3.952010
1,1,1,39.000000,18,432.895390,350.357128,-1.858421,-4.641796
1,1,1,39.000000,19,415.862131,7.332086,4.284897,2.576753
1,1,1,39.000000,20,210.997835,216.629307,0.256121,4.993436
1,1,1,39.000000,21,386.787508,89.090234,-0.713140,4.948882
1,1,1,39.000000,22,358.374211,117.032396,-2.245601,-4.467357
1,1,1,39.000000,23,385.570087,446.577476,4.678932,-1.762838
1,1,1,39.000000,24,461.792765,75.345597,-2.904328,4.069998
1,1,1,39.000000,25,2.570900,244.355675,-0.281304,4.992081
1,1,1,39.000000,26,384.869356,404.976839,4.555706,-2.060472
1,1,1,39.000000,27,20.720664,273.747076,0.583060,-4.965888
1,1,1,39.000000,28,421.864130,419.733294,3.973303,-3.035270
1,1,1,39.000000,29,69.939313,270.370635,-3.694246,-3.369354
1,1,1,39.000000,30,94.247623,441.748669,-4.655134,-1.824755
1,1,1,39.000000,31,169.405169,59.738737,-4.917895,0.902392
1,1,1,39.000000,32,24.640222,80.108058,4.066086,2.909801
1,1,1,39.000000,33,378.751589,378.419172,4.548587,-2.076140
1,1,1,39.000000,34,486.710670,178.450159,4.646402,1.846875
1,1,1,39.000000,35,252.927619,376.745178,4.420934,-2.335668
1,1,1,39.000000,36,262.317704,220.219174,-0.611676,4.962444
1,1,1,39.000000,37,150.855268,271.842986,-4.997810,0.147974
1,1,1,39.000000,38,368.751953,143.366253,-4.346275,-2.471820
1,1,1,39.000000,39,310.115927,330.895734,1.424712,-4.792723
1,1,1,39.000000,40,302.284048,257.524867,-4.952040,-0.690872
1,1,1,39.000000,41,307.353789,123.463610,-0.274974,4.992433
1,1,1,39.000000,42,274.833471,182.187387,2.349299,4.413705
1,1,1,39.000000,43,498.084740,374.938617,0.215396,4.995358
1,1,1,39.000000,44,407.824731,152.586769,-4.356280,2.454144
1,1,1,39.000000,45,375.987674,174.560312,2.078314,-4.547594
1,1,1,39.000000,46,312.126039,224.131250,-4.863137,-1.161852
1,1,1,39.000000,47,139.736332,451.254977,4.289098,2.569755
1,1,1,39.000000,48,436.543156,400.304746,3.166878,-3.869222
1,1,1,39.000000,49,268.232459,367.454370,0.601136,-4.963732
1,1,1,39.000000,50,497.592095,145.134529,-4.067099,-2.908385
1,1,1,39.000000,51,432.873401,83.162435,-2.687612,4.216247
1,1,1,39.000000,52,197.492437,221.333423,-3.283935,3.770381
1,1,1,39.000000,53,441.126347,21.363186,1.309293,-4.825531
1,1,1,39.000000,54,458.042995,383.729513,2.365412,-4.405091
1,1,1,39.000000,55,121.875376,372.848969,-0.321055,-4.989682
1,1,1,39.000000,56,413.971350,16.086638,-4.999303,0.083479
1,1,1,39.000000,57,268.294763,300.374176,-3.926799,3.095197
1,1,1,39.000000,58,203.059408,101.049573,4.952176,-0.689892
1,1,1,39.000000,59,16.233927,107.674626,-4.940382,0.769824
1,1,1,39.000000,60,356.103878,186.969239,-1.166133,4.862112
1,1,1,39.000000,61,269.963472,386.694173,4.959559,0.634641
1,1,1,39.000000,62,340.321213,130.442128,0.664409,4.955659
1,1,1,39.000000,63,488.326079,46.272062,0.922341,4.914192
1,1,1,39.000000,64,98.749818,16.705453,1.472395,-4.778290
1,1,1,39.000000,65,324.717250,473.204089,-4.250050,-2.633833
1,1,1,39.000000,66,354.422946,90.326093,2.777188,-4.157791
1,1,1,39.000000,67,270.867368,158.037483,2.984316,4.011715
1,1,1,39.000000,68,444.234049,320.036855,4.797357,1.409032
1,1,1,39.000000,69,73.718064,271.628459,-4.298620,2.553794
1,1,1,39.000000,70,395.171951,357.676362,-0.970554,4.904898
1,1,1,39.000000,71,306.583283,44.062256,-1.876928,-4.634344
1,1,1,39.000000,72,375.192861,302.996291,-4.787798,-1.441178
1,1,1,39.000000,73,421.807447,192.039048,-4.029901,2.959712
1,1,1,39.000000,74,272.218492,185.255946,-0.565123,4.967961
1,1,1,39.000000,75,384.944928,17.837788,4.048845,-2.933744
1,1,1,39.000000,76,484.974762,437.163277,-3.931424,-3.089321
1,1,1,39.000000,77,96.309325,319.938391,-1.429978,-4.791155
1,1,1,39.000000,78,21.487332,39.704442,4.742380,-1.584245
1,1,1,39.000000,79,314.502202,411.000588,-2.739059,-4.183008
1,1,1,39.000000,80,480.152443,249.363005,4.979471,0.452619
1,1,1,39.000000,81,473.896953,264.802280,1.290908,-4.830482
1,1,1,39.000000,82,309.834334,474.778537,4.285468,2.575804
1,1,1,39.000000,83,190.166481,428.273415,4.767921,1.505634
1,1,1,39.000000,84,354.868404,322.939488,4.990374,0.310114
1,1,1,39.000000,85,133.148135,38.475239,3.095702,-3.926402
1,1,1,39.000000,86,87.677637,400.091075,4.758369,-1.535553
1,1,1,39.000000,87,487.268579,160.653354,4.185833,2.734740
1,1,1,39.000000,88,147.526858,289.326603,-0.821767,-4.932008
1,1,1,39.000000,89,353.682894,421.663393,-4.595260,1.970680
1,1,1,39.000000,90,188.159478,56.970063,4.962373,-0.612252
1,1,1,39.000000,91,192.163553,175.728979,-2.849229,4.108758
1,1,1,39.000000,92,227.054238,318.192867,1.604911,-4.735426
1,1,1,39.000000,93,197.251990,193.632786,-0.826242,4.931260
1,1,1,39.000000,94,60.091064,83.914175,0.122553,4.998498
1,1,1,39.000000,95,198.022760,124.478370,-2.025839,-4.571212
1,1,1,39.000000,96,138.270652,458.988347,-0.259413,4.993266
1,1,1,39.000000,97,6.685426,297.508700,-4.906268,0.963605
1,1,1,39.000000,98,132.489993,320.767098,0.519750,-4.972913
1,1,1,39.000000,99,467.047254,147.670395,-1.263823,4.837639
1,1,1,39.000000,100,158.555875,14.385752,2.164954,-4.506992
1,1,1,39.000000,101,404.906768,9.134373,3.153636,-3.880023
1,1,1,39.000000,102,136.203252,220.066020,4.995891,0.202663
1,1,1,39.000000,103,376.133950,371.788413,4.997370,-0.162148
1,1,1,39.000000,104,191.208990,240.005857,4.944249,0.744585
1,1,1,39.000000,105,68.486539,203.338617,0.769285,4.940466
1,1,1,39.000000,106,300.258377,463.036685,1.311657,-4.824889
1,1,1,39.000000,107,267.238622,491.698499,-4.661853,-1.807520
1,1,1,39.000000,108,206.338436,10.922295,4.592563,1.976957
1,1,1,39.000000,109,470.208557,96.151906,3.042100,-3.968076
1,1,1,39.000000,110,177.006057,67.654860,3.974314,3.033946
1,1,1,39.000000,111,160.687244,174.801893,1.152923,-4.865261
1,1,1,39.000000,112,245.469111,1.654705,-4.485545,-2.209046
1,1,1,39.000000,113,145.108902,285.382830,-4.251641,-2.631264
1,1,1,39.000000,114,420.440506,61.627349,4.799643,-1.401224
1,1,1,39.000000,115,20.895136,465.717087,4.153943,2.782940
1,1,1,39.000000,116,41.553741,251.015007,-0.679705,4.953585
1,1,1,39.000000,117,104.729978,118.710080,2.547905,-4.302113
1,1,1,39.000000,118,21.470037,249.297345,-4.987235,0.357054
1,1,1,39.000000,119,341.108643,259.764218,2.003181,-4.581186
1,1,1,39.000000,120,474.033161,417.597376,4.645296,1.849656
1,1,1,39.000000,121,472.242641,388.512208,-4.227975,2.669125
1,1,1,39.000000,122,266.329582,379.986540,4.486311,-2.207491
1,1,1,39.000000,123,372.988869,377.920972,-4.129949,-2.818425
1,1,1,39.000000,124,464.783154,145.569800,-1.776838,4.673633
1,1,1,39.000000,125,368.279586,160.013122,4.960370,0.628273
1,1,1,39.000000,126,62.638644,244.294997,4.994373,0.237138
1,1,1,39.000000,127,335.245053,236.624635,1.676974,-4.710388
1,1,1,39.000000,128,440.373529,122.650928,-0.168350,-4.997165
1,1,1,39.000000,129,382.880816,384.705243,-3.712269,-3.349486
1,1,1,39.000000,130,314.029341,397.575631,-1.718871,4.695262
1,1,1,39.000000,131,26.559051,240.103078,0.801747,-4.935302
1,1,1,39.000000,132,347.444196,440.734578,-4.434331,2.310132
1,1,1,39.000000,133,22.896199,152.635838,4.408760,-2.358566
1,1,1,39.000000,134,390.957602,280.560383,-2.704034,4.205734
1,1,1,39.000000,135,439.479081,140.181971,4.675994,1.770615
1,1,1,39.000000,136,172.640786,453.527481,3.593989,-3.476096
1,1,1,39.000000,137,390.029707,469.457742,1.205326,-4.852545
1,1,1,39.000000,138,20.604080,210.981655,-4.592889,1.976201
1,1,1,39.000000,139,174.222772,88.297420,-0.113036,-4.998722
1,1,1,39.000000,140,274.626254,356.065353,1.968164,4.596339
1,1,1,39.000000,141,458.728766,414.495683,4.293080,-2.563096
1,1,1,39.000000,142,408.655542,443.617116,-1.673960,4.711460
1,1,1,39.000000,143,385.607870,372.061358,-4.847223,1.226552
1,1,1,39.000000,144,451.112001,444.695744,4.963599,0.602234
1,1,1,39.000000,145,41.701976,145.368248,-0.517508,4.973146
1,1,1,39.000000,146,193.516899,309.274130,0.003144,-4.999999
1,1,1,39.000000,147,177.376212,310.378473,-4.034193,-2.953860
1,1,1,39.000000,148,297.645147,219.357262,1.546824,4.754717
1,1,1,39.000000,149,482.365537,442.837983,4.416216,2.344576
1,1,1,40.000000,0,169.009215,129.680490,3.958050,3.055134
1,1,1,40.000000,1,98.277124,33.463253,-4.673525,-1.777122
1,1,1,40.000000,2,216.372539,372.988917,-3.024418,3.981570
1,1,1,40.000000,3,161.309572,370.979964,-3.793706,-3.256961
1,1,1,40.000000,4,486.826321,499.135752,2.300037,-4.439575
1,1,1,40.000000,5,347.679613,323.993724,-4.965386,0.587316
1,1,1,40.000000,6,60.638534,223.439398,1.508075,-4.767149
1,1,1,40.000000,7,29.695921,463.957151,3.088968,3.931702
1,1,1,40.000000,8,85.109556,335.551622,-4.746818,-1.570897
1,1,1,40.000000,9,73.355815,401.865698,-2.759863,4.169311
1,1,1,40.000000,10,319.013256,431.368354,4.702646,-1.698563
1,1,1,40.000000,11,74.347942,45.863144,3.721492,3.339236
1,1,1,40.000000,12,411.865430,420.906709,-4.995436,0.213591
1,1,1,40.000000,13,237.678618,464.239338,4.985627,-0.378839
1,1,1,40.000000,14,169.528258,287.285216,-4.916657,-0.909113
1,1,1,40.000000,15,265.118592,394.923409,4.364680,-2.439174
1,1,1,40.000000,16,8.686859,197.006651,-3.865686,-3.171194
1,1,1,40.000000,17,252.810131,493.301378,3.944891,-3.072106
1,1,1,40.000000,18,431.036969,345.715332,-2.115762,4.530293
1,1,1,40.000000,19,411.197041,5.532939,-4.665090,-1.799148
1,1,1,40.000000,20,211.253956,221.622742,4.270145,-2.601127
1,1,1,40.000000,21,386.074367,94.039115,4.633659,-1.878617
1,1,1,40.000000,22,356.128610,112.565039,1.397616,4.800695
1,1,1,40.000000,23,390.249019,444.814638,3.740665,3.317744
1,1,1,40.000000,24,458.888438,79.415594,-1.621358,-4.729820
1,1,1,40.000000,25,2.289595,249.347756,2.720019,4.195414
1,1,1,40.000000,26,389.425062,402.916367,0.085742,4.999265
1,1,1,40.000000,27,21.303724,268.781188,-4.083297,2.885600
1,1,1,40.000000,28,425.837432,416.698024,-1.525068,4.761740
1,1,1,40.000000,29,66.245068,267.001280,-3.760043,3.295767
1,1,1,40.000000,30,89.592489,439.923915,2.733069,-4.186924
1,1,1,40.000000,31,164.487274,60.641129,-0.660956,4.956121
1,1,1,40.000000,32,21.237939,83.772001,-3.402282,3.663942
1,1,1,40.000000,33,383.300176,376.343032,4.995684,0.207717
1,1,1,40.000000,34,491.357072,180.297034,4.720259,1.648985
1,1,1,40.000000,35,257.348552,374.409510,3.657485,-3.409223
1,1,1,40.000000,36,261.706028,225.181618,4.962310,-0.612762
1,1,1,40.000000,37,145.857458,271.990961,3.282127,3.771955
1,1,1,40.000000,38,364.405678,140.894434,-1.746311,-4.685125
1,1,1,40.000000,39,311.540639,326.103011,1.520872,-4.763082
1,1,1,40.000000,40,297.332009,256.833995,1.748893,-4.684162
1,1,1,40.000000,41,307.078815,128.456043,4.944512,0.742832
1,1,1,40.000000,42,277.182769,186.601092,0.888472,-4.920429
1,1,1,40.000000,43,498.705374,369.977285,0.620634,-4.961332
1,1,1,40.000000,44,403.468451,155.040913,-0.490674,4.975866
1,1,1,40.000000,45,378.065988,170.012719,-3.136165,3.894159
1,1,1,40.000000,46,307.262903,222.969398,-4.989265,-0.327473
1,1,1,40.000000,47,144.025430,453.824733,0.595906,4.964363
1,1,1,40.000000,48,439.710035,396.435523,4.552030,-2.068580
1,1,1,40.000000,49,268.833594,362.490637,-1.453951,-4.783934
1,1,1,40.000000,50,497.428417,144.682084,-4.979487,-0.452445
1,1,1,40.000000,51,430.185789,87.378683,2.135443,-4.521049
1,1,1,40.000000,52,194.208502,225.103804,-4.718840,-1.653041
1,1,1,40.000000,53,442.435640,16.537655,3.420642,3.646808
1,1,1,40.000000,54,460.408407,379.324422,4.701413,-1.701973
1,1,1,40.000000,55,121.554321,367.859287,-4.161335,-2.771875
1,1,1,40.000000,56,408.972047,16.170117,-3.527361,-3.543688
1,1,1,40.000000,57,264.367964,303.469373,-4.950032,0.705111
1,1,1,40.000000,58,208.011584,100.359681,-1.054041,-4.887637
1,1,1,40.000000,59,11.293545,108.444450,-3.595380,-3.474657
1,1,1,40.000000,60,354.937745,191.831351,-1.282749,4.832655
1,1,1,40.000000,61,274.923032,387.328814,-1.731911,-4.690467
1,1,1,40.000000,62,340.985622,135.397788,-4.915591,-0.914856
1,1,1,40.000000,63,485.728916,41.999505,-2.597163,-4.272557
1,1,1,40.000000,64,103.693960,15.960165,4.944143,-0.745288
1,1,1,40.000000,65,320.467200,470.570256,4.879145,1.092680
1,1,1,40.000000,66,357.200134,86.168302,4.361132,2.445511
1,1,1,40.000000,67,273.851684,162.049199,-4.910600,0.941278
1,1,1,40.000000,68,449.031406,321.445887,-1.110407,-4.875141
1,1,1,40.000000,69,69.419444,274.182254,-0.140443,-4.998027
1,1,1,40.000000,70,394.201397,362.581260,-4.988787,0.334666
1,1,1,40.000000,71,304.706355,39.427913,-3.580820,3.489660
1,1,1,40.000000,72,370.405064,301.555113,0.029458,-4.999913
1,1,1,40.000000,73,417.777546,194.998760,4.693207,-1.724473
1,1,1,40.000000,74,271.653370,190.223907,-1.786730,-4.669860
1,1,1,40.000000,75,388.993773,14.904044,0.470137,-4.977848
1,1,1,40.000000,76,483.299148,441.874149,-1.675614,4.710872
1,1,1,40.000000,77,94.879347,315.147237,-1.989789,4.587019
1,1,1,40.000000,78,26.469520,39.282776,4.982188,-0.421666
1,1,1,40.000000,79,311.763143,406.817580,4.392977,2.387834
1,1,1,40.000000,80,485.131915,249.815624,-4.023984,2.967752
1,1,1,40.000000,81,475.187862,259.971799,-4.829733,-1.293709
1,1,1,40.000000,82,314.119802,477.354341,4.999035,0.098223
1,1,1,40.000000,83,194.934402,429.779049,4.073365,-2.899603
1,1,1,40.000000,84,359.858777,323.249602,4.481184,2.217880
1,1,1,40.000000,85,136.243837,34.548837,4.722218,-1.643367
1,1,1,40.000000,86,92.436006,398.555521,-4.491764,-2.196374
1,1,1,40.000000,87,490.886851,157.202541,3.618272,-3.450813
1,1,1,40.000000,88,146.705091,284.394596,-1.219717,-4.848947
1,1,1,40.000000,89,349.087634,423.634073,-4.994042,0.244010
1,1,1,40.000000,90,193.121851,56.357811,-2.915340,4.062117
1,1,1,40.000000,91,189.314324,179.837737,-4.955230,-0.667603
1,1,1,40.000000,92,228.659149,313.457440,-4.298109,-2.554655
1,1,1,40.000000,93,196.425747,198.564046,1.716850,4.696001
1,1,1,40.000000,94,60.213617,88.912672,2.403917,4.384197
1,1,1,40.000000,95,195.996921,119.907159,1.533025,4.759184
1,1,1,40.000000,96,138.011239,463.981613,-0.648717,-4.957738
1,1,1,40.000000,97,4.528654,292.997787,-2.156772,-4.510913
1,1,1,40.000000,98,133.009743,315.794186,-4.068804,-2.906000
1,1,1,40.000000,99,465.783430,152.508034,4.339495,2.483704
1,1,1,40.000000,100,158.675173,9.387176,0.119298,-4.998577
1,1,1,40.000000,101,409.520667,7.207733,4.613899,-1.926640
1,1,1,40.000000,102,141.199143,220.268683,4.255705,-2.624686
1,1,1,40.000000,103,381.131321,371.626265,-2.506254,4.326510
1,1,1,40.000000,104,196.153238,240.750442,1.296628,4.828950
1,1,1,40.000000,105,69.255824,208.279083,-4.833798,1.278435
1,1,1,40.000000,106,301.570034,458.211796,3.211778,3.832034
1,1,1,40.000000,107,266.676235,496.666770,-0.562387,4.968271
1,1,1,40.000000,108,210.930999,12.899252,4.086351,-2.881273
1,1,1,40.000000,109,473.250657,92.183830,-4.461979,2.256267
1,1,1,40.000000,110,180.980370,70.688807,3.761492,3.294113
1,1,1,40.000000,111,161.840167,169.936632,1.739350,4.687714
1,1,1,40.000000,112,240.609428,2.830922,-4.859682,1.176218
1,1,1,40.000000,113,140.857262,282.751566,3.490698,-3.579808
1,1,1,40.000000,114,425.240149,60.226125,4.869156,-1.136362
1,1,1,40.000000,115,16.062374,466.999431,-4.832763,1.282344
1,1,1,40.000000,116,40.874037,255.968592,4.999713,-0.053592
1,1,1,40.000000,117,107.277884,114.407967,-3.785037,3.267031
1,1,1,40.000000,118,16.482802,249.654399,2.678394,4.222109
1,1,1,40.000000,119,343.111824,255.183032,1.551866,-4.753074
1,1,1,40.000000,120,478.678457,419.447032,4.993853,-0.247849
1,1,1,40.000000,121,474.795045,392.811654,2.552404,4.299446
1,1,1,40.000000,122,270.815893,377.779049,4.217386,2.685825
1,1,1,40.000000,123,368.858920,375.102547,-4.996829,-0.178046
1,1,1,40.000000,124,463.006316,150.243433,-0.695575,-4.951381
1,1,1,40.000000,125,373.239957,160.641394,-4.762031,1.524159
1,1,1,40.000000,126,67.633017,244.532135,-4.939449,-0.775784
1,1,1,40.000000,127,336.922027,231.914246,-3.691885,3.371941
1,1,1,40.000000,128,440.205179,117.653763,-4.966496,0.577857
1,1,1,40.000000,129,379.168547,381.355756,4.984033,0.399270
1,1,1,40.000000,130,312.310470,402.270893,0.644843,4.958243
1,1,1,40.000000,131,27.360798,235.167777,1.448670,-4.785536
1,1,1,40.000000,132,343.009865,443.044709,4.790259,-1.432974
1,1,1,40.000000,133,27.304959,150.277272,-3.105954,-3.918297
1,1,1,40.000000,134,388.253568,284.766117,4.780931,1.463797
1,1,1,40.000000,135,444.155075,141.952586,-2.149718,4.514279
1,1,1,40.000000,136,176.234776,450.051385,3.877338,3.156937
1,1,1,40.000000,137,391.235033,464.605197,4.800926,-1.396823
1,1,1,40.000000,138,16.011191,212.957856,-4.915976,0.912786
1,1,1,40.000000,139,174.109736,83.298698,-1.721379,-4.694343
1,1,1,40.000000,140,276.594418,360.661692,4.231801,2.663054
1,1,1,40.000000,141,463.021846,411.932586,-4.666085,-1.796566
1,1,1,40.000000,142,406.981582,448.328576,-1.818513,4.657575
1,1,1,40.000000,143,380.760647,373.287910,3.566173,-3.504627
1,1,1,40.000000,144,456.075600,445.297978,-3.298807,-3.757375
1,1,1,40.000000,145,41.184468,150.341395,-0.480764,-4.976833
1,1,1,40.000000,146,193.520042,304.274131,1.628833,-4.727251
1,1,1,40.000000,147,173.342019,307.424613,-2.826208,4.124627
1,1,1,40.000000,148,299.191971,224.111979,1.841555,-4.648513
1,1,1,40.000000,149,486.781753,445.182560,4.921582,-0.882063
1,1,1,41.000000,0,172.967265,132.735623,2.952403,-4.035259
1,1,1,41.000000,1,93.603599,31.686130,-4.420893,2.335746
1,1,1,41.000000,2,213.348121,376.970486,0.383730,4.985253
1,1,1,41.000000,3,157.515866,367.723003,1.289551,-4.830845
1,1,1,41.000000,4,489.126358,494.696177,-2.127938,4.524586
1,1,1,41.000000,5,342.714226,324.581039,-4.899009,-0.999858
1,1,1,41.000000,6,62.146609,218.672249,-4.984240,-0.396672
1,1,1,41.000000,7,25.491325,466.662954,-4.204597,2.705802
1,1,1,41.000000,8,80.362738,333.980725,3.320487,-3.738231
1,1,1,41.000000,9,70.595952,406.035009,-4.223553,-2.676116
1,1,1,41.000000,10,323.715902,429.669790,-4.796738,-1.411135
1,1,1,41.000000,11,78.069433,49.202380,3.414136,-3.652899
1,1,1,41.000000,12,406.869994,421.120299,-1.309211,4.825554
1,1,1,41.000000,13,242.664245,463.860499,4.172291,-2.755356
1,1,1,41.000000,14,164.611601,286.376102,4.929628,0.835921
1,1,1,41.000000,15,269.483271,392.484234,1.081042,-4.881736
1,1,1,41.000000,16,13.500915,195.655777,4.814057,-1.350873
1,1,1,41.000000,17,248.803106,490.310767,-4.007025,-2.990610
1,1,1,41.000000,18,428.921207,350.245624,-1.994522,4.584962
1,1,1,41.000000,19,412.612138,10.328510,1.415097,4.795571
1,1,1,41.000000,20,215.524101,219.021615,3.132252,-3.897306
1,1,1,41.000000,21,390.708026,92.160498,-0.347811,-4.987888
1,1,1,41.000000,22,357.526226,117.365734,3.265069,-3.786730
1,1,1,41.000000,23,393.989684,448.132382,-3.513907,-3.557030
1,1,1,41.000000,24,457.267080,74.685774,3.837361,3.205412
1,1,1,41.000000,25,5.009615,253.543169,0.094307,-4.999111
1,1,1,41.000000,26,389.510804,407.915632,-4.375885,-2.419015
1,1,1,41.000000,27,17.220428,271.666788,0.656714,4.956685
1,1,1,41.000000,28,424.312364,421.459763,4.893748,1.025294
1,1,1,41.000000,29,62.485025,270.297047,4.346317,2.471746
1,1,1,41.000000,30,92.325559,435.736990,2.269160,4.455436
1,1,1,41.000000,31,163.826318,65.597250,-0.198498,4.996058
1,1,1,41.000000,32,17.076483,81.000309,-4.161457,-2.771692
1,1,1,41.000000,33,388.295859,376.550749,1.350106,-4.814272
1,1,1,41.000000,34,496.077331,181.946018,-4.770826,-1.496402
1,1,1,41.000000,35,261.006038,371.000287,0.783785,-4.938186
1,1,1,41.000000,36,266.668339,224.568855,4.951713,0.693211
1,1,1,41.000000,37,149.139585,275.762916,2.741653,4.181308
1,1,1,41.000000,38,362.659366,136.209309,2.837806,-4.116656
1,1,1,41.000000,39,313.061510,321.339929,-2.132875,4.522261
1,1,1,41.000000,40,299.080902,252.149833,-1.359399,4.811656
1,1,1,41.000000,41,312.023327,129.198876,0.032064,4.999897
1,1,1,41.000000,42,278.071241,181.680664,3.414504,-3.652556
1,1,1,41.000000,43,499.600831,365.272919,-1.693795,-4.704366
1,1,1,41.000000,44,402.977777,160.016779,4.633440,-1.879157
1,1,1,41.000000,45,374.929824,173.906877,-3.600531,-3.469320
1,1,1,41.000000,46,302.273638,222.641925,-4.977374,0.475125
1,1,1,41.000000,47,144.621335,458.789095,1.250124,4.841197
1,1,1,41.000000,48,444.262064,394.366943,2.147282,-4.515438
1,1,1,41.000000,49,267.379644,357.706703,2.920337,-4.058525
1,1,1,41.000000,50,496.027149,149.481714,-1.401268,4.799630
1,1,1,41.000000,51,432.321231,82.857634,-4.147969,-2.791837
1,1,1,41.000000,52,189.489662,223.450763,-1.102763,4.876875
1,1,1,41.000000,53,445.856281,20.184463,2.514533,4.321704
1,1,1,41.000000,54,465.109820,377.622449,4.219894,-2.681883
1,1,1,41.000000,55,117.392986,365.087412,-4.834024,1.277579
1,1,1,41.000000,56,405.444686,12.626428,3.687183,-3.377081
1,1,1,41.000000,57,259.417931,304.174485,4.996969,-0.174066
1,1,1,41.000000,58,206.957543,95.472043,-3.915970,-3.108887
1,1,1,41.000000,59,7.698165,104.969792,-2.651039,4.239338
1,1,1,41.000000,60,353.654996,196.664006,1.199797,-4.853915
1,1,1,41.000000,61,273.191120,382.638347,2.567605,4.290385
1,1,1,41.000000,62,336.070030,134.482931,-4.606590,1.944049
1,1,1,41.000000,63,489.100233,38.307051,3.371317,-3.692454
1,1,1,41.000000,64,98.711170,15.545678,-4.982790,-0.414487
1,1,1,41.000000,65,325.346344,471.662936,-4.632337,-1.881876
1,1,1,41.000000,66,361.561266,88.613813,-1.077165,4.882593
1,1,1,41.000000,67,268.941083,162.990476,-2.500055,4.330095
1,1,1,41.000000,68,447.920998,316.570746,-2.011413,-4.577578
1,1,1,41.000000,69,69.279001,269.184226,-3.956185,3.057548
1,1,1,41.000000,70,389.212610,362.915926,-4.508879,-2.161020
1,1,1,41.000000,71,301.125535,42.917573,-2.429111,-4.370288
1,1,1,41.000000,72,370.434522,296.555200,3.047198,3.964163
1,1,1,41.000000,73,422.470753,193.274286,1.290854,-4.830496
1,1,1,41.000000,74,269.866640,185.554046,0.650574,-4.957495
1,1,1,41.000000,75,389.463909,9.926196,0.280194,-4.992143
1,1,1,41.000000,76,478.594332,443.566694,-4.704816,1.692545
1,1,1,41.000000,77,92.889558,319.734255,-4.847303,-1.226235
1,1,1,41.000000,78,22.424625,36.343588,-4.044895,-2.939188
1,1,1,41.000000,79,316.156120,409.205414,-1.806066,4.662416
1,1,1,41.000000,80,481.107930,252.783376,-3.654387,-3.412544
1,1,1,41.000000,81,470.358129,258.678089,4.553169,2.066072
1,1,1,41.000000,82,319.118837,477.452564,-0.642552,-4.958541
1,1,1,41.000000,83,199.007767,426.879446,-1.461209,-4.781722
1,1,1,41.000000,84,364.339961,325.467482,2.712547,4.200249
1,1,1,41.000000,85,140.966055,32.905470,-0.031546,4.999900
1,1,1,41.000000,86,87.944243,396.359148,-3.827320,-3.217394
1,1,1,41.000000,87,490.523749,152.215743,-0.363102,-4.986798
1,1,1,41.000000,88,145.485373,279.545649,4.824716,-1.312293
1,1,1,41.000000,89,344.093592,423.878084,2.750281,4.175638
1,1,1,41.000000,90,190.206511,60.419927,2.306625,4.436156
1,1,1,41.000000,91,184.359094,179.170134,4.964368,-0.595860
1,1,1,41.000000,92,224.361040,310.902785,4.995243,0.218061
1,1,1,41.000000,93,198.142598,203.260047,2.707653,4.203405
1,1,1,41.000000,94,62.617535,93.296869,2.205380,-4.487349
1,1,1,41.000000,95,197.529946,124.666343,-4.981495,-0.429772
1,1,1,41.000000,96,137.362522,459.023875,-4.265774,-2.608289
1,1,1,41.000000,97,0.032352,290.810720,-4.496303,-2.187067
1,1,1,41.000000,98,128.940940,312.888186,4.920886,0.885937
1,1,1,41.000000,99,470.122925,154.991738,3.098910,3.923870
1,1,1,41.000000,100,155.495654,5.528334,-3.179519,-3.858842
1,1,1,41.000000,101,414.501058,6.765346,4.980391,-0.442387
1,1,1,41.000000,102,145.454848,217.643996,1.768174,-4.676918
1,1,1,41.000000,103,378.625066,375.952775,3.301288,-3.755196
1,1,1,41.000000,104,197.449866,245.579392,1.424258,-4.792858
1,1,1,41.000000,105,64.422025,209.557518,0.374789,-4.985934
1,1,1,41.000000,106,304.781812,462.043829,-0.515691,-4.973335
1,1,1,41.000000,107,261.680204,496.467582,-4.996031,-0.199188
1,1,1,41.000000,108,215.017351,10.017979,0.948134,4.909281
1,1,1,41.000000,109,468.788678,94.440097,3.876978,-3.157378
1,1,1,41.000000,110,184.741862,73.982920,-1.821271,-4.656498
1,1,1,41.000000,111,163.579517,174.624345,-3.907885,-3.119044
1,1,1,41.000000,112,245.322472,4.500420,4.713043,1.669498
1,1,1,41.000000,113,144.347960,279.171758,-4.896378,-1.012659
1,1,1,41.000000,114,430.109305,59.089764,-1.669773,-4.712946
1,1,1,41.000000,115,17.687108,462.270769,1.624734,-4.728661
1,1,1,41.000000,116,45.873750,255.915000,4.974361,-0.505702
1,1,1,41.000000,117,103.492846,117.674998,-2.087449,-4.543408
1,1,1,41.000000,118,19.161196,253.876508,4.442018,2.295317
1,1,1,41.000000,119,344.663690,250.429958,4.699905,-1.706134
1,1,1,41.000000,120,483.672310,419.199182,4.635356,-1.874426
1,1,1,41.000000,121,479.723075,393.656949,4.928030,0.845295
1,1,1,41.000000,122,275.033279,380.464874,3.961789,3.050283
1,1,1,41.000000,123,363.862091,374.924501,1.967285,4.596715
1,1,1,41.000000,124,462.310741,145.292052,-4.977850,-0.470116
1,1,1,41.000000,125,368.477926,162.165553,4.176475,2.749010
1,1,1,41.000000,126,62.693568,243.756351,-4.994431,0.235924
1,1,1,41.000000,127,333.230142,235.286187,0.554670,-4.969139
1,1,1,41.000000,128,435.238683,118.231620,-4.663785,1.802530
1,1,1,41.000000,129,384.152580,381.755027,-4.749833,-1.561758
1,1,1,41.000000,130,312.955313,407.229137,3.507589,-3.563260
1,1,1,41.000000,131,28.809468,230.382241,4.856119,-1.190842
1,1,1,41.000000,132,347.800124,441.611735,4.999199,-0.089480
1,1,1,41.000000,133,24.199005,146.358975,1.118363,-4.873322
1,1,1,41.000000,134,393.034499,286.229913,-2.435459,-4.366754
1,1,1,41.000000,135,442.005357,146.466864,-2.844937,4.111732
1,1,1,41.000000,136,180.112114,453.208321,-0.470242,-4.977838
1,1,1,41.000000,137,396.035959,463.208374,1.289759,-4.830789
1,1,1,41.000000,138,11.095215,213.870642,1.696851,-4.703265
1,1,1,41.000000,139,172.388357,78.604355,-4.984949,-0.387666
1,1,1,41.000000,140,280.826219,363.324746,-2.509081,-4.324872
1,1,1,41.000000,141,458.355760,410.136020,1.633651,-4.725588
1,1,1,41.000000,142,405.163069,452.986151,2.877648,-4.088905
1,1,1,41.000000,143,384.326820,369.783283,-0.740083,4.944924
1,1,1,41.000000,144,452.776793,441.540603,-0.786491,-4.937756
1,1,1,41.000000,145,40.703704,145.364562,-4.133202,2.813653
1,1,1,41.000000,146,195.148875,299.546880,-2.916490,-4.061291
1,1,1,41.000000,147,170.515811,311.549239,-3.442366,3.626309
1,1,1,41.000000,148,301.033525,219.463466,3.200621,3.841357
1,1,1,41.000000,149,491.703334,444.300497,-4.999844,-0.039549
1,1,1,42.000000,0,175.919667,128.700364,-4.946128,-0.731997
1,1,1,42.000000,1,89.182706,34.021876,3.894879,3.135270
1,1,1,42.000000,2,213.731851,381.955740,2.480344,-4.341416
1,1,1,42.000000,3,158.805416,362.892159,0.183090,4.996647
1,1,1,42.000000,4,486.998421,499.220763,-4.466298,-2.247706
1,1,1,42.000000,5,337.815218,323.581182,-4.931050,0.827493
1,1,1,42.000000,6,57.162369,218.275578,-4.997391,-0.161489
1,1,1,42.000000,7,29.997055,464.495375,4.505730,-2.167579
1,1,1,42.000000,8,83.683225,330.242494,-4.117630,2.836393
1,1,1,42.000000,9,66.372399,403.358893,-3.281220,3.772744
1,1,1,42.000000,10,318.919164,428.258655,4.952020,0.691016
1,1,1,42.000000,11,81.483570,45.549481,4.862204,-1.165749
1,1,1,42.000000,12,405.560783,425.945853,-2.660530,4.233389
1,1,1,42.000000,13,246.836536,461.105143,-0.035337,4.999875
1,1,1,42.000000,14,169.541229,287.212023,2.555777,4.297442
1,1,1,42.000000,15,270.564313,387.602498,4.527193,2.122387
1,1,1,42.000000,16,15.361528,191.014860,1.860613,-4.640918
1,1,1,42.000000,17,253.798494,490.096061,4.995388,-0.214706
1,1,1,42.000000,18,426.926685,354.830587,4.839687,-1.255958
1,1,1,42.000000,19,407.612208,10.355061,-4.999930,0.026551
1,1,1,42.000000,20,218.656353,215.124309,2.081488,-4.546142
1,1,1,42.000000,21,390.360215,87.172610,-4.976153,-0.487754
1,1,1,42.000000,22,360.791295,113.579004,4.950761,-0.699973
1,1,1,42.000000,23,390.475777,444.575352,-4.343977,-2.475855
1,1,1,42.000000,24,461.104440,77.891186,-2.078411,-4.547549
1,1,1,42.000000,25,5.103922,248.544059,-4.299373,2.552526
1,1,1,42.000000,26,385.134919,405.496617,-3.417246,-3.649990
1,1,1,42.000000,27,17.877142,276.623473,-1.172786,-4.860512
1,1,1,42.000000,28,429.206112,422.485057,-4.902053,-0.984822
1,1,1,42.000000,29,66.831342,272.768793,-3.822550,3.223059
1,1,1,42.000000,30,94.594719,440.192427,-2.153900,4.512285
1,1,1,42.000000,31,163.627820,70.593308,-4.998780,0.110452
1,1,1,42.000000,32,21.578681,83.175213,4.502199,2.174904
1,1,1,42.000000,33,389.645965,371.736477,4.140877,2.802345
1,1,1,42.000000,34,491.306505,180.449617,1.730988,-4.690808
1,1,1,42.000000,35,261.789822,366.062101,4.086575,-2.880956
1,1,1,42.000000,36,271.620051,225.262066,-4.910061,-0.944088
1,1,1,42.000000,37,151.881239,279.944224,-1.221419,-4.848519
1,1,1,42.000000,38,365.497172,132.092653,1.937406,4.609388
1,1,1,42.000000,39,310.928635,325.862190,4.955005,0.669274
1,1,1,42.000000,40,297.721503,256.961489,2.411004,4.380303
1,1,1,42.000000,41,312.055391,134.198773,4.999837,-0.040403
1,1,1,42.000000,42,281.485745,178.028108,4.908203,0.953699
1,1,1,42.000000,43,495.694179,366.964980,-4.704990,1.692061
1,1,1,42.000000,44,407.611218,158.137622,2.549502,-4.301167
1,1,1,42.000000,45,371.329293,170.437557,-4.979360,0.453840
1,1,1,42.000000,46,297.296264,223.117051,4.135831,-2.809787
1,1,1,42.000000,47,145.871459,463.630292,0.706283,-4.949865
1,1,1,42.000000,48,446.409346,389.851505,-4.661755,1.807773
1,1,1,42.000000,49,270.299981,353.648178,4.380913,2.409896
1,1,1,42.000000,50,491.038296,149.815390,-4.988854,0.333677
1,1,1,42.000000,51,428.173262,80.065797,4.241941,-2.646874
1,1,1,42.000000,52,188.386899,228.327638,4.981959,-0.424363
1,1,1,42.000000,53,448.370814,24.506167,-4.018642,-2.974982
1,1,1,42.000000,54,469.329714,374.940566,0.603969,4.963388
1,1,1,42.000000,55,112.558962,366.364992,-2.731165,4.188166
1,1,1,42.000000,56,409.131869,9.249347,4.728557,-1.625038
1,1,1,42.000000,57,264.414901,304.000419,3.998932,-3.001423
1,1,1,42.000000,58,203.041573,92.363157,-0.376336,4.985817
1,1,1,42.000000,59,5.047126,109.209131,-4.992622,-0.271522
1,1,1,42.000000,60,354.854793,191.810092,-1.923495,4.615210
1,1,1,42.000000,61,275.758725,386.928732,-4.961342,-0.620553
1,1,1,42.000000,62,331.463440,136.426980,-1.513131,-4.765547
1,1,1,42.000000,63,484.446275,36.479299,-4.653958,-1.827751
1,1,1,42.000000,64,100.709711,20.128890,1.998541,4.583212
1,1,1,42.000000,65,320.714008,469.781060,0.456249,4.979140
1,1,1,42.000000,66,360.484101,93.496407,-4.973657,0.512577
1,1,1,42.000000,67,266.441028,167.320571,4.655092,1.824860
1,1,1,42.000000,68,445.909585,311.993169,2.936972,4.046504
1,1,1,42.000000,69,65.322816,272.241775,-3.914730,3.110448
1,1,1,42.000000,70,384.703731,360.754906,-4.124637,-2.826194
1,1,1,42.000000,71,298.696424,38.547285,3.590294,-3.479912
1,1,1,42.000000,72,373.481720,300.519363,2.214200,-4.483003
1,1,1,42.000000,73,423.761607,188.443790,-2.891011,4.079467
1,1,1,42.000000,74,270.517213,180.596552,-0.227732,4.994811
1,1,1,42.000000,75,389.744103,4.934053,-4.496445,-2.186774
1,1,1,42.000000,76,474.644199,446.632056,-3.950133,3.065362
1,1,1,42.000000,77,88.042255,318.508020,-3.641310,-3.426494
1,1,1,42.000000,78,27.070287,34.494852,4.645662,-1.848736
1,1,1,42.000000,79,314.350055,413.867830,-4.980698,0.438917
1,1,1,42.000000,80,477.453544,249.370832,0.430063,4.981470
1,1,1,42.000000,81,474.911298,260.744161,-4.703954,1.694939
1,1,1,42.000000,82,318.476285,472.494023,3.587356,-3.482941
1,1,1,42.000000,83,197.546558,422.097724,-2.241404,4.469464
1,1,1,42.000000,84,367.052508,329.667731,3.345419,-3.715935
1,1,1,42.000000,85,140.934509,37.905370,-2.930741,-4.051019
1,1,1,42.000000,86,84.116922,393.141754,-1.980060,-4.591227
1,1,1,42.000000,87,494.217824,148.846202,3.694075,-3.369541
1,1,1,42.000000,88,150.310090,278.233356,-0.872313,4.923319
1,1,1,42.000000,89,346.843872,428.053722,-4.963816,-0.600440
1,1,1,42.000000,90,192.513137,64.856083,-4.534612,2.106489
1,1,1,42.000000,91,189.323462,178.574275,4.922799,0.875244
1,1,1,42.000000,92,229.356283,311.120846,-0.169808,-4.997116
1,1,1,42.000000,93,200.850251,207.463452,-3.663656,-3.402591
1,1,1,42.000000,94,64.822914,88.809520,-1.419234,-4.794348
1,1,1,42.000000,95,192.548451,124.236571,-4.518544,-2.140739
1,1,1,42.000000,96,133.096748,456.415586,3.425942,-3.641829
1,1,1,42.000000,97,4.496501,292.929562,4.528853,2.118842
1,1,1,42.000000,98,133.861825,313.774123,-3.105625,3.918558
1,1,1,42.000000,99,473.221836,158.915608,-4.494904,-2.189941
1,1,1,42.000000,100,158.095126,1.257181,2.599472,-4.271153
1,1,1,42.000000,101,418.630987,9.583800,4.129930,2.818454
1,1,1,42.000000,102,147.223022,212.967078,-0.064748,-4.999581
1,1,1,42.000000,103,381.926354,372.197579,4.474404,-2.231526
1,1,1,42.000000,104,198.874124,240.786533,4.447843,-2.284007
1,1,1,42.000000,105,64.796814,204.571584,3.113032,-3.912676
1,1,1,42.000000,106,304.266121,457.070494,4.124393,2.826549
1,1,1,42.000000,107,266.590968,495.527159,4.910764,-0.940423
1,1,1,42.000000,108,215.965484,14.927261,-4.738016,-1.597250
1,1,1,42.000000,109,472.665656,91.282718,0.914891,-4.915585
1,1,1,42.000000,110,182.920591,69.326422,-3.791834,3.259141
1,1,1,42.000000,111,159.671632,171.505301,3.231227,-3.815648
1,1,1,42.000000,112,243.372109,9.104341,-1.950363,4.603921
1,1,1,42.000000,113,139.451581,278.159099,-0.646893,4.957976
1,1,1,42.000000,114,428.439532,54.376818,3.889870,3.141483
1,1,1,42.000000,115,19.749901,466.825424,2.062794,4.554655
1,1,1,42.000000,116,50.848111,255.409298,3.255879,-3.794635
1,1,1,42.000000,117,101.405397,113.131590,-1.883586,4.631642
1,1,1,42.000000,118,23.603214,256.171825,-3.431564,-3.636532
1,1,1,42.000000,119,349.363595,248.723824,-4.221527,2.679312
1,1,1,42.000000,120,488.307667,417.324756,4.259751,2.618113
1,1,1,42.000000,121,483.163835,390.029117,3.440760,-3.627832
1,1,1,42.000000,122,278.995068,383.515157,-4.463705,2.252851
1,1,1,42.000000,123,365.829376,379.521216,-2.734169,4.186206
1,1,1,42.000000,124,457.332891,144.821936,-3.402819,-3.663444
1,1,1,42.000000,125,372.654401,164.914563,4.843692,-1.240423
1,1,1,42.000000,126,57.699137,243.992275,-4.890889,-1.038848
1,1,1,42.000000,127,333.784811,230.317048,2.581790,-4.281864
1,1,1,42.000000,128,430.574898,120.034150,-4.321548,-2.514800
1,1,1,42.000000,129,379.402747,380.193269,-4.904443,0.972850
1,1,1,42.000000,130,316.462901,403.665877,4.719123,1.652235
1,1,1,42.000000,131,33.665588,229.191399,1.941525,-4.607655
1,1,1,42.000000,132,352.799323,441.522255,-3.256495,3.794106
1,1,1,42.000000,133,25.317368,141.485653,-0.389692,4.984791
1,1,1,42.000000,134,390.599040,281.863160,-4.811389,1.360344
1,1,1,42.000000,135,439.160420,150.578596,-4.446913,-2.285818
1,1,1,42.000000,136,179.641871,448.230483,-1.630275,-4.726754
1,1,1,42.000000,137,397.325717,458.377585,-4.587827,1.987925
1,1,1,42.000000,138,12.792066,209.167377,-4.995980,-0.200452
1,1,1,42.000000,139,167.403408,78.216689,0.931996,-4.912371
1,1,1,42.000000,140,278.317138,358.999875,-2.860145,-4.101167
1,1,1,42.000000,141,459.989411,405.410432,4.394408,-2.385199
1,1,1,42.000000,142,408.040717,448.897247,3.214173,3.830025
1,1,1,42.000000,143,383.586738,374.728207,1.995411,4.584576
1,1,1,42.000000,144,451.990302,436.602847,1.111565,-4.874877
1,1,1,42.000000,145,36.570503,148.178215,-2.180242,-4.499616
1,1,1,42.000000,146,192.232385,295.485589,-1.942186,-4.607376
1,1,1,42.000000,147,167.073445,315.175549,-3.210389,3.833198
1,1,1,42.000000,148,304.234146,223.304823,4.369973,2.429678
1,1,1,42.000000,149,486.703491,444.260948,-4.985299,0.383138
1,1,1,43.000000,0,170.973539,127.968367,-2.125557,4.525705
1,1,1,43.000000,1,93.077585,37.157147,-4.728226,-1.626002
1,1,1,43.000000,2,216.212194,377.614323,4.990855,0.302267
1,1,1,43.000000,3,158.988506,367.888806,4.960614,-0.626342
1,1,1,43.000000,4,482.532122,496.973057,4.578783,2.008668
1,1,1,43.000000,5,332.884168,324.408674,1.139560,4.868409
1,1,1,43.000000,6,52.164978,218.114089,0.761065,4.941739
1,1,1,43.000000,7,29.902657,459.496266,-0.094398,-4.999109
1,1,1,43.000000,8,79.565595,333.078887,1.975496,-4.593193
1,1,1,43.000000,9,63.091179,407.131637,-0.982524,4.902514
1,1,1,43.000000,10,323.871183,428.949671,4.779022,-1.470018
1,1,1,43.000000,11,86.345774,44.383732,4.013043,-2.982530
1,1,1,43.000000,12,402.900253,430.179241,3.747349,-3.310193
1,1,1,43.000000,13,246.801199,466.105018,-3.074937,-3.942684
1,1,1,43.000000,14,172.097006,291.509465,-4.344269,2.475343
1,1,1,43.000000,15,275.091506,389.724885,4.557571,-2.056343
1,1,1,43.000000,16,11.205085,193.794064,-4.156444,2.779204
1,1,1,43.000000,17,258.751554,489.412540,4.953060,-0.683521
1,1,1,43.000000,18,431.766372,353.574629,4.979574,-0.451489
1,1,1,43.000000,19,404.031566,6.865219,-3.580643,-3.489842
1,1,1,43.000000,20,220.737841,210.578167,-3.758820,-3.297161
1,1,1,43.000000,21,385.384063,86.684856,0.469215,4.977935
1,1,1,43.000000,22,365.742056,112.879031,2.586781,4.278851
1,1,1,43.000000,23,386.131800,442.099497,-4.358144,-2.450833
1,1,1,43.000000,24,459.026029,73.343637,-2.373575,4.400698
1,1,1,43.000000,25,0.804549,251.096585,0.042716,-4.999818
1,1,1,43.000000,26,381.717673,401.846627,4.979764,-0.449392
1,1,1,43.000000,27,16.704355,271.762962,1.680805,-4.709023
1,1,1,43.000000,28,424.304059,421.500235,-4.943626,0.748708
1,1,1,43.000000,29,63.008792,275.991852,-3.465219,3.604478
1,1,1,43.000000,30,92.440818,444.704712,1.792811,4.667529
1,1,1,43.000000,31,158.629041,70.703760,3.544292,3.526754
1,1,1,43.000000,32,23.198499,87.905560,1.619818,4.730348
1,1,1,43.000000,33,393.786842,374.538821,-3.949740,3.065870
1,1,1,43.000000,34,493.037493,175.758809,4.706542,-1.687740
1,1,1,43.000000,35,265.876397,363.181145,4.997847,0.146716
1,1,1,43.000000,36,266.709990,224.317979,-0.213212,4.995452
1,1,1,43.000000,37,150.659820,275.095705,4.996123,-0.196868
1,1,1,43.000000,38,367.434579,136.702041,-4.775267,1.482170
1,1,1,43.000000,39,315.883640,326.531464,4.777985,-1.473385
1,1,1,43.000000,40,300.132507,261.341792,-1.391436,4.802490
1,1,1,43.000000,41,317.055227,134.158369,-2.149988,4.514150
1,1,1,43.000000,42,286.393948,178.981807,4.097806,-2.864958
1,1,1,43.000000,43,490.720949,366.448277,-4.973230,-0.516703
1,1,1,43.000000,44,410.160720,153.836455,4.952400,-0.688281
1,1,1,43.000000,45,366.349933,170.891397,3.435310,-3.632994
1,1,1,43.000000,46,301.432094,220.307263,0.771665,-4.940094
1,1,1,43.000000,47,146.577742,458.680427,-1.168385,4.861571
1,1,1,43.000000,48,441.747592,391.659278,1.137878,-4.868802
1,1,1,43.000000,49,274.680895,356.058074,2.887852,4.081704
1,1,1,43.000000,50,495.780459,148.230497,4.742163,-1.584893
1,1,1,43.000000,51,432.415203,77.418924,-1.018396,-4.895188
1,1,1,43.000000,52,193.368858,227.903275,-3.951534,3.063556
1,1,1,43.000000,53,444.352173,21.531184,4.941534,0.762391
1,1,1,43.000000,54,469.933683,379.903954,-2.290920,4.444287
1,1,1,43.000000,55,109.827797,370.553158,3.376335,3.687867
1,1,1,43.000000,56,413.860426,7.624309,-0.659874,4.956265
1,1,1,43.000000,57,268.413833,300.998996,3.539568,-3.531495
1,1,1,43.000000,58,202.665237,97.348974,1.961310,-4.599268
1,1,1,43.000000,59,0.054504,108.937609,-3.797486,3.252553
1,1,1,43.000000,60,352.931298,196.425302,4.242879,-2.645369
1,1,1,43.000000,61,270.797383,386.308179,-1.825386,-4.654886
1,1,1,43.000000,62,329.950309,131.661433,-4.118577,2.835017
1,1,1,43.000000,63,488.440205,39.487376,3.993930,3.008076
1,1,1,43.000000,64,101.528782,25.061346,0.819071,4.932456
1,1,1,43.000000,65,321.170257,474.760200,2.035104,4.567094
1,1,1,43.000000,66,355.510444,94.008984,4.170582,-2.757942
1,1,1,43.000000,67,271.096120,169.145432,3.185891,3.853582
1,1,1,43.000000,68,448.846557,316.039673,3.169068,3.867429
1,1,1,43.000000,69,61.408086,275.352223,3.653661,-3.413321
1,1,1,43.000000,70,380.579094,357.928712,-3.444112,3.624651
1,1,1,43.000000,71,302.286718,35.067373,0.137886,-4.998098
1,1,1,43.000000,72,375.695920,296.036360,-0.332751,-4.988915
1,1,1,43.000000,73,420.870595,192.523257,-4.420392,2.336693
1,1,1,43.000000,74,270.289481,185.591363,0.719834,4.947913
1,1,1,43.000000,75,385.247658,2.747279,0.184384,4.996599
1,1,1,43.000000,76,471.137053,443.068360,-3.507145,-3.563696
1,1,1,43.000000,77,84.400945,315.081526,1.514814,-4.765012
1,1,1,43.000000,78,26.247003,29.563097,-0.823283,-4.931755
1,1,1,43.000000,79,309.369357,414.306747,-1.068546,4.884487
1,1,1,43.000000,80,477.883607,254.352302,-4.614276,-1.925735
1,1,1,43.000000,81,470.207344,262.439101,-3.184175,-3.855001
1,1,1,43.000000,82,322.063640,469.011082,4.927781,-0.846742
1,1,1,43.000000,83,195.305154,426.567188,-3.603783,-3.465941
1,1,1,43.000000,84,370.397927,325.951796,3.252203,3.797785
1,1,1,43.000000,85,138.003768,33.854351,-3.524284,3.546748
1,1,1,43.000000,86,82.136863,388.550527,2.974478,-4.019015
1,1,1,43.000000,87,495.290851,153.729706,1.073027,4.883504
1,1,1,43.000000,88,149.437776,283.156675,1.964669,4.597834
1,1,1,43.000000,89,341.880056,427.453282,-4.865578,1.151588
1,1,1,43.000000,90,187.978525,66.962573,-2.213142,-4.483526
1,1,1,43.000000,91,194.246261,179.449519,1.934602,4.610565
1,1,1,43.000000,92,229.186475,306.123730,-4.977693,0.471774
1,1,1,43.000000,93,197.186596,204.060860,0.638480,-4.959067
1,1,1,43.000000,94,63.403681,84.015172,-2.421800,4.374344
1,1,1,43.000000,95,188.029908,122.095832,-3.921170,-3.102326
1,1,1,43.000000,96,136.522690,452.773757,0.141405,-4.998000
1,1,1,43.000000,97,2.559882,297.539281,-1.936619,4.609719
1,1,1,43.000000,98,130.756200,317.692680,0.349163,4.987794
1,1,1,43.000000,99,468.726932,156.725666,-4.515053,2.148092
1,1,1,43.000000,100,155.134260,5.286235,-2.960865,4.029054
1,1,1,43.000000,101,415.153991,5.990681,-3.476996,-3.593118
1,1,1,43.000000,102,147.158274,207.967498,-1.177001,-4.859493
1,1,1,43.000000,103,386.400758,369.966053,0.748803,4.943611
1,1,1,43.000000,104,203.321967,238.502526,-4.722385,-1.642887
1,1,1,43.000000,105,67.909846,200.658908,0.529453,-4.971889
1,1,1,43.000000,106,308.390514,459.897043,-1.190428,4.856221
1,1,1,43.000000,107,263.015719,492.031792,-3.575249,-3.495367
1,1,1,43.000000,108,211.227469,13.330011,1.533167,4.759138
1,1,1,43.000000,109,473.580547,86.367134,-4.994637,-0.231527
1,1,1,43.000000,110,179.128758,72.585562,-4.298587,-2.553850
1,1,1,43.000000,111,162.902859,167.689653,-2.331506,-4.423130
1,1,1,43.000000,112,238.574274,7.696939,-4.797835,-1.407402
1,1,1,43.000000,113,138.804688,283.117075,-1.442994,-4.787250
1,1,1,43.000000,114,432.329401,57.518301,0.965395,-4.905916
1,1,1,43.000000,115,14.933494,465.482957,-4.816407,-1.342467
1,1,1,43.000000,116,54.103989,251.614663,2.568588,4.289797
1,1,1,43.000000,117,99.521811,117.763232,-3.276979,3.776428
1,1,1,43.000000,118,20.171650,252.535292,-4.696559,1.715322
1,1,1,43.000000,119,345.142068,251.403136,-1.464077,-4.780845
1,1,1,43.000000,120,492.567418,419.942869,-3.346314,-3.715129
1,1,1,43.000000,121,488.163751,390.058139,4.999916,0.029022
1,1,1,43.000000,122,274.531363,385.768008,4.237269,2.654347
1,1,1,43.000000,123,363.095207,383.707422,-4.299913,-2.551616
1,1,1,43.000000,124,453.930072,141.158492,-1.146074,4.866879
1,1,1,43.000000,125,377.498093,163.674140,0.647968,-4.957836
1,1,1,43.000000,126,52.808248,242.953427,-0.900582,-4.918227
1,1,1,43.000000,127,336.366602,226.035184,-0.049420,4.999756
1,1,1,43.000000,128,426.253350,117.519349,4.912920,-0.929094
1,1,1,43.000000,129,374.498304,381.166119,3.792589,-3.258262
1,1,1,43.000000,130,321.182024,405.318111,-1.695736,-4.703667
1,1,1,43.000000,131,35.607112,224.583744,-0.816122,4.932945
1,1,1,43.000000,132,349.542829,445.316361,-3.581775,3.488680
1,1,1,43.000000,133,24.927676,146.470444,3.450914,-3.618176
1,1,1,43.000000,134,385.787651,283.223504,3.013802,3.989611
1,1,1,43.000000,135,434.713507,148.292778,-4.929924,0.834176
1,1,1,43.000000,136,178.011597,443.503729,-4.195601,-2.719730
1,1,1,43.000000,137,392.737890,460.365510,4.927345,-0.849279
1,1,1,43.000000,138,7.796085,208.966926,2.774971,-4.159271
1,1,1,43.000000,139,168.335404,73.304318,3.667094,3.398885
1,1,1,43.000000,140,275.456993,354.898708,4.976507,-0.484124
1,1,1,43.000000,141,464.383820,403.025233,-3.944943,3.072039
1,1,1,43.000000,142,411.254890,452.727272,4.642357,-1.857020
1,1,1,43.000000,143,385.582149,379.312783,-4.807404,-1.374362
1,1,1,43.000000,144,453.101867,431.727970,-2.233449,4.473445
1,1,1,43.000000,145,34.390261,143.678599,4.203478,-2.707540
1,1,1,43.000000,146,190.290199,290.878213,-1.936762,4.609659
1,1,1,43.000000,147,163.863057,319.008746,3.698451,-3.364737
1,1,1,43.000000,148,308.604119,225.734501,-4.994939,0.224903
1,1,1,43.000000,149,481.718192,444.644086,-2.229309,4.475509
1,1,1,44.000000,0,168.847983,132.494072,-4.038241,-2.948323
1,1,1,44.000000,1,88.349359,35.531145,-4.978412,-0.464123
1,1,1,44.000000,2,221.203049,377.916591,-1.709640,-4.698631
1,1,1,44.000000,3,163.949120,367.262464,-2.662765,4.231983
1,1,1,44.000000,4,487.110905,498.981725,3.940232,-3.078080
1,1,1,44.000000,5,334.023728,329.277083,3.199594,3.842212
1,1,1,44.000000,6,52.926043,223.055827,-0.419572,-4.982365
1,1,1,44.000000,7,32.351424,463.855571,2.448767,4.359305
1,1,1,44.000000,8,81.541091,328.485695,2.906131,-4.068710
1,1,1,44.000000,9,62.108655,412.034151,4.819585,-1.331016
1,1,1,44.000000,10,328.650205,427.479653,4.999979,-0.014399
1,1,1,44.000000,11,90.358817,41.401202,0.418222,4.982478
1,1,1,44.000000,12,406.647602,426.869049,1.533872,-4.758911
1,1,1,44.000000,13,243.726262,462.162333,-0.376958,4.985770
1,1,1,44.000000,14,167.752737,293.984808,-3.589003,-3.481244
1,1,1,44.000000,15,279.649076,387.668541,1.401985,-4.799421
1,1,1,44.000000,16,15.802481,191.828372,4.597396,-1.965692
1,1,1,44.000000,17,261.968055,493.240610,3.216501,3.828070
1,1,1,44.000000,18,436.745946,353.123140,-4.401305,2.372449
1,1,1,44.000000,19,407.618317,10.348782,3.586751,3.483564
1,1,1,44.000000,20,216.979021,207.281006,0.937672,4.911290
1,1,1,44.000000,21,385.853278,91.662791,3.353870,-3.708309
1,1,1,44.000000,22,368.328837,117.157882,-1.532073,4.759491
1,1,1,44.000000,23,381.773656,439.648664,-2.508043,-4.325473
1,1,1,44.000000,24,456.652454,77.744334,-4.974880,0.500569
1,1,1,44.000000,25,0.847265,246.096768,4.441911,2.295522
1,1,1,44.000000,26,386.697437,401.397235,3.139826,3.891207
1,1,1,44.000000,27,18.385160,267.053939,0.084677,-4.999283
1,1,1,44.000000,28,419.360433,422.248943,2.727432,4.190599
1,1,1,44.000000,29,59.543573,279.596330,3.903398,-3.124658
1,1,1,44.000000,30,94.233629,449.372241,4.029578,-2.960152
1,1,1,44.000000,31,162.173332,74.230514,-4.883826,1.071561
1,1,1,44.000000,32,28.189913,88.198453,4.991414,0.292893
1,1,1,44.000000,33,389.837103,377.604691,-3.221228,-3.824093
1,1,1,44.000000,34,497.744035,174.071069,-3.463258,3.606362
1,1,1,44.000000,35,270.874244,363.327861,1.662391,4.715555
1,1,1,44.000000,36,266.496779,229.313431,-3.117044,3.909480
1,1,1,44.000000,37,155.655943,274.898837,-4.972287,-0.525698
1,1,1,44.000000,38,362.659312,138.184211,2.104829,4.535383
1,1,1,44.000000,39,320.661625,325.058079,4.332534,-2.495827
1,1,1,44.000000,40,298.741071,266.144282,-0.122432,4.998501
1,1,1,44.000000,41,314.905239,138.672519,-4.768306,-1.504414
1,1,1,44.000000,42,290.491754,176.116848,-1.521696,-4.762819
1,1,1,44.000000,43,492.784486,371.002595,2.063537,4.554318
1,1,1,44.000000,44,415.113120,153.148175,-4.941223,0.764402
1,1,1,44.000000,45,369.785243,167.258403,-0.476603,4.977233
1,1,1,44.000000,46,302.203759,215.367169,4.877106,1.101743
1,1,1,44.000000,47,145.409357,463.541999,0.306208,4.990615
1,1,1,44.000000,48,442.885470,386.790476,4.346434,-2.471541
1,1,1,44.000000,49,277.568747,360.139778,-2.017288,4.574991
1,1,1,44.000000,50,490.785022,148.444058,-4.995437,0.213560
1,1,1,44.000000,51,431.396807,72.523735,3.565910,3.504895
1,1,1,44.000000,52,189.417324,230.966831,-2.215849,-4.482189
1,1,1,44.000000,53,449.293707,22.293576,-4.301627,-2.548726
1,1,1,44.000000,54,467.642763,384.348241,4.036213,2.951099
1,1,1,44.000000,55,113.204132,374.241024,3.249874,3.799779
1,1,1,44.000000,56,413.200553,12.580575,-4.400664,2.373637
1,1,1,44.000000,57,271.953401,297.467501,-4.982889,-0.413305
1,1,1,44.000000,58,204.626546,92.749706,-4.833902,1.278041
1,1,1,44.000000,59,3.742982,112.190162,3.797486,3.252553
1,1,1,44.000000,60,357.174177,193.779933,-4.538703,-2.097659
1,1,1,44.000000,61,268.971997,381.653293,4.984405,0.394592
1,1,1,44.000000,62,325.831732,134.496450,-0.352274,-4.987575
1,1,1,44.000000,63,484.148666,42.053050,-4.291540,2.565675
1,1,1,44.000000,64,104.562227,29.036043,3.033445,3.974697
1,1,1,44.000000,65,323.205361,479.327294,-4.419407,-2.338556
1,1,1,44.000000,66,359.681026,91.251042,-4.205865,-2.703831
1,1,1,44.000000,67,274.282012,172.999014,3.175749,3.861945
1,1,1,44.000000,68,452.015625,319.907102,-4.770238,-1.498277
1,1,1,44.000000,69,65.061746,271.938901,-1.090964,-4.879528
1,1,1,44.000000,70,377.134982,361.553363,2.342481,-4.417328
1,1,1,44.000000,71,302.424603,30.069274,-4.507312,2.164287
1,1,1,44.000000,72,375.363169,291.047445,0.376403,4.985812
1,1,1,44.000000,73,416.450203,194.859950,4.998926,0.103617
1,1,1,44.000000,74,271.009316,190.539275,4.997651,-0.153256
1,1,1,44.000000,75,385.432042,7.743878,1.967195,-4.596753
1,1,1,44.000000,76,471.994326,438.142400,0.857273,-4.925960
1,1,1,44.000000,77,85.915758,310.316514,-3.389922,3.675381
1,1,1,44.000000,78,30.930145,27.811474,4.683142,-1.751623
1,1,1,44.000000,79,308.300810,419.191233,0.767354,4.940766
1,1,1,44.000000,80,473.269331,252.426567,-4.449549,2.280684
1,1,1,44.000000,81,467.023169,258.584100,0.822417,-4.931899
1,1,1,44.000000,82,326.991422,468.164340,-4.115428,2.839586
1,1,1,44.000000,83,191.701371,423.101247,-1.278639,-4.833744
1,1,1,44.000000,84,373.650130,329.749581,1.005857,4.897780
1,1,1,44.000000,85,134.479484,37.401099,2.476481,-4.343621
1,1,1,44.000000,86,85.111341,384.531512,4.993545,-0.253986
1,1,1,44.000000,87,491.374288,150.621566,-3.916563,-3.108140
1,1,1,44.000000,88,151.402446,287.754508,1.584713,4.742224
1,1,1,44.000000,89,337.014478,428.604870,-1.875042,-4.635107
1,1,1,44.000000,90,185.765383,62.479047,-4.188410,-2.730792
1,1,1,44.000000,91,196.180863,184.060084,3.112569,-3.913044
1,1,1,44.000000,92,224.208781,306.595504,-2.708094,-4.203121
1,1,1,44.000000,93,197.825075,199.101793,-3.474266,3.595758
1,1,1,44.000000,94,60.981881,88.389516,-3.766292,-3.288623
1,1,1,44.000000,95,184.108737,118.993507,-0.348541,-4.987837
1,1,1,44.000000,96,136.664095,447.775757,4.572884,-2.022061
1,1,1,44.000000,97,0.733113,292.884938,-1.826769,-4.654344
1,1,1,44.000000,98,131.105364,322.680474,-4.992075,-0.281398
1,1,1,44.000000,99,464.211880,158.873758,3.614435,3.454832
1,1,1,44.000000,100,157.701815,0.995819,2.567554,-4.290416
1,1,1,44.000000,101,417.937344,1.837015,2.783353,-4.153667
1,1,1,44.000000,102,145.981273,203.108005,-3.959991,3.052618
1,1,1,44.000000,103,387.149561,374.909664,2.701105,-4.207616
1,1,1,44.000000,104,198.599582,236.859639,-1.229839,4.846390
1,1,1,44.000000,105,68.439299,195.687019,0.023067,4.999947
1,1,1,44.000000,106,307.200086,464.753264,3.949639,3.065999
1,1,1,44.000000,107,258.113684,491.046881,-4.902035,-0.984911
1,1,1,44.000000,108,212.760636,18.089149,-4.636045,1.872721
1,1,1,44.000000,109,468.585910,86.135606,1.424577,-4.792763
1,1,1,44.000000,110,174.830171,70.031712,-4.563343,2.043502
1,1,1,44.000000,111,160.571353,163.266523,-2.542071,4.305563
1,1,1,44.000000,112,234.711625,10.871833,-3.862648,3.174893
1,1,1,44.000000,113,137.361694,278.329824,-4.999996,0.005949
1,1,1,44.000000,114,433.294796,52.612385,3.338393,3.722248
1,1,1,44.000000,115,13.685727,460.641152,-1.247767,-4.841805
1,1,1,44.000000,116,56.672577,255.904460,4.896146,-1.013783
1,1,1,44.000000,117,96.244831,121.539660,2.050766,4.560083
1,1,1,44.000000,118,15.475091,254.250615,3.470134,3.599746
1,1,1,44.000000,119,343.677991,246.622291,4.793357,1.422578
1,1,1,44.000000,120,489.221104,416.227740,-0.395054,4.984369
1,1,1,44.000000,121,492.527397,392.499161,4.363646,2.441022
1,1,1,44.000000,122,278.768631,388.422355,4.994868,0.226486
1,1,1,44.000000,123,358.795294,381.155806,4.953948,0.677055
1,1,1,44.000000,124,452.783997,146.025371,-4.604345,-1.949360
1,1,1,44.000000,125,378.146061,158.716304,4.088021,2.878903
1,1,1,44.000000,126,51.907666,238.035201,-4.527467,2.121802
1,1,1,44.000000,127,336.317182,231.034940,-4.844602,1.236863
1,1,1,44.000000,128,431.166270,116.590256,0.308336,4.990484
1,1,1,44.000000,129,378.290892,377.907857,-2.748175,-4.177024
1,1,1,44.000000,130,319.486289,400.614445,3.737862,-3.320902
1,1,1,44.000000,131,34.790991,229.516689,-0.732675,-4.946027
1,1,1,44.000000,132,345.961054,448.805042,4.837974,1.262539
1,1,1,44.000000,133,28.378590,142.852269,4.045769,-2.937985
1,1,1,44.000000,134,388.801453,287.213115,3.442306,-3.626366
1,1,1,44.000000,135,429.783583,149.126954,-4.136541,-2.808742
1,1,1,44.000000,136,173.815995,440.783999,2.836785,-4.117360
1,1,1,44.000000,137,397.665235,459.516230,-4.869568,1.134595
1,1,1,44.000000,138,10.571057,204.807655,0.197735,4.996089
1,1,1,44.000000,139,172.002498,76.703203,0.889907,4.920169
1,1,1,44.000000,140,280.433501,354.414583,-4.993734,-0.250247
1,1,1,44.000000,141,460.438876,406.097272,0.379358,-4.985588
1,1,1,44.000000,142,415.897247,450.870253,-4.994307,0.238526
1,1,1,44.000000,143,380.774745,377.938421,-3.895629,3.134338
1,1,1,44.000000,144,450.868419,436.201415,-4.410809,2.354733
1,1,1,44.000000,145,38.593739,140.971059,-0.299878,-4.990999
1,1,1,44.000000,146,188.353437,295.487872,-4.304737,2.543471
1,1,1,44.000000,147,167.561508,315.644009,-2.995212,-4.003586
1,1,1,44.000000,148,303.609180,225.959404,-0.740708,-4.944831
1,1,1,44.000000,149,479.488883,449.119595,3.150581,-3.882504
1,1,1,45.000000,0,164.809741,129.545749,4.847836,1.224128
1,1,1,45.000000,1,83.370947,35.067022,-4.785927,-1.447376
1,1,1,45.000000,2,219.493409,373.217960,3.800737,-3.248753
1,1,1,45.000000,3,161.286356,371.494447,-4.953751,0.678495
1,1,1,45.000000,4,491.051137,495.903646,-4.405345,-2.364938
1,1,1,45.000000,5,337.223322,333.119296,-4.529751,-2.116921
1,1,1,45.000000,6,52.506471,218.073462,-2.536629,-4.308772
1,1,1,45.000000,7,32.525754,468.852531,0.174330,4.996960
1,1,1,45.000000,8,84.447221,324.416984,2.006244,4.579846
1,1,1,45.000000,9,66.928239,410.703135,1.555615,4.751848
1,1,1,45.000000,10,333.650184,427.465254,-0.069975,4.999510
1,1,1,45.000000,11,90.777039,46.383680,2.784533,4.152876
1,1,1,45.000000,12,408.181474,422.110137,-2.966916,-4.024601
1,1,1,45.000000,13,243.349304,467.148103,-4.763907,-1.518285
1,1,1,45.000000,14,164.163734,290.503564,2.370034,4.402606
1,1,1,45.000000,15,281.051061,382.869121,4.057159,-2.922235
1,1,1,45.000000,16,15.860320,186.828706,0.057839,-4.999665
1,1,1,45.000000,17,264.127945,497.750031,2.159890,4.509421
1,1,1,45.000000,18,432.344641,355.495589,-1.298918,4.828334
1,1,1,45.000000,19,410.503465,6.265167,2.885149,-4.083616
1,1,1,45.000000,20,217.916693,212.192296,2.270000,-4.455008
1,1,1,45.000000,21,389.207148,87.954482,-0.584045,-4.965772
1,1,1,45.000000,22,366.796765,121.917373,4.849320,1.218234
1,1,1,45.000000,23,379.265613,435.323190,2.118916,4.528818
1,1,1,45.000000,24,451.677574,78.244903,4.988395,-0.340457
1,1,1,45.000000,25,5.289176,248.392290,-4.368383,-2.432537
1,1,1,45.000000,26,389.837263,405.288442,-4.996856,-0.177291
1,1,1,45.000000,27,18.469837,262.054656,0.591991,-4.964831
1,1,1,45.000000,28,422.087865,426.439541,-4.526118,2.124678
1,1,1,45.000000,29,63.446971,276.471672,-2.010332,-4.578052
1,1,1,45.000000,30,98.263208,446.412089,-3.422503,3.645061
1,1,1,45.000000,31,157.289506,75.302075,-3.194450,-3.846491
1,1,1,45.000000,32,23.643104,90.278484,-4.546809,2.080031
1,1,1,45.000000,33,386.615875,373.780598,1.010688,-4.896786
1,1,1,45.000000,34,494.280777,177.677431,4.468357,-2.243611
1,1,1,45.000000,35,272.536635,368.043416,1.451289,-4.784743
1,1,1,45.000000,36,263.379735,233.222911,4.986821,-0.362790
1,1,1,45.000000,37,150.683655,274.373138,-4.946781,0.727568
1,1,1,45.000000,38,364.764141,142.719593,4.009494,-2.987300
1,1,1,45.000000,39,324.994158,322.562252,2.969697,4.022549
1,1,1,45.000000,40,298.618639,271.142783,-2.468101,4.348388
1,1,1,45.000000,41,310.136934,137.168105,1.184727,4.857615
1,1,1,45.000000,42,288.970058,171.354030,-4.950932,0.698765
1,1,1,45.000000,43,497.195553,373.356843,4.411068,2.354248
1,1,1,45.000000,44,410.171897,153.912577,-4.838310,1.261251
1,1,1,45.000000,45,369.308640,172.235636,-4.999960,0.020021
1,1,1,45.000000,46,307.080865,216.468912,4.500857,2.177680
1,1,1,45.000000,47,145.715565,468.532613,-4.978338,0.464922
1,1,1,45.000000,48,447.231904,384.318935,1.614823,4.732055
1,1,1,45.000000,49,275.551459,364.714769,-4.334478,-2.492448
1,1,1,45.000000,50,494.769306,145.423217,3.984285,-3.020840
1,1,1,45.000000,51,434.962717,76.028630,4.948158,0.718147
1,1,1,45.000000,52,187.201475,226.484642,0.397925,4.984140
1,1,1,45.000000,53,444.992079,19.744850,-4.523649,-2.129928
1,1,1,45.000000,54,471.678976,387.299340,-3.006211,-3.995334
1,1,1,45.000000,55,116.454006,378.040803,-4.273703,-2.595277
1,1,1,45.000000,56,408.799888,14.954212,4.743420,-1.581128
1,1,1,45.000000,57,266.970513,297.054195,-4.674569,-1.774375
1,1,1,45.000000,58,199.792644,94.027747,0.175666,4.996913
1,1,1,45.000000,59,1.136169,116.456838,-2.606813,4.266676
1,1,1,45.000000,60,352.635474,191.682274,3.105625,-3.918558
1,1,1,45.000000,61,273.956403,382.047885,-2.870199,4.094137
1,1,1,45.000000,62,325.479458,129.508876,1.938229,4.609042
1,1,1,45.000000,63,479.357756,43.483848,-4.790910,1.430798
1,1,1,45.000000,64,109.422983,27.864271,4.860756,-1.171772
1,1,1,45.000000,65,318.785954,476.988739,4.999812,0.043314
1,1,1,45.000000,66,355.475162,88.547211,-4.243163,2.644913
1,1,1,45.000000,67,277.457761,176.860959,2.995221,-4.003580
1,1,1,45.000000,68,447.245387,318.408825,-3.988445,3.015345
1,1,1,45.000000,69,63.970783,267.059373,4.935687,-0.799372
1,1,1,45.000000,70,379.477463,357.136036,3.664354,-3.401839
1,1,1,45.000000,71,297.917291,32.233562,-2.727044,4.190851
1,1,1,45.000000,72,375.739572,296.033256,-4.993643,-0.252051
1,1,1,45.000000,73,421.449130,194.963567,2.794897,-4.145908
1,1,1,45.000000,74,276.006966,190.386019,0.624427,4.960856
1,1,1,45.000000,75,387.399238,3.147125,0.414162,4.982817
1,1,1,45.000000,76,476.567972,436.122063,4.573646,-2.020337
1,1,1,45.000000,77,82.525836,313.991895,1.228902,4.846628
1,1,1,45.000000,78,33.774755,23.699517,2.844610,-4.111958
1,1,1,45.000000,79,309.068164,424.131999,-0.946854,4.909528
1,1,1,45.000000,80,468.819782,254.707250,3.999948,3.000069
1,1,1,45.000000,81,467.845586,253.652201,-4.467423,2.245468
1,1,1,45.000000,82,322.875993,471.003926,-4.677695,1.766116
1,1,1,45.000000,83,190.422732,418.267503,-4.823515,1.316701
1,1,1,45.000000,84,374.655988,334.647362,2.176109,4.501616
1,1,1,45.000000,85,136.955965,33.057478,4.929263,-0.838070
1,1,1,45.000000,86,90.104886,384.277526,-4.242856,2.645405
1,1,1,45.000000,87,494.454531,154.560106,3.080243,3.938541
1,1,1,45.000000,88,152.987159,292.496732,4.454972,-2.270071
1,1,1,45.000000,89,335.139436,423.969763,-4.782625,1.458253
1,1,1,45.000000,90,181.576973,59.748255,3.219188,3.825810
1,1,1,45.000000,91,199.293432,180.147040,-1.176881,-4.859522
1,1,1,45.000000,92,221.500687,302.392383,3.679025,3.385968
1,1,1,45.000000,93,194.350809,202.697551,-4.468935,2.242458
1,1,1,45.000000,94,57.215588,85.100893,2.907723,-4.067572
1,1,1,45.000000,95,183.760196,114.005669,1.952494,-4.603017
1,1,1,45.000000,96,141.236979,445.753696,-4.504938,-2.169224
1,1,1,45.000000,97,0.713481,297.671102,1.446594,4.786164
1,1,1,45.000000,98,126.113289,322.399076,-4.963817,0.600436
1,1,1,45.000000,99,467.826314,162.328590,2.445503,4.361137
1,1,1,45.000000,100,157.872029,5.992921,0.170215,4.997102
1,1,1,45.000000,101,413.364369,3.858869,-4.572976,2.021854
1,1,1,45.000000,102,142.021282,206.160622,2.077897,4.547785
1,1,1,45.000000,103,389.850665,370.702048,0.973200,-4.904374
1,1,1,45.000000,104,197.369743,241.706029,3.295908,-3.759919
1,1,1,45.000000,105,68.462366,200.686966,3.317670,-3.740731
1,1,1,45.000000,106,311.149725,467.819263,-2.627994,4.253663
1,1,1,45.000000,107,261.437801,494.781884,3.324117,3.735003
1,1,1,45.000000,108,208.124590,19.961870,4.374550,2.421428
1,1,1,45.000000,109,470.010487,81.342843,4.763619,-1.519187
1,1,1,45.000000,110,170.266828,72.075214,0.792105,-4.936858
1,1,1,45.000000,111,158.029282,167.572086,3.889839,3.141520
1,1,1,45.000000,112,229.715092,11.057997,-4.996533,0.186164
1,1,1,45.000000,113,132.361697,278.335774,-4.388066,-2.396847
1,1,1,45.000000,114,436.633190,56.334633,-1.844810,4.647222
1,1,1,45.000000,115,8.731487,461.316065,-4.954240,0.674913
1,1,1,45.000000,116,61.568723,254.890677,4.949356,-0.709841
1,1,1,45.000000,117,98.295597,126.099743,-2.604858,-4.267870
1,1,1,45.000000,118,18.945224,257.850361,-4.447895,2.283907
1,1,1,45.000000,119,348.471348,248.044869,4.950982,0.698408
1,1,1,45.000000,120,488.826050,421.212109,-3.336628,3.723830
1,1,1,45.000000,121,494.977533,388.140625,2.450136,-4.358536
1,1,1,45.000000,122,283.763499,388.648840,2.336570,-4.420457
1,1,1,45.000000,123,363.749241,381.832861,4.241133,-2.648168
1,1,1,45.000000,124,448.179652,144.076011,4.676558,-1.769125
1,1,1,45.000000,125,382.234082,161.595207,-4.977884,-0.469760
1,1,1,45.000000,126,47.380199,240.157003,-1.605263,4.735307
1,1,1,45.000000,127,331.472579,232.271802,2.170497,-4.504325
1,1,1,45.000000,128,431.474606,121.580740,2.812661,4.133877
1,1,1,45.000000,129,375.542717,373.730833,-4.473863,-2.232610
1,1,1,45.000000,130,323.224151,397.293543,-3.250104,-3.799582
1,1,1,45.000000,131,34.058315,224.570662,0.982265,-4.902566
1,1,1,45.000000,132,350.799028,450.067581,4.945594,-0.735597
1,1,1,45.000000,133,32.424359,139.914284,1.193104,4.855564
1,1,1,45.000000,134,392.243759,283.586749,0.930135,-4.912723
1,1,1,45.000000,135,425.647042,146.318212,4.998470,-0.123669
1,1,1,45.000000,136,176.652780,436.666640,-1.080065,4.881952
1,1,1,45.000000,137,392.795667,460.650825,3.251433,-3.798445
1,1,1,45.000000,138,10.768791,209.803743,-0.429051,-4.981558
1,1,1,45.000000,139,172.892405,81.623373,-4.959188,0.637535
1,1,1,45.000000,140,275.439767,354.164336,1.246603,-4.842105
1,1,1,45.000000,141,460.818234,401.111684,-0.336927,-4.988635
1,1,1,45.000000,142,410.902939,451.108778,4.289851,2.568497
1,1,1,45.000000,143,376.879116,381.072760,-4.640908,1.860638
1,1,1,45.000000,144,446.457610,438.556148,4.658512,1.816112
1,1,1,45.000000,145,38.293861,135.980059,-4.981185,-0.433359
1,1,1,45.000000,146,184.048700,298.031342,-2.610991,-4.264121
1,1,1,45.000000,147,164.566296,311.640423,-1.496091,-4.770924
1,1,1,45.000000,148,302.868472,221.014573,4.610968,-1.933642
1,1,1,45.000000,149,482.639464,445.237091,-1.025756,-4.893652
1,1,1,46.000000,0,169.657577,130.769878,4.999895,-0.032342
1,1,1,46.000000,1,78.585019,33.619646,1.814526,4.659130
1,1,1,46.000000,2,223.294146,369.969207,1.783655,4.671036
1,1,1,46.000000,3,156.332605,372.172942,-2.405960,4.383076
1,1,1,46.000000,4,486.645791,493.538708,-3.917529,-3.106922
1,1,1,46.000000,5,332.693571,331.002374,-2.801543,4.141420
1,1,1,46.000000,6,49.969842,213.764691,4.824267,-1.313942
1,1,1,46.000000,7,36.873532,466.383356,4.347778,-2.469175
1,1,1,46.000000,8,86.453465,328.996830,2.100212,4.537523
1,1,1,46.000000,9,68.483854,415.454983,1.620063,4.730264
1,1,1,46.000000,10,333.580209,432.464764,1.931644,-4.611806
1,1,1,46.000000,11,93.561571,50.536556,-1.409265,4.797288
1,1,1,46.000000,12,405.214558,418.085536,1.839520,4.649319
1,1,1,46.000000,13,238.585396,465.629819,1.733169,4.690003
1,1,1,46.000000,14,166.533769,294.906170,-2.402070,-4.385209
1,1,1,46.000000,15,285.108220,379.946886,3.168557,3.867847
1,1,1,46.000000,16,11.286527,188.848711,-4.573793,2.020005
1,1,1,46.000000,17,261.422392,493.545274,-2.705553,-4.204757
1,1,1,46.000000,18,431.045722,360.323924,-1.200650,4.853704
1,1,1,46.000000,19,405.549306,6.940671,-4.954159,0.675504
1,1,1,46.000000,20,220.186694,207.737288,-3.989714,-3.013666
1,1,1,46.000000,21,388.623104,82.988710,-3.597310,3.472659
1,1,1,46.000000,22,371.646085,123.135607,3.030968,3.976585
1,1,1,46.000000,23,381.384529,439.852009,3.825847,-3.219145
1,1,1,46.000000,24,456.665969,77.904446,3.295007,3.760709
1,1,1,46.000000,25,0.920794,245.959753,1.605238,-4.735315
1,1,1,46.000000,26,384.840407,405.111150,2.741259,4.181567
1,1,1,46.000000,27,19.061828,257.089825,-0.993196,4.900363
1,1,1,46.000000,28,417.561747,428.564220,0.326476,-4.989330
1,1,1,46.000000,29,61.436639,271.893620,-4.686189,-1.743454
1,1,1,46.000000,30,94.840704,450.057150,-0.790720,4.937080
1,1,1,46.000000,31,154.095057,71.455585,4.353968,2.458244
1,1,1,46.000000,32,19.483139,93.052414,-4.159966,2.773930
1,1,1,46.000000,33,387.626562,368.883812,-4.928197,0.844319
1,1,1,46.000000,34,498.749134,175.433820,3.645031,3.422535
1,1,1,46.000000,35,273.987924,363.258673,-1.906546,4.622238
1,1,1,46.000000,36,268.366555,232.860121,2.361384,4.407251
1,1,1,46.000000,37,145.736874,275.100707,-0.930377,-4.912677
1,1,1,46.000000,38,368.773634,139.732294,-3.541592,-3.529465
1,1,1,46.000000,39,327.963855,326.584801,-2.903459,-4.070618
1,1,1,46.000000,40,296.150538,275.491171,-0.230469,-4.994686
1,1,1,46.000000,41,311.321661,142.025720,1.111539,-4.874883
1,1,1,46.000000,42,284.019126,172.052795,4.818102,1.336374
1,1,1,46.000000,43,499.297560,376.920795,-3.506886,3.563951
1,1,1,46.000000,44,405.333587,155.173827,3.011896,3.991050
1,1,1,46.000000,45,364.308680,172.255657,-4.456167,-2.267725
1,1,1,46.000000,46,311.581722,218.646592,0.275124,-4.992425
1,1,1,46.000000,47,140.737227,468.997535,-0.282846,-4.991993
1,1,1,46.000000,48,448.846726,389.050990,-4.999725,-0.052474
1,1,1,46.000000,49,271.216980,362.222321,2.641034,-4.245579
1,1,1,46.000000,50,491.158565,148.881909,-3.610741,3.458692
1,1,1,46.000000,51,439.910875,76.746776,0.668648,4.955089
1,1,1,46.000000,52,187.599400,231.468783,-0.482510,-4.976664
1,1,1,46.000000,53,440.468430,17.614922,-2.674859,4.224350
1,1,1,46.000000,54,468.672766,383.304005,2.552986,-4.299100
1,1,1,46.000000,55,112.180303,375.445526,1.581610,-4.743259
1,1,1,46.000000,56,413.543309,13.373085,-4.033884,-2.954281
1,1,1,46.000000,57,262.295944,295.279821,2.175745,4.501792
1,1,1,46.000000,58,199.968310,99.024660,1.070504,4.884058
1,1,1,46.000000,59,3.226397,111.914708,2.090228,-4.542130
1,1,1,46.000000,60,355.741099,187.763716,3.151222,-3.881984
1,1,1,46.000000,61,271.086204,386.142022,-3.488274,-3.582171
1,1,1,46.000000,62,327.417687,134.117918,0.533267,-4.971481
1,1,1,46.000000,63,483.745136,45.881950,4.387380,2.398102
1,1,1,46.000000,64,113.782940,25.416665,4.359957,-2.447605
1,1,1,46.000000,65,323.785766,477.032052,4.920265,0.889375
1,1,1,46.000000,66,351.231998,91.192124,2.623940,4.256165
1,1,1,46.000000,67,280.452982,172.857379,2.980895,4.014257
1,1,1,46.000000,68,443.256942,321.424170,-1.663085,-4.715310
1,1,1,46.000000,69,68.906470,266.260000,-4.611681,-1.931941
1,1,1,46.000000,70,383.141817,353.734196,0.449044,4.979795
1,1,1,46.000000,71,295.190247,36.424412,4.916739,0.908667
1,1,1,46.000000,72,370.745929,295.781206,-4.707642,1.684668
1,1,1,46.000000,73,424.244027,190.817659,-4.414118,2.348524
1,1,1,46.000000,74,276.631393,195.346875,-3.533473,-3.537594
1,1,1,46.000000,75,387.813399,8.129942,-0.301221,4.990918
1,1,1,46.000000,76,472.375132,438.846048,-4.192840,2.723984
1,1,1,46.000000,77,83.754738,318.838523,-0.859763,-4.925526
1,1,1,46.000000,78,28.805414,23.146662,-4.969341,-0.552855
1,1,1,46.000000,79,308.121310,429.041527,4.994593,0.232468
1,1,1,46.000000,80,472.819730,257.707319,-4.998436,0.125040
1,1,1,46.000000,81,463.378163,255.897669,-4.993539,0.254104
1,1,1,46.000000,82,318.198298,472.770042,-2.261854,-4.459150
1,1,1,46.000000,83,185.599217,419.584204,-4.861954,-1.166793
1,1,1,46.000000,84,376.832096,339.148978,4.658666,-1.815718
1,1,1,46.000000,85,141.885228,32.219408,-3.847243,-3.193544
1,1,1,46.000000,86,85.862029,386.922932,-4.456989,2.266109
1,1,1,46.000000,87,498.970833,152.414642,4.516302,-2.145464
1,1,1,46.000000,88,157.442131,290.226661,-0.288685,4.991659
1,1,1,46.000000,89,330.356811,425.428016,-4.995060,-0.222216
1,1,1,46.000000,90,184.796162,63.574066,0.112421,4.998736
1,1,1,46.000000,91,198.116551,175.287518,-1.102009,-4.877046
1,1,1,46.000000,92,225.179712,305.778351,4.999979,-0.014338
1,1,1,46.000000,93,189.881874,204.940009,4.905531,0.967348
1,1,1,46.000000,94,60.123312,81.033320,-4.113767,2.841992
1,1,1,46.000000,95,185.712690,109.402652,-2.725190,4.192057
1,1,1,46.000000,96,136.732041,443.584472,4.988277,-0.342189
1,1,1,46.000000,97,3.882522,293.803651,3.169041,-3.867451
1,1,1,46.000000,98,121.149472,322.999513,-4.875439,-1.109095
1,1,1,46.000000,99,470.271817,166.689727,-1.360813,4.811256
1,1,1,46.000000,100,159.425984,1.240530,1.553955,-4.752391
1,1,1,46.000000,101,411.076257,8.304602,-2.288112,4.445733
1,1,1,46.000000,102,144.099179,210.708407,-3.855594,-3.183456
1,1,1,46.000000,103,390.823866,365.797674,4.131109,2.816725
1,1,1,46.000000,104,200.665651,237.946110,-4.608353,1.939867
1,1,1,46.000000,105,71.780036,196.946235,2.708064,4.203140
1,1,1,46.000000,106,308.521731,472.072926,-4.999997,0.005214
1,1,1,46.000000,107,265.937513,492.601842,4.499713,-2.180042
1,1,1,46.000000,108,212.499140,22.383298,0.650773,-4.957469
1,1,1,46.000000,109,474.774107,79.823656,0.998541,-4.899277
1,1,1,46.000000,110,171.058932,67.138355,-4.659846,-1.812687
1,1,1,46.000000,111,161.919121,170.713607,4.663184,1.804082
1,1,1,46.000000,112,233.801056,13.939819,4.085963,2.881823
1,1,1,46.000000,113,127.973631,275.938927,2.176768,-4.501298
1,1,1,46.000000,114,434.788380,60.981855,4.486427,-2.207255
1,1,1,46.000000,115,12.892083,458.543081,4.160596,-2.772983
1,1,1,46.000000,116,66.518079,254.180835,-4.869597,1.134472
1,1,1,46.000000,117,95.690739,121.831873,4.554948,2.062147
1,1,1,46.000000,118,14.497329,260.134268,-1.231567,4.845951
1,1,1,46.000000,119,353.422330,248.743277,4.298056,-2.554743
1,1,1,46.000000,120,485.489422,424.935939,4.621331,-1.908743
1,1,1,46.000000,121,492.452295,383.825168,-2.525238,-4.315457
1,1,1,46.000000,122,286.100070,384.228384,-1.881879,-4.632335
1,1,1,46.000000,123,367.990374,379.184694,-4.694325,1.721428
1,1,1,46.000000,124,452.856210,142.306886,-3.734202,-3.325016
1,1,1,46.000000,125,377.256198,161.125448,-3.639655,-3.428252
1,1,1,46.000000,126,45.774936,244.892309,4.999996,0.006023
1,1,1,46.000000,127,333.643076,227.767478,1.673468,-4.711635
1,1,1,46.000000,128,434.287267,125.714617,-4.418760,2.339777
1,1,1,46.000000,129,371.068854,371.498223,4.720954,-1.646996
1,1,1,46.000000,130,319.974046,393.493961,1.968726,-4.596098
1,1,1,46.000000,131,35.040581,219.668096,4.981615,-0.428387
1,1,1,46.000000,132,355.744622,449.331983,-0.713166,4.948878
1,1,1,46.000000,133,33.617462,144.769848,-4.723090,-1.640860
1,1,1,46.000000,134,393.173895,278.674026,4.261389,-2.615448
1,1,1,46.000000,135,430.645513,146.194543,-1.848992,-4.645560
1,1,1,46.000000,136,175.572715,441.548592,-4.999967,-0.018229
1,1,1,46.000000,137,396.047100,456.852381,-2.103032,4.536216
1,1,1,46.000000,138,10.339740,204.822186,-2.064702,-4.553790
1,1,1,46.000000,139,167.933217,82.260908,-3.899027,3.130110
1,1,1,46.000000,140,276.686370,349.322231,4.995563,0.210584
1,1,1,46.000000,141,460.481307,396.123049,0.481023,-4.976808
1,1,1,46.000000,142,415.192790,453.677275,-4.862495,1.164533
1,1,1,46.000000,143,372.238208,382.933397,4.575842,2.015359
1,1,1,46.000000,144,451.116122,440.372260,4.468758,2.242812
1,1,1,46.000000,145,33.312676,135.546701,4.859100,1.178619
1,1,1,46.000000,146,181.437709,293.767222,-4.279891,2.585060
1,1,1,46.000000,147,163.070205,306.869499,-4.883584,-1.072663
1,1,1,46.000000,148,307.479440,219.080931,-2.259520,-4.460333
1,1,1,46.000000,149,481.613708,440.343439,-4.519795,2.138095
1,1,1,47.000000,0,174.657472,130.737535,-2.179719,-4.499869
1,1,1,47.000000,1,80.399545,38.278776,-4.980219,0.444313
1,1,1,47.000000,2,225.077802,374.640242,-2.941096,-4.043508
1,1,1,47.000000,3,153.926645,376.556018,4.911647,0.935801
1,1,1,47.000000,4,482.728262,490.431786,-0.902457,-4.917883
1,1,1,47.000000,5,329.892028,335.143794,2.513577,-4.322260
1,1,1,47.000000,6,54.794109,212.450748,-1.201469,-4.853501
1,1,1,47.000000,7,37.382357,471.357398,0.508826,4.974042
1,1,1,47.000000,8,88.553677,333.534352,4.703752,1.695500
1,1,1,47.000000,9,70.103918,420.185247,1.719284,-4.695110
1,1,1,47.000000,10,335.511853,427.852959,4.370473,2.428779
1,1,1,47.000000,11,92.152306,55.333844,-2.857184,-4.103230
1,1,1,47.000000,12,407.054078,422.734855,3.360108,-3.702658
1,1,1,47.000000,13,240.318565,470.319822,-4.878813,-1.094159
1,1,1,47.000000,14,164.131699,290.520960,4.927962,0.845692
1,1,1,47.000000,15,288.276778,383.814733,4.373076,2.424088
1,1,1,47.000000,16,8.352926,184.799762,-2.933601,-4.048948
1,1,1,47.000000,17,266.384701,494.158049,4.962309,0.612775
1,1,1,47.000000,18,429.845072,365.177627,1.606352,4.734938
1,1,1,47.000000,19,409.788805,9.591454,4.239499,2.650783
1,1,1,47.000000,20,216.196980,204.723622,-1.545132,-4.755267
1,1,1,47.000000,21,385.025794,86.461369,-3.746749,-3.310872
1,1,1,47.000000,22,374.677053,127.112193,4.988627,-0.337053
1,1,1,47.000000,23,385.210377,436.632864,-2.141768,4.518056
1,1,1,47.000000,24,459.960976,81.665155,1.644044,-4.721983
1,1,1,47.000000,25,2.526031,241.224438,-4.468375,-2.243574
1,1,1,47.000000,26,387.581666,409.292717,2.218961,4.480648
1,1,1,47.000000,27,18.068632,261.990189,-4.994721,-0.229698
1,1,1,47.000000,28,417.888223,423.574890,-4.968635,-0.559165
1,1,1,47.000000,29,56.750449,270.150166,3.502734,-3.568033
1,1,1,47.000000,30,94.049985,454.994230,4.425854,2.326331
1,1,1,47.000000,31,158.449025,73.913829,-4.601885,-1.955162
1,1,1,47.000000,32,18.863517,98.013872,-0.619621,4.961458
1,1,1,47.000000,33,382.698365,369.728131,1.321801,4.822120
1,1,1,47.000000,34,497.605835,178.856355,-3.645031,3.422535
1,1,1,47.000000,35,272.081378,367.880911,4.340931,2.481193
1,1,1,47.000000,36,270.727940,237.267372,4.766417,-1.510388
1,1,1,47.000000,37,144.806498,270.188029,4.725008,1.635330
1,1,1,47.000000,38,365.232042,136.202828,-0.936794,4.911458
1,1,1,47.000000,39,325.060397,322.514184,-4.701929,1.700548
1,1,1,47.000000,40,295.920070,270.496485,-1.987248,4.588120
1,1,1,47.000000,41,312.433200,137.150838,-4.863345,1.160981
1,1,1,47.000000,42,288.837228,173.389169,-4.614439,-1.925344
1,1,1,47.000000,43,494.385865,375.985248,-4.911695,-0.935547
1,1,1,47.000000,44,408.345483,159.164877,4.409702,2.356805
1,1,1,47.000000,45,359.852513,169.987932,-3.086218,3.933861
1,1,1,47.000000,46,311.856846,213.654167,-3.630856,-3.437570
1,1,1,47.000000,47,140.454381,464.005542,-4.857316,-1.185953
1,1,1,47.000000,48,443.847002,388.998517,1.792434,-4.667674
1,1,1,47.000000,49,273.858014,357.976742,-3.875515,-3.159175
1,1,1,47.000000,50,494.849398,145.508816,3.690832,-3.373093
1,1,1,47.000000,51,440.579523,81.701866,-4.873174,1.119007
1,1,1,47.000000,52,187.116890,226.492119,-2.212416,4.483884
1,1,1,47.000000,53,437.793571,21.839271,-3.883417,3.149456
1,1,1,47.000000,54,471.225752,379.004905,-1.819543,4.657173
1,1,1,47.000000,55,113.761914,370.702267,4.591546,-1.979320
1,1,1,47.000000,56,409.509424,10.418803,-0.514769,4.973431
1,1,1,47.000000,57,264.471688,299.781613,-4.944757,-0.741200
1,1,1,47.000000,58,201.038815,103.908718,4.967811,-0.566437
1,1,1,47.000000,59,0.392278,116.033903,-2.834119,4.119195
1,1,1,47.000000,60,358.892321,183.881732,-0.528031,4.972040
1,1,1,47.000000,61,267.597930,382.559852,4.801976,-1.393206
1,1,1,47.000000,62,327.950954,129.146436,3.579131,3.491392
1,1,1,47.000000,63,479.994689,49.188633,-3.750447,3.306683
1,1,1,47.000000,64,109.879569,28.541357,-3.903371,3.124692
1,1,1,47.000000,65,328.706032,477.921428,4.996816,-0.178409
1,1,1,47.000000,66,353.855938,95.448289,2.571394,4.288116
1,1,1,47.000000,67,283.433877,176.871636,-4.594172,-1.973217
1,1,1,47.000000,68,441.593857,316.708860,-1.476845,-4.776916
1,1,1,47.000000,69,64.294788,264.328059,3.004356,-3.996729
1,1,1,47.000000,70,383.590861,358.713991,4.548094,-2.077219
1,1,1,47.000000,71,300.106986,37.333079,-4.999547,0.067313
1,1,1,47.000000,72,366.038287,297.465874,-3.807030,-3.241377
1,1,1,47.000000,73,419.829909,193.166183,4.767444,1.507141
1,1,1,47.000000,74,273.097920,191.809281,2.659574,-4.233989
1,1,1,47.000000,75,387.512178,13.120861,-2.473092,-4.345551
1,1,1,47.000000,76,476.342514,441.889053,3.967382,3.043005
1,1,1,47.000000,77,82.894976,313.912997,-0.114240,4.998695
1,1,1,47.000000,78,27.732329,28.030153,-1.073085,4.883492
1,1,1,47.000000,79,313.115903,429.273996,1.850436,-4.644985
1,1,1,47.000000,80,467.821294,257.832360,-4.445098,2.289346
1,1,1,47.000000,81,458.384624,256.151773,-2.847086,4.110244
1,1,1,47.000000,82,315.936444,468.310892,-0.559998,4.968541
1,1,1,47.000000,83,180.737263,418.417412,4.959891,-0.632044
1,1,1,47.000000,84,381.490762,337.333260,-4.362360,-2.443321
1,1,1,47.000000,85,138.037986,29.025864,1.564186,4.749034
1,1,1,47.000000,86,81.405041,389.189041,-4.074830,2.897544
1,1,1,47.000000,87,494.050121,153.301540,-4.920712,0.886898
1,1,1,47.000000,88,157.153446,295.218321,4.890400,-1.041149
1,1,1,47.000000,89,325.361752,425.205800,1.917083,-4.617877
1,1,1,47.000000,90,184.908583,68.572802,3.995531,3.005949
1,1,1,47.000000,91,197.014542,170.410472,4.627349,-1.894108
1,1,1,47.000000,92,230.179691,305.764014,-2.921348,-4.057798
1,1,1,47.000000,93,194.787405,205.907358,-4.488815,-2.202395
1,1,1,47.000000,94,56.009545,83.875313,-4.048304,2.934490
1,1,1,47.000000,95,182.987500,113.594709,-3.385171,3.679758
1,1,1,47.000000,96,141.720318,443.242283,4.941699,0.761324
1,1,1,47.000000,97,0.477825,290.141952,-3.404697,-3.661699
1,1,1,47.000000,98,116.274033,321.890417,-2.788237,4.150390
1,1,1,47.000000,99,468.911004,171.500983,1.287111,-4.831495
1,1,1,47.000000,100,154.432798,1.501465,-4.993187,0.260935
1,1,1,47.000000,101,411.399481,13.294144,0.323224,4.989542
1,1,1,47.000000,102,140.243584,207.524951,2.212333,-4.483925
1,1,1,47.000000,103,394.954975,368.614399,4.728670,1.624711
1,1,1,47.000000,104,196.057298,239.885977,-4.803630,1.387493
1,1,1,47.000000,105,74.488100,201.149376,-3.470954,3.598956
1,1,1,47.000000,106,303.521734,472.078140,-2.391220,4.391135
1,1,1,47.000000,107,270.808594,493.729925,4.871081,1.128083
1,1,1,47.000000,108,213.149913,17.425829,4.183852,-2.737770
1,1,1,47.000000,109,475.772647,74.924378,4.999035,-0.098211
1,1,1,47.000000,110,166.399086,65.325668,-1.029048,4.892960
1,1,1,47.000000,111,166.582305,172.517689,4.115908,2.838890
1,1,1,47.000000,112,229.744742,16.863228,-4.056314,2.923408
1,1,1,47.000000,113,130.150398,271.437629,4.556435,2.058858
1,1,1,47.000000,114,439.274806,58.774600,-0.195698,4.996169
1,1,1,47.000000,115,7.959485,459.361297,-4.932598,0.818216
1,1,1,47.000000,116,61.648482,255.315307,4.419127,-2.339084
1,1,1,47.000000,117,100.245687,123.894020,-4.459169,-2.261816
1,1,1,47.000000,118,13.265762,264.980219,-4.520432,2.136748
1,1,1,47.000000,119,357.720386,246.188534,2.985116,4.011120
1,1,1,47.000000,120,490.110753,423.027197,3.572770,-3.497901
1,1,1,47.000000,121,492.403402,378.825407,-0.048893,-4.999761
1,1,1,47.000000,122,284.218191,379.596048,4.259050,-2.619255
1,1,1,47.000000,123,363.296049,380.906122,-3.213683,3.830436
1,1,1,47.000000,124,449.122008,138.981870,3.304733,-3.752165
1,1,1,47.000000,125,373.616544,157.697195,0.062740,4.999606
1,1,1,47.000000,126,50.774932,244.898332,4.777809,-1.473953
1,1,1,47.000000,127,335.316544,223.055843,-0.120564,4.998546
1,1,1,47.000000,128,429.868507,128.054394,2.756837,4.171312
1,1,1,47.000000,129,375.789807,369.851227,3.818585,-3.227756
1,1,1,47.000000,130,321.942772,388.897863,2.255155,-4.462541
1,1,1,47.000000,131,40.022195,219.239708,4.938943,-0.779003
1,1,1,47.000000,132,355.031456,454.280861,-4.806293,-1.378240
1,1,1,47.000000,133,28.894372,143.128988,-4.161793,-2.771187
1,1,1,47.000000,134,397.435283,276.058578,-0.864848,4.924636
1,1,1,47.000000,135,428.796520,141.548983,-2.585222,-4.279793
1,1,1,47.000000,136,170.572748,441.530363,-4.991532,0.290876
1,1,1,47.000000,137,393.944068,461.388597,4.663112,-1.804268
1,1,1,47.000000,138,8.275038,200.268396,-3.684426,-3.380090
1,1,1,47.000000,139,164.034190,85.391018,4.376056,2.418704
1,1,1,47.000000,140,281.681934,349.532815,-1.970566,-4.595309
1,1,1,47.000000,141,460.962330,391.146241,-1.621609,-4.729734
1,1,1,47.000000,142,410.330295,454.841809,0.660856,-4.956135
1,1,1,47.000000,143,376.814050,384.948756,4.776626,-1.477784
1,1,1,47.000000,144,455.584880,442.615072,-1.684352,-4.707755
1,1,1,47.000000,145,38.171776,136.725320,-3.794449,-3.256095
1,1,1,47.000000,146,177.157818,296.352282,-4.463352,-2.253550
1,1,1,47.000000,147,158.186621,305.796836,-4.977730,0.471386
1,1,1,47.000000,148,305.219920,214.620598,-0.146827,4.997844
1,1,1,47.000000,149,477.093913,442.481534,1.789617,4.668755
1,1,1,48.000000,0,172.477753,126.237666,3.478249,-3.591905
1,1,1,48.000000,1,75.419326,38.723089,0.849718,-4.927269
1,1,1,48.000000,2,222.136705,370.596735,4.999025,-0.098761
1,1,1,48.000000,3,158.838292,377.491819,4.939489,0.775530
1,1,1,48.000000,4,481.825805,485.513903,-4.692630,-1.726043
1,1,1,48.000000,5,332.405605,330.821534,0.842863,4.928446
1,1,1,48.000000,6,53.592641,207.597247,-3.781521,3.271101
1,1,1,48.000000,7,42.183290,472.754197,4.800933,1.396799
1,1,1,48.000000,8,93.257429,335.229852,-4.683004,-1.751991
1,1,1,48.000000,9,71.823202,415.490137,-2.312437,-4.433129
1,1,1,48.000000,10,339.882326,430.281737,-2.808195,4.136912
1,1,1,48.000000,11,89.295122,51.230614,3.901063,-3.127572
1,1,1,48.000000,12,410.414187,419.032197,2.221464,4.479408
1,1,1,48.000000,13,235.439752,469.225663,-4.976408,0.485138
1,1,1,48.000000,14,169.059661,291.366652,2.654558,4.237136
1,1,1,48.000000,15,292.649854,386.238821,-4.833014,1.281394
1,1,1,48.000000,16,10.862299,189.124464,2.509373,4.324702
1,1,1,48.000000,17,270.858056,496.391676,4.473356,2.233627
1,1,1,48.000000,18,431.451424,369.912565,3.327108,-3.732339
1,1,1,48.000000,19,413.397338,13.052449,3.608534,3.460995
1,1,1,48.000000,20,214.651848,199.968354,-4.455768,2.268508
1,1,1,48.000000,21,381.279045,83.150497,-4.888879,1.048265
1,1,1,48.000000,22,379.665680,126.775139,1.150486,4.865838
1,1,1,48.000000,23,383.068609,441.150920,4.832136,-1.284701
1,1,1,48.000000,24,461.605020,76.943172,-4.887952,-1.052580
1,1,1,48.000000,25,1.942344,238.980864,4.468375,-2.243574
1,1,1,48.000000,26,389.800627,413.773365,-0.818199,-4.932601
1,1,1,48.000000,27,13.073911,261.760490,4.990806,0.303078
1,1,1,48.000000,28,412.919588,423.015725,0.302939,4.990814
1,1,1,48.000000,29,60.253183,266.582133,-2.951181,-4.036153
1,1,1,48.000000,30,98.475839,457.320561,4.864666,-1.155434
1,1,1,48.000000,31,153.847140,71.958667,-4.994222,-0.240298
1,1,1,48.000000,32,18.447344,93.031222,-0.416173,-4.982650
1,1,1,48.000000,33,384.020166,374.550251,-4.405980,2.363755
1,1,1,48.000000,34,497.550910,180.098484,-4.843255,1.242129
1,1,1,48.000000,35,276.422308,370.362104,-4.375438,-2.419823
1,1,1,48.000000,36,275.494356,235.756984,2.969014,-4.023053
1,1,1,48.000000,37,149.531505,271.823359,-4.622808,1.905162
1,1,1,48.000000,38,364.295249,141.114286,4.531368,2.113457
1,1,1,48.000000,39,320.358467,324.214732,3.097594,3.924909
1,1,1,48.000000,40,293.932822,275.084605,3.732938,3.326435
1,1,1,48.000000,41,307.569855,138.311819,-3.054359,-3.958648
1,1,1,48.000000,42,284.222789,171.463825,-0.485589,4.976364
1,1,1,48.000000,43,495.352550,380.890910,0.966685,4.905662
1,1,1,48.000000,44,412.755185,161.521683,-4.998921,-0.103864
1,1,1,48.000000,45,356.766295,173.921792,-4.457873,-2.264370
1,1,1,48.000000,46,308.225990,210.216597,4.498102,-2.183364
1,1,1,48.000000,47,135.597066,462.819588,-4.038156,-2.948439
1,1,1,48.000000,48,445.639436,384.330843,-3.158202,3.876308
1,1,1,48.000000,49,269.982500,354.817567,4.973234,0.516661
1,1,1,48.000000,50,499.789273,146.281887,4.939875,0.773070
1,1,1,48.000000,51,435.706349,82.820873,-1.187286,4.856990
1,1,1,48.000000,52,184.904474,230.976003,-0.906674,4.917107
1,1,1,48.000000,53,433.910154,24.988728,3.651075,-3.416087
1,1,1,48.000000,54,469.406209,383.662079,2.818254,4.130066
1,1,1,48.000000,55,118.353459,368.722947,-3.838271,3.204322
1,1,1,48.000000,56,408.994655,15.392234,0.745997,4.944036
1,1,1,48.000000,57,259.526931,299.040413,-3.807314,3.241043
1,1,1,48.000000,58,206.006626,103.342281,-1.221431,4.848516
1,1,1,48.000000,59,3.702042,118.903841,4.094320,2.869938
1,1,1,48.000000,60,358.364290,188.853772,-0.606720,4.963053
1,1,1,48.000000,61,272.399907,381.166646,-2.075023,-4.549096
1,1,1,48.000000,62,331.530086,132.637829,4.753723,1.549878
1,1,1,48.000000,63,476.130184,52.361266,-3.864505,3.172633
1,1,1,48.000000,64,105.993476,31.687510,-3.886093,3.146153
1,1,1,48.000000,65,333.702848,477.743018,-1.834509,4.651298
1,1,1,48.000000,66,356.427332,99.736404,-0.776569,4.939326
1,1,1,48.000000,67,278.839706,174.898419,3.238861,-3.809171
1,1,1,48.000000,68,440.117012,311.931944,3.754703,3.301848
1,1,1,48.000000,69,67.299145,260.331330,-0.279557,4.992179
1,1,1,48.000000,70,388.138955,356.636772,2.548059,4.302022
1,1,1,48.000000,71,295.107439,37.400392,4.777412,-1.475241
1,1,1,48.000000,72,362.231258,294.224497,3.639271,-3.428659
1,1,1,48.000000,73,424.597354,194.673324,4.748157,1.566846
1,1,1,48.000000,74,275.757495,187.575292,-3.709422,-3.352639
1,1,1,48.000000,75,385.039085,8.775310,1.265146,4.837293
1,1,1,48.000000,76,471.590913,440.332682,-4.751601,-1.556371
1,1,1,48.000000,77,82.780735,318.911692,4.453645,-2.272673
1,1,1,48.000000,78,32.233034,25.852160,4.500705,-2.177993
1,1,1,48.000000,79,314.966339,424.629010,-4.449051,2.281654
1,1,1,48.000000,80,463.376196,260.121706,2.993584,4.004804
1,1,1,48.000000,81,455.537538,260.262016,4.858903,-1.179432
1,1,1,48.000000,82,315.376446,473.279434,4.463733,-2.252795
1,1,1,48.000000,83,185.697154,417.785367,4.158118,-2.776698
1,1,1,48.000000,84,377.128402,334.889939,4.699038,1.708522
1,1,1,48.000000,85,139.602172,33.774898,2.987810,4.009113
1,1,1,48.000000,86,77.330211,392.086585,-4.939726,0.774019
1,1,1,48.000000,87,489.060856,152.974061,-4.989264,-0.327479
1,1,1,48.000000,88,162.043846,294.177172,-1.351894,4.813770
1,1,1,48.000000,89,327.278835,420.587923,1.279117,-4.833618
1,1,1,48.000000,90,188.904114,71.578751,-3.389563,3.675712
1,1,1,48.000000,91,201.641890,168.516364,-0.019597,4.999962
1,1,1,48.000000,92,227.258343,301.706215,-1.560976,-4.750090
1,1,1,48.000000,93,190.298591,203.704963,4.986195,-0.371294
1,1,1,48.000000,94,51.961240,86.809803,-0.107453,4.998845
1,1,1,48.000000,95,179.602329,117.274467,4.880082,1.088483
1,1,1,48.000000,96,146.662017,444.003608,-2.849297,-4.108711
1,1,1,48.000000,97,0.253046,285.195657,0.730872,-4.946294
1,1,1,48.000000,98,113.485796,326.040807,-4.554448,2.063250
1,1,1,48.000000,99,470.198115,166.669488,3.895723,-3.134222
1,1,1,48.000000,100,149.525413,2.459364,-4.907385,0.957899
1,1,1,48.000000,101,409.457736,8.686582,-1.941744,-4.607562
1,1,1,48.000000,102,142.455917,203.041026,-1.874693,-4.635248
1,1,1,48.000000,103,399.683644,370.239110,2.990663,-4.006986
1,1,1,48.000000,104,191.253668,241.273469,0.824381,-4.931571
1,1,1,48.000000,105,71.017147,204.748331,-4.608236,-1.940145
1,1,1,48.000000,106,301.130514,476.469275,-1.783095,-4.671250
1,1,1,48.000000,107,271.159092,498.717625,0.350498,4.987700
1,1,1,48.000000,108,217.333765,14.688060,-4.050653,2.931247
1,1,1,48.000000,109,480.771683,74.826168,3.552951,-3.518031
1,1,1,48.000000,110,165.370038,70.218629,-3.896921,3.132731
1,1,1,48.000000,111,170.698214,175.356579,-4.357279,2.452371
1,1,1,48.000000,112,234.742261,17.020706,4.997519,0.157478
1,1,1,48.000000,113,134.706834,273.496487,4.335910,-2.489957
1,1,1,48.000000,114,439.079108,63.770768,-2.672685,4.225725
1,1,1,48.000000,115,12.944483,459.748335,4.984998,0.387038
1,1,1,48.000000,116,66.067609,252.976223,0.217839,4.995252
1,1,1,48.000000,117,95.786518,121.632203,-4.770675,1.496884
1,1,1,48.000000,118,8.745330,267.116968,1.992665,4.585770
1,1,1,48.000000,119,360.705502,250.199654,4.783347,1.455881
1,1,1,48.000000,120,493.683523,419.529296,-4.972696,0.521816
1,1,1,48.000000,121,488.392338,381.810599,-4.011064,2.985191
1,1,1,48.000000,122,288.477240,376.976793,-1.734180,4.689629
1,1,1,48.000000,123,360.082366,384.736558,3.754116,3.302516
1,1,1,48.000000,124,452.426741,135.229705,0.094911,4.999099
1,1,1,48.000000,125,373.679284,162.696802,-4.220494,-2.680939
1,1,1,48.000000,126,55.552742,243.424379,4.456409,2.267248
1,1,1,48.000000,127,335.195980,228.054389,-1.787984,4.669380
1,1,1,48.000000,128,432.625345,132.225706,-1.179199,-4.858960
1,1,1,48.000000,129,379.608392,366.623470,-4.403318,-2.368711
1,1,1,48.000000,130,324.197927,384.435322,-1.935194,-4.610317
1,1,1,48.000000,131,44.961138,218.460705,4.984740,0.390339
1,1,1,48.000000,132,350.225163,452.902621,-3.965374,3.045622
1,1,1,48.000000,133,24.732579,140.357801,-0.178657,4.996807
1,1,1,48.000000,134,396.570436,280.983214,-3.300485,-3.755902
1,1,1,48.000000,135,426.211298,137.269191,-3.583201,-3.487215
1,1,1,48.000000,136,165.581216,441.821238,-4.478151,-2.223997
1,1,1,48.000000,137,398.607180,459.584328,3.296316,-3.759561
1,1,1,48.000000,138,4.590612,196.888306,-4.279838,2.585147
1,1,1,48.000000,139,168.410247,87.809722,-4.999988,-0.010943
1,1,1,48.000000,140,279.711367,344.937505,4.461073,2.258059
1,1,1,48.000000,141,459.340721,386.416507,1.371398,-4.808250
1,1,1,48.000000,142,410.991151,449.885674,4.523921,2.129352
1,1,1,48.000000,143,381.590676,383.470972,4.038972,2.947322
1,1,1,48.000000,144,453.900527,437.907317,-3.681094,-3.383718
1,1,1,48.000000,145,34.377328,133.469225,2.972960,4.020138
1,1,1,48.000000,146,172.694466,294.098732,0.474251,4.977458
1,1,1,48.000000,147,153.208891,306.268223,-4.964486,0.594881
1,1,1,48.000000,148,305.073094,219.618442,-4.544567,-2.084925
1,1,1,48.000000,149,478.883530,447.150289,3.779435,-3.273510
1,1,1,49.000000,0,175.956002,122.645761,-3.197083,-3.844302
1,1,1,49.000000,1,76.269044,33.795820,-4.924450,-0.865908
1,1,1,49.000000,2,227.135730,370.497973,-3.361927,-3.701007
1,1,1,49.000000,3,163.777781,378.267350,-2.224356,-4.477973
1,1,1,49.000000,4,477.133176,483.787860,4.901269,-0.988718
1,1,1,49.000000,5,333.248468,335.749980,-0.474664,4.977418
1,1,1,49.000000,6,49.811120,210.868348,-4.010444,2.986024
1,1,1,49.000000,7,47.158332,472.255242,4.975042,-0.498955
1,1,1,49.000000,8,88.574425,333.477861,1.494270,-4.771494
1,1,1,49.000000,9,69.510764,411.057008,0.584626,4.965704
1,1,1,49.000000,10,337.074131,434.418649,-3.889805,-3.141563
1,1,1,49.000000,11,93.196186,48.103043,4.182805,-2.739370
1,1,1,49.000000,12,412.635651,423.511606,-1.285971,-4.831799
1,1,1,49.000000,13,230.463344,469.710800,-2.625293,4.255331
1,1,1,49.000000,14,171.714219,295.603788,-4.343361,-2.476936
1,1,1,49.000000,15,287.816840,387.520215,-4.713387,1.668526
1,1,1,49.000000,16,13.596724,184.938425,2.734425,-4.186039
1,1,1,49.000000,17,267.610798,492.589661,-3.247258,-3.802015
1,1,1,49.000000,18,434.778532,366.180226,1.499352,4.769900
1,1,1,49.000000,19,410.662470,17.238198,-2.734868,4.185749
1,1,1,49.000000,20,210.196080,202.236862,3.197992,-3.843546
1,1,1,49.000000,21,376.390165,84.198762,4.583144,1.998698
1,1,1,49.000000,22,380.816165,131.640978,3.438426,-3.630045
1,1,1,49.000000,23,387.900746,439.866219,1.776731,4.673674
1,1,1,49.000000,24,456.717068,75.890592,-4.526633,-2.123580
1,1,1,49.000000,25,2.824231,237.470976,4.766575,-1.509888
1,1,1,49.000000,26,388.982429,408.840764,-3.608812,-3.460705
1,1,1,49.000000,27,18.064717,262.063568,4.974360,-0.505713
1,1,1,49.000000,28,413.222527,428.006539,-4.519936,2.137799
1,1,1,49.000000,29,57.302002,262.545980,1.704770,4.700400
1,1,1,49.000000,30,103.340504,456.165127,1.007453,4.897452
1,1,1,49.000000,31,148.852918,71.718369,-1.637221,-4.724352
1,1,1,49.000000,32,16.910575,88.273246,-1.536769,-4.757976
1,1,1,49.000000,33,379.614186,376.914006,4.272406,-2.597412
1,1,1,49.000000,34,498.715845,175.236085,1.164935,-4.862399
1,1,1,49.000000,35,272.046871,367.942281,-2.021272,-4.573233
1,1,1,49.000000,36,278.463371,231.733932,4.985211,-0.384278
1,1,1,49.000000,37,144.908697,273.728521,-3.111938,-3.913546
1,1,1,49.000000,38,368.826617,143.227743,4.225074,2.673715
1,1,1,49.000000,39,323.456062,328.139640,-0.712708,4.948944
1,1,1,49.000000,40,297.665760,278.411041,2.262930,4.458604
1,1,1,49.000000,41,304.515496,134.353171,-1.772014,4.675464
1,1,1,49.000000,42,283.737200,176.440189,0.658626,4.956431
1,1,1,49.000000,43,490.800273,382.958945,-4.552277,2.068036
1,1,1,49.000000,44,407.756263,161.417819,-1.743696,4.686099
1,1,1,49.000000,45,352.308423,171.657422,3.998196,-3.002403
1,1,1,49.000000,46,312.724092,208.033233,0.173722,-4.996981
1,1,1,49.000000,47,131.558909,459.871149,-2.897256,4.075035
1,1,1,49.000000,48,442.481234,388.207151,0.691039,4.952016
1,1,1,49.000000,49,274.955734,355.334228,-4.835711,1.271179
1,1,1,49.000000,50,498.642582,151.148621,-1.146690,4.866734
1,1,1,49.000000,51,434.519063,87.677863,2.305466,4.436758
1,1,1,49.000000,52,183.997801,235.893110,3.880282,3.153318
1,1,1,49.000000,53,437.561229,21.572641,-4.365502,-2.437703
1,1,1,49.000000,54,472.224463,387.792145,4.365114,-2.438397
1,1,1,49.000000,55,114.515189,371.927269,-3.779892,-3.272983
1,1,1,49.000000,56,409.740652,20.336270,-2.565269,4.291783
1,1,1,49.000000,57,255.719617,302.281455,-1.738369,-4.688078
1,1,1,49.000000,58,204.785195,108.190797,1.510157,-4.766490
1,1,1,49.000000,59,5.664663,114.305133,1.962621,-4.598708
1,1,1,49.000000,60,357.757569,193.816825,-4.101214,-2.860078
1,1,1,49.000000,61,270.324883,376.617550,-2.311585,4.433574
1,1,1,49.000000,62,336.283808,134.187707,-4.924497,0.865640
1,1,1,49.000000,63,479.067972,56.407178,2.937788,4.045912
1,1,1,49.000000,64,106.749734,36.629987,0.756257,4.942477
1,1,1,49.000000,65,331.868339,482.394317,-4.946895,-0.726797
1,1,1,49.000000,66,355.650762,104.675730,4.972281,-0.525756
1,1,1,49.000000,67,282.078567,171.089248,4.678811,-1.763158
1,1,1,49.000000,68,443.871716,315.233792,-4.099360,-2.862735
1,1,1,49.000000,69,67.019587,265.323509,3.537354,3.533713
1,1,1,49.000000,70,390.687014,360.938794,-1.147018,-4.866657
1,1,1,49.000000,71,299.884851,35.925150,-4.726586,-1.630761
1,1,1,49.000000,72,365.870529,290.795838,-4.626546,1.896067
1,1,1,49.000000,73,429.345510,196.240170,-3.145644,3.886505
1,1,1,49.000000,74,272.048073,184.222653,4.154510,-2.782094
1,1,1,49.000000,75,386.304231,13.612603,1.448214,-4.785674
1,1,1,49.000000,76,476.577751,439.970113,4.986837,-0.362569
1,1,1,49.000000,77,87.234381,316.639019,3.436348,-3.632012
1,1,1,49.000000,78,27.709550,27.982440,-4.523484,2.130280
1,1,1,49.000000,79,310.517287,426.910664,-3.529201,3.541856
1,1,1,49.000000,80,466.369780,264.126510,-1.147060,4.866647
1,1,1,49.000000,81,460.396441,259.082584,3.563240,-3.507609
1,1,1,49.000000,82,319.840179,471.026639,4.995010,-0.223329
1,1,1,49.000000,83,189.855272,415.008669,4.993559,0.253719
1,1,1,49.000000,84,381.827440,336.598460,3.936076,-3.083392
1,1,1,49.000000,85,142.589982,37.784011,2.039702,-4.565043
1,1,1,49.000000,86,72.390485,392.860604,-2.004226,4.580729
1,1,1,49.000000,87,484.668560,155.363147,-4.392297,2.389086
1,1,1,49.000000,88,160.691952,298.990942,4.874524,-1.113110
1,1,1,49.000000,89,328.557952,415.754305,2.135877,-4.520844
1,1,1,49.000000,90,185.514551,75.254463,-2.704411,4.205492
1,1,1,49.000000,91,201.622293,173.516326,-2.718829,4.196185
1,1,1,49.000000,92,225.697367,296.956126,0.067510,-4.999544
1,1,1,49.000000,93,195.284786,203.333669,4.854006,-1.199429
1,1,1,49.000000,94,51.853788,91.808648,4.904556,0.972279
1,1,1,49.000000,95,184.482412,118.362950,-3.036259,3.972547
1,1,1,49.000000,96,143.812720,439.894897,-3.182701,-3.856218
1,1,1,49.000000,97,2.483803,280.720870,2.230757,-4.474788
1,1,1,49.000000,98,108.931347,328.104057,-1.169625,4.861273
1,1,1,49.000000,99,474.093837,163.535266,-2.002375,4.581538
1,1,1,49.000000,100,145.963452,5.968273,-3.561960,3.508908
1,1,1,49.000000,101,414.382714,9.549481,4.924978,0.862899
1,1,1,49.000000,102,140.581224,198.405778,4.916876,-0.907924
1,1,1,49.000000,103,402.674307,366.232124,-0.455200,4.979236
1,1,1,49.000000,104,192.078049,236.341898,-4.902736,0.981419
1,1,1,49.000000,105,66.408911,202.808187,-4.791677,-1.428228
1,1,1,49.000000,106,299.347419,471.798025,-0.210412,-4.995571
1,1,1,49.000000,107,274.001077,497.168603,2.841985,-4.113772
1,1,1,49.000000,108,213.283112,17.619307,2.704077,-4.205707
1,1,1,49.000000,109,484.324633,71.308137,4.184852,2.736241
1,1,1,49.000000,110,161.473117,73.351360,4.490783,2.198379
1,1,1,49.000000,111,166.340935,177.808950,-2.422521,4.373945
1,1,1,49.000000,112,239.278809,19.123023,4.536547,2.102317
1,1,1,49.000000,113,139.042743,271.006530,-2.539828,4.306887
1,1,1,49.000000,114,436.406423,67.996494,3.644826,-3.422754
1,1,1,49.000000,115,11.218688,455.055614,-1.725795,-4.692721
1,1,1,49.000000,116,66.285448,257.971476,-3.946292,3.070306
1,1,1,49.000000,117,91.015844,123.129088,-3.736656,3.322259
1,1,1,49.000000,118,10.737995,271.702738,-0.487717,-4.976156
1,1,1,49.000000,119,365.488850,251.655534,1.335095,-4.818456
1,1,1,49.000000,120,488.710827,420.051112,2.076225,4.548548
1,1,1,49.000000,121,493.321983,382.646423,4.929645,0.835824
1,1,1,49.000000,122,286.743060,381.666422,3.984437,3.020639
1,1,1,49.000000,123,363.836482,388.039074,-4.923272,-0.872576
1,1,1,49.000000,124,452.521652,140.228804,-2.726385,-4.191279
1,1,1,49.000000,125,369.458790,160.015863,0.462545,-4.978559
1,1,1,49.000000,126,60.009151,245.691628,-3.222721,3.822835
1,1,1,49.000000,127,333.407996,232.723769,0.097997,4.999040
1,1,1,49.000000,128,431.446146,127.366746,0.239610,-4.994255
1,1,1,49.000000,129,375.205074,364.254759,1.891561,4.628390
1,1,1,49.000000,130,322.262733,379.825005,-4.600927,1.957415
1,1,1,49.000000,131,49.945878,218.851044,-4.972806,-0.520774
1,1,1,49.000000,132,346.259789,455.948243,-4.480422,-2.219418
1,1,1,49.000000,133,24.553922,145.354609,4.962633,-0.610146
1,1,1,49.000000,134,393.269951,277.227312,-3.590308,-3.479898
1,1,1,49.000000,135,422.628097,133.781976,4.544368,-2.085359
1,1,1,49.000000,136,161.103065,439.597241,-3.737085,3.321776
1,1,1,49.000000,137,401.903496,455.824767,-3.893198,-3.137358
1,1,1,49.000000,138,0.310774,199.473453,-3.840541,3.201601
1,1,1,49.000000,139,163.410259,87.798779,-3.593461,-3.476642
1,1,1,49.000000,140,284.172440,347.195564,-2.940311,-4.044079
1,1,1,49.000000,141,460.712119,381.608257,-4.999954,0.021331
1,1,1,49.000000,142,415.515072,452.015026,2.720937,4.194818
1,1,1,49.000000,143,385.629647,386.418294,0.387064,-4.984996
1,1,1,49.000000,144,450.219434,434.523599,-1.136995,4.869008
1,1,1,49.000000,145,37.350287,137.489363,-2.821115,4.128112
1,1,1,49.000000,146,173.168717,299.076190,-1.321244,4.822273
1,1,1,49.000000,147,148.244405,306.863104,-4.867498,-1.143442
1,1,1,49.000000,148,300.528527,217.533517,1.248236,4.841684
1,1,1,49.000000,149,482.662965,443.876779,4.836972,-1.266373
1,1,1,50.000000,0,172.758919,118.801458,-5.000000,0.000586
1,1,1,50.000000,1,71.344594,32.929913,-4.379078,2.413229
1,1,1,50.000000,2,223.773803,366.796967,4.050104,2.932005
1,1,1,50.000000,3,161.553425,373.789377,4.995703,0.207238
1,1,1,50.000000,4,482.034445,482.799142,-3.064058,3.951145
1,1,1,50.000000,5,332.773805,340.727399,2.394655,-4.389263
1,1,1,50.000000,6,45.800676,213.854372,-3.091389,-3.929798
1,1,1,50.000000,7,49.914156,468.083260,2.755824,-4.171982
1,1,1,50.000000,8,90.068695,328.706367,-4.997281,0.164872
1,1,1,50.000000,9,70.095390,416.022711,-4.840909,1.251238
1,1,1,50.000000,10,333.184326,431.277086,3.556674,3.514266
1,1,1,50.000000,11,97.378990,45.363673,-1.655496,4.717980
1,1,1,50.000000,12,411.349679,418.679807,0.872299,-4.923322
1,1,1,50.000000,13,227.838051,473.966131,3.634325,-3.433902
1,1,1,50.000000,14,167.370857,293.126852,4.152677,2.784829
1,1,1,50.000000,15,283.103452,389.188741,-1.730268,4.691074
1,1,1,50.000000,16,18.552769,184.276897,4.956045,-0.661528
1,1,1,50.000000,17,263.829427,495.860935,-3.781371,3.271274
1,1,1,50.000000,18,436.277884,370.950126,-4.325101,-2.508685
1,1,1,50.000000,19,415.233675,15.212343,4.571204,-2.025855
1,1,1,50.000000,20,213.394071,198.393316,-2.393859,4.389697
1,1,1,50.000000,21,380.973309,86.197460,4.987574,0.352279
1,1,1,50.000000,22,384.254591,128.010932,-0.655658,-4.956825
1,1,1,50.000000,23,389.677476,444.539893,-3.439864,-3.628682
1,1,1,50.000000,24,452.190434,73.767013,-0.626861,4.960549
1,1,1,50.000000,25,4.604694,242.143229,1.780462,4.672254
1,1,1,50.000000,26,385.373617,405.380060,-4.393901,2.386133
1,1,1,50.000000,27,23.039077,261.557855,-4.189951,-2.728426
1,1,1,50.000000,28,408.702591,430.144338,1.245308,4.842438
1,1,1,50.000000,29,59.006772,267.246380,-0.513778,-4.973533
1,1,1,50.000000,30,104.347957,461.062579,-4.758937,1.533793
1,1,1,50.000000,31,147.215697,66.994016,-2.270554,-4.454726
1,1,1,50.000000,32,21.168864,85.652754,4.258289,-2.620492
1,1,1,50.000000,33,383.886592,374.316595,-4.601639,-1.955739
1,1,1,50.000000,34,493.885006,176.525656,-4.830839,1.289571
1,1,1,50.000000,35,270.025599,363.369048,1.825698,4.654764
1,1,1,50.000000,36,283.448582,231.349654,2.031685,-4.568616
1,1,1,50.000000,37,141.796759,269.814975,-3.435841,-3.632492
1,1,1,50.000000,38,373.051691,145.901458,4.150519,2.788044
1,1,1,50.000000,39,322.743354,333.088584,-4.594763,1.971840
1,1,1,50.000000,40,299.928690,282.869645,4.970651,0.540948
1,1,1,50.000000,41,302.743482,139.028635,-4.604836,1.948201
1,1,1,50.000000,42,284.395826,181.396620,2.645302,-4.242921
1,1,1,50.000000,43,495.748611,383.675846,4.948338,0.716901
1,1,1,50.000000,44,406.012567,166.103918,4.997872,-0.145866
1,1,1,50.000000,45,356.306619,168.655019,4.913623,-0.925368
1,1,1,50.000000,46,312.897814,203.036252,-2.053418,-4.558890
1,1,1,50.000000,47,128.661653,463.946184,-4.752643,-1.553186
1,1,1,50.000000,48,443.172273,393.159167,4.045515,2.938334
1,1,1,50.000000,49,270.120023,356.605407,-4.591416,-1.979621
1,1,1,50.000000,50,494.410191,148.486504,-4.232391,-2.662117
1,1,1,50.000000,51,436.824529,92.114621,1.818366,4.657633
1,1,1,50.000000,52,187.878082,239.046428,4.900946,-0.990316
1,1,1,50.000000,53,433.195728,19.134938,-0.975546,4.903908
1,1,1,50.000000,54,476.589577,385.353748,4.408965,2.358184
1,1,1,50.000000,55,110.735297,368.654286,4.344189,2.475485
1,1,1,50.000000,56,407.175383,24.628052,1.625125,-4.728527
1,1,1,50.000000,57,253.981248,297.593378,-4.999714,0.053479
1,1,1,50.000000,58,206.295351,103.424307,-4.832848,1.282023
1,1,1,50.000000,59,9.766325,111.445698,4.101662,-2.859435
1,1,1,50.000000,60,353.656355,190.956747,3.107721,3.916895
1,1,1,50.000000,61,268.013298,381.051123,-4.512575,2.153293
1,1,1,50.000000,62,331.359312,135.053347,4.712471,-1.671113
1,1,1,50.000000,63,474.073438,56.640914,-4.994534,0.233736
1,1,1,50.000000,64,107.950316,31.776266,1.200582,-4.853720
1,1,1,50.000000,65,326.921444,481.667519,4.356698,2.453402
1,1,1,50.000000,66,360.623044,104.149974,-3.876339,-3.158164
1,1,1,50.000000,67,286.757378,169.326090,4.529549,-2.117355
1,1,1,50.000000,68,439.772356,312.371057,-1.206743,-4.852192
1,1,1,50.000000,69,70.556941,268.857222,-2.832653,4.120204
1,1,1,50.000000,70,389.539996,356.072137,-4.965065,0.590028
1,1,1,50.000000,71,295.158265,34.294389,-2.582453,-4.281465
1,1,1,50.000000,72,361.243983,292.691905,2.081913,4.545947
1,1,1,50.000000,73,426.199866,200.126675,1.709222,-4.698783
1,1,1,50.000000,74,276.202583,181.440559,4.966530,-0.577568
1,1,1,50.000000,75,387.752445,8.826929,2.218056,4.481097
1,1,1,50.000000,76,480.521374,443.043846,3.943624,3.073733
1,1,1,50.000000,77,90.670729,313.007007,-1.257255,4.839350
1,1,1,50.000000,78,23.973560,24.659432,-3.735990,-3.323008
1,1,1,50.000000,79,306.988087,430.452520,0.869569,-4.923804
1,1,1,50.000000,80,465.222720,268.993157,4.376484,2.417931
1,1,1,50.000000,81,463.959681,255.574976,-4.281068,-2.583109
1,1,1,50.000000,82,324.835189,470.803310,-4.844009,-1.239185
1,1,1,50.000000,83,194.848831,415.262388,-0.960062,-4.906963
1,1,1,50.000000,84,385.763515,333.515068,-1.070699,4.884015
1,1,1,50.000000,85,144.629684,33.218968,-4.910967,-0.939365
1,1,1,50.000000,86,70.386258,397.441333,-3.516300,3.554664
1,1,1,50.000000,87,486.227212,160.114000,1.558652,4.750853
1,1,1,50.000000,88,165.566476,297.877832,-3.101823,3.921568
1,1,1,50.000000,89,330.693828,411.233461,-4.716080,-1.660900
1,1,1,50.000000,90,182.810140,79.459955,4.955580,-0.665003
1,1,1,50.000000,91,198.903464,177.712511,-4.260273,2.617265
1,1,1,50.000000,92,225.764877,291.956581,2.212530,4.483828
1,1,1,50.000000,93,200.138791,202.134240,-4.589297,-1.984529
1,1,1,50.000000,94,56.758344,92.780927,-4.559846,-2.051292
1,1,1,50.000000,95,181.446153,122.335497,-0.637335,-4.959214
1,1,1,50.000000,96,140.630019,436.038679,-4.959649,0.633940
1,1,1,50.000000,97,5.191534,284.924225,2.707731,4.203355
1,1,1,50.000000,98,107.761723,332.965330,-0.914752,-4.915611
1,1,1,50.000000,99,472.091462,168.116805,-4.513638,-2.151062
1,1,1,50.000000,100,150.649582,4.224661,4.686130,-1.743612
1,1,1,50.000000,101,412.013445,13.952499,-2.369269,4.403018
1,1,1,50.000000,102,145.498100,197.497854,3.049135,3.962673
1,1,1,50.000000,103,402.219107,371.211360,-4.738374,1.596188
1,1,1,50.000000,104,187.175313,237.323317,-4.484751,-2.210659
1,1,1,50.000000,105,61.617234,201.379959,-3.207082,3.835965
1,1,1,50.000000,106,299.137008,466.802455,-1.240585,4.843650
1,1,1,50.000000,107,278.780054,498.638766,4.778977,1.470163
1,1,1,50.000000,108,215.987189,13.413600,-4.689431,1.734715
1,1,1,50.000000,109,488.509485,74.044378,-3.398668,-3.667295
1,1,1,50.000000,110,165.963900,75.549739,0.564153,-4.968071
1,1,1,50.000000,111,163.918414,182.182895,-4.999830,0.041284
1,1,1,50.000000,112,234.296438,19.542527,-4.982371,0.419505
1,1,1,50.000000,113,136.502916,275.313417,-3.114496,3.911511
1,1,1,50.000000,114,440.051249,64.573739,3.297692,3.758354
1,1,1,50.000000,115,13.279792,459.611034,2.061103,4.555420
1,1,1,50.000000,116,62.339157,261.041782,0.539095,4.970853
1,1,1,50.000000,117,87.279188,126.451346,-4.886244,1.060479
1,1,1,50.000000,118,10.250278,266.726581,-2.073309,4.549878
1,1,1,50.000000,119,366.823945,246.837078,-4.713266,1.668869
1,1,1,50.000000,120,490.787053,424.599660,-4.734981,-1.606223
1,1,1,50.000000,121,489.272764,385.579651,-4.049219,2.933228
1,1,1,50.000000,122,290.727497,384.687061,-4.942827,-0.753961
1,1,1,50.000000,123,358.913210,387.166498,-4.216606,-2.687049
1,1,1,50.000000,124,449.795267,136.037525,4.976856,0.480521
1,1,1,50.000000,125,369.921336,155.037304,-3.916155,3.108654
1,1,1,50.000000,126,56.786430,249.514463,3.445008,3.623799
1,1,1,50.000000,127,333.505993,237.722809,-2.514772,-4.321565
1,1,1,50.000000,128,431.685756,122.372491,-1.448601,4.785557
1,1,1,50.000000,129,377.096635,368.883149,-3.289969,-3.765117
1,1,1,50.000000,130,317.661806,381.782419,-3.204098,-3.838457
1,1,1,50.000000,131,44.973072,218.330270,4.992743,0.269299
1,1,1,50.000000,132,341.779367,453.728826,-2.660796,4.233221
1,1,1,50.000000,133,29.516555,144.744462,4.698766,1.709269
1,1,1,50.000000,134,389.679644,273.747414,4.974801,-0.501351
1,1,1,50.000000,135,427.172465,131.696617,-4.232325,-2.662222
1,1,1,50.000000,136,157.365980,442.919017,3.495794,-3.574832
1,1,1,50.000000,137,398.010298,452.687409,0.538632,-4.970903
1,1,1,50.000000,138,3.529767,202.675053,3.840541,3.201601
1,1,1,50.000000,139,159.816798,84.322137,0.111802,-4.998750
1,1,1,50.000000,140,281.232130,343.151485,3.195569,-3.845561
1,1,1,50.000000,141,455.712164,381.629588,2.756840,-4.171311
1,1,1,50.000000,142,418.236009,456.209845,-1.877507,-4.634109
1,1,1,50.000000,143,386.016712,381.433299,4.216393,2.687383
1,1,1,50.000000,144,449.082439,439.392607,-0.910979,4.916311
1,1,1,50.000000,145,34.529172,141.617475,-3.000274,3.999794
1,1,1,50.000000,146,171.847473,303.898462,-4.862020,1.166517
1,1,1,50.000000,147,143.376907,305.719661,-3.886856,3.145211
1,1,1,50.000000,148,301.776763,222.375201,-1.880466,-4.632909
1,1,1,50.000000,149,487.499937,442.610406,4.071333,-2.902456
1,1,1,51.000000,0,167.758919,118.802045,0.180370,4.996746
1,1,1,51.000000,1,66.965516,35.343142,-2.315508,-4.431526
1,1,1,51.000000,2,227.823908,369.728972,4.206958,-2.702130
1,1,1,51.000000,3,166.549129,373.996615,3.016545,-3.987538
1,1,1,51.000000,4,478.970387,486.750287,-2.469613,4.347529
1,1,1,51.000000,5,335.168460,336.338136,1.011905,-4.896534
1,1,1,51.000000,6,42.709286,209.924574,-0.834304,-4.929902
1,1,1,51.000000,7,50.299310,463.098117,0.385154,-4.985144
1,1,1,51.000000,8,85.071414,328.871239,-3.319181,3.739390
1,1,1,51.000000,9,65.254481,417.273949,-4.822466,1.320539
1,1,1,51.000000,10,336.741001,434.791352,-4.480852,-2.218549
1,1,1,51.000000,11,95.723494,50.081652,4.022793,2.969367
1,1,1,51.000000,12,412.221978,413.756485,-4.776890,-1.476929
1,1,1,51.000000,13,231.472375,470.532228,3.993937,3.008067
1,1,1,51.000000,14,171.523534,295.911682,-0.426806,-4.981750
1,1,1,51.000000,15,281.373184,393.879815,3.158913,-3.875728
1,1,1,51.000000,16,17.590652,189.183457,-0.962117,4.906560
1,1,1,51.000000,17,267.046177,492.033073,3.216750,-3.827861
1,1,1,51.000000,18,431.952783,368.441441,4.973648,0.512662
1,1,1,51.000000,19,410.338452,14.194110,-4.895222,-1.018233
1,1,1,51.000000,20,211.000212,202.783013,4.125532,-2.824887
1,1,1,51.000000,21,385.960884,86.549740,-2.727339,-4.190659
1,1,1,51.000000,22,383.598933,123.054108,4.995087,-0.221607
1,1,1,51.000000,23,386.237612,440.911210,4.258865,2.619554
1,1,1,51.000000,24,451.563574,78.727562,4.890051,1.042784
1,1,1,51.000000,25,0.174202,240.672801,4.778895,-1.470428
1,1,1,51.000000,26,380.979716,407.766193,-2.187887,-4.495904
1,1,1,51.000000,27,18.849126,258.829429,-2.908355,4.067121
1,1,1,51.000000,28,409.947899,434.986776,3.926970,-3.094980
1,1,1,51.000000,29,58.492993,262.272847,3.853209,3.186343
1,1,1,51.000000,30,99.589020,462.596373,0.081779,-4.999331
1,1,1,51.000000,31,144.945142,62.539290,3.457075,-3.612289
1,1,1,51.000000,32,16.221247,86.374620,-4.947617,0.721866
1,1,1,51.000000,33,379.284952,372.360856,4.344382,2.475145
1,1,1,51.000000,34,496.393084,172.200202,2.508077,-4.325454
1,1,1,51.000000,35,271.851297,368.023812,4.888646,1.049351
1,1,1,51.000000,36,285.480267,226.781037,-2.146291,4.515909
1,1,1,51.000000,37,138.360918,266.182484,-3.765307,3.289751
1,1,1,51.000000,38,377.202210,148.689502,-3.575649,-3.494958
1,1,1,51.000000,39,318.148591,335.060424,0.060124,4.999639
1,1,1,51.000000,40,304.899342,283.410593,-4.947954,-0.719552
1,1,1,51.000000,41,298.138646,140.976836,-3.048924,3.962835
1,1,1,51.000000,42,287.041128,177.153700,-3.147877,3.884697
1,1,1,51.000000,43,490.748728,383.641760,-4.999884,-0.034087
1,1,1,51.000000,44,411.010439,165.958052,-0.450210,-4.979690
1,1,1,51.000000,45,361.220242,167.729651,-2.608407,-4.265702
1,1,1,51.000000,46,310.844396,198.477362,-3.263910,3.787729
1,1,1,51.000000,47,123.909011,462.392997,-0.840779,4.928802
1,1,1,51.000000,48,447.217788,396.097501,4.989377,-0.325751
1,1,1,51.000000,49,265.528607,354.625786,1.812367,-4.659971
1,1,1,51.000000,50,489.606386,147.099617,-4.803805,-1.386887
1,1,1,51.000000,51,438.642896,96.772254,-4.665622,1.797768
1,1,1,51.000000,52,192.779029,238.056112,-1.803543,-4.663393
1,1,1,51.000000,53,432.220182,24.038846,4.973852,-0.510687
1,1,1,51.000000,54,480.998542,387.711932,4.653655,1.828523
1,1,1,51.000000,55,115.079486,371.129770,-2.111962,-4.532066
1,1,1,51.000000,56,408.800508,19.899525,4.347073,2.470416
1,1,1,51.000000,57,248.981534,297.646857,-4.769325,-1.501180
1,1,1,51.000000,58,201.462504,104.706330,3.892685,3.137993
1,1,1,51.000000,59,5.760700,108.453213,-4.005625,-2.992485
1,1,1,51.000000,60,356.764077,194.873643,4.547983,2.077463
1,1,1,51.000000,61,263.500724,383.204416,0.629156,-4.960258
1,1,1,51.000000,62,336.071783,133.382234,-4.902382,0.983186
1,1,1,51.000000,63,472.456976,51.909418,-1.616462,-4.731495
1,1,1,51.000000,64,107.976811,36.776196,0.026495,4.999930
1,1,1,51.000000,65,331.278142,484.120922,-4.240898,2.648544
1,1,1,51.000000,66,356.746705,100.991810,1.431229,-4.790781
1,1,1,51.000000,67,291.286926,167.208735,-4.765015,-1.514806
1,1,1,51.000000,68,438.565613,307.518865,2.906693,4.068309
1,1,1,51.000000,69,67.724288,272.977426,-4.121656,-2.830539
1,1,1,51.000000,70,384.574931,356.662165,3.705542,3.356927
1,1,1,51.000000,71,292.575812,30.012925,1.884702,4.631188
1,1,1,51.000000,72,363.325896,297.237852,-4.738665,1.595321
1,1,1,51.000000,73,427.909088,195.427892,-1.257550,4.839274
1,1,1,51.000000,74,281.169113,180.862991,3.550443,3.520562
1,1,1,51.000000,75,389.970502,13.308025,-4.764735,-1.515685
1,1,1,51.000000,76,476.121435,440.668865,-4.399939,-2.374981
1,1,1,51.000000,77,89.413475,317.846357,-4.993062,0.263302
1,1,1,51.000000,78,28.356678,22.253549,4.383118,-2.405884
1,1,1,51.000000,79,307.857656,425.528716,-2.503070,4.328353
1,1,1,51.000000,80,469.599204,271.411088,0.498215,-4.975116
1,1,1,51.000000,81,459.678613,252.991866,-2.665909,-4.230004
1,1,1,51.000000,82,319.991181,469.564125,4.985464,0.380979
1,1,1,51.000000,83,193.888769,410.355425,4.163158,-2.769136
1,1,1,51.000000,84,384.692816,338.399083,-2.940840,4.043694
1,1,1,51.000000,85,139.718717,32.279603,-3.481194,-3.589051
1,1,1,51.000000,86,66.869959,400.995997,-3.764375,-3.290817
1,1,1,51.000000,87,481.324568,159.132121,-4.902643,-0.981879
1,1,1,51.000000,88,162.464653,301.799399,-4.378476,2.414321
1,1,1,51.000000,89,325.977748,409.572561,-2.430483,-4.369526
1,1,1,51.000000,90,187.765720,78.794952,4.829447,-1.294774
1,1,1,51.000000,91,194.643191,180.329776,3.235000,-3.812450
1,1,1,51.000000,92,227.977407,296.440409,-2.639400,4.246595
1,1,1,51.000000,93,195.549494,200.149712,-3.238251,-3.809689
1,1,1,51.000000,94,52.198498,90.729635,-3.371521,-3.692269
1,1,1,51.000000,95,180.808817,117.376283,-0.131152,4.998280
1,1,1,51.000000,96,135.670370,436.672619,-0.003915,4.999998
1,1,1,51.000000,97,0.500177,286.653724,-4.691357,1.729500
1,1,1,51.000000,98,106.846971,328.049719,-3.848247,-3.192334
1,1,1,51.000000,99,467.577824,165.965742,-1.130178,4.870595
1,1,1,51.000000,100,154.365364,7.570250,3.715781,3.345590
1,1,1,51.000000,101,412.087903,8.953053,0.074458,-4.999446
1,1,1,51.000000,102,148.547235,201.460527,1.354773,4.812961
1,1,1,51.000000,103,397.480734,372.807547,2.462986,4.351287
1,1,1,51.000000,104,182.690562,235.112658,4.808370,-1.370976
1,1,1,51.000000,105,58.410152,205.215924,2.821213,4.128045
1,1,1,51.000000,106,297.896423,471.646105,2.382585,4.395826
1,1,1,51.000000,107,273.783389,498.821348,-4.996665,0.182581
1,1,1,51.000000,108,211.297758,15.148315,0.767683,4.940715
1,1,1,51.000000,109,485.110817,70.377083,3.492508,3.578043
1,1,1,51.000000,110,166.528053,70.581668,3.967157,-3.043298
1,1,1,51.000000,111,158.918584,182.224179,4.787098,1.443501
1,1,1,51.000000,112,229.463866,20.825587,-4.832572,1.283060
1,1,1,51.000000,113,133.388420,279.224928,1.822242,4.656118
1,1,1,51.000000,114,443.348941,68.332093,1.338161,-4.817606
1,1,1,51.000000,115,8.679222,457.652780,-4.600570,-1.958254
1,1,1,51.000000,116,62.878251,266.012635,-1.334791,-4.818541
1,1,1,51.000000,117,82.392943,127.511826,1.896219,4.626484
1,1,1,51.000000,118,8.176969,271.276460,-1.969325,-4.595842
1,1,1,51.000000,119,362.110679,248.505947,1.796763,4.666009
1,1,1,51.000000,120,486.052071,422.993436,-4.978990,0.457886
1,1,1,51.000000,121,494.075037,384.187470,4.802273,-1.392182
1,1,1,51.000000,122,285.784670,383.933100,4.959178,0.637614
1,1,1,51.000000,123,354.696604,384.479449,-2.047922,-4.561361
1,1,1,51.000000,124,454.772123,136.518046,-3.148590,3.884119
1,1,1,51.000000,125,366.005181,158.145958,-4.177015,2.748190
1,1,1,51.000000,126,60.231438,253.138263,-2.823035,-4.126799
1,1,1,51.000000,127,330.991220,233.401244,4.994740,0.229287
1,1,1,51.000000,128,430.237155,127.158048,-4.472839,-2.234662
1,1,1,51.000000,129,373.806666,365.118032,4.376226,2.418398
1,1,1,51.000000,130,314.457708,377.943962,4.420993,-2.335555
1,1,1,51.000000,131,49.965815,218.599570,4.409617,2.356964
1,1,1,51.000000,132,339.118571,457.962047,-2.510055,-4.324306
1,1,1,51.000000,133,34.215321,146.453731,-1.346562,-4.815264
1,1,1,51.000000,134,394.654445,273.246063,4.999886,-0.033749
1,1,1,51.000000,135,422.940140,129.034394,-3.727842,3.332146
1,1,1,51.000000,136,160.861774,439.344185,-3.248876,-3.800632
1,1,1,51.000000,137,398.548930,447.716506,2.425185,4.372468
1,1,1,51.000000,138,7.692378,205.445011,4.162612,2.769957
1,1,1,51.000000,139,159.928600,79.323387,4.949659,-0.707729
1,1,1,51.000000,140,284.427698,339.305924,-1.761680,-4.679368
1,1,1,51.000000,141,458.469004,377.458277,-4.250700,-2.632784
1,1,1,51.000000,142,416.358501,451.575736,4.375986,-2.418831
1,1,1,51.000000,143,390.233105,384.120682,-1.446874,4.786079
1,1,1,51.000000,144,448.171460,444.308918,4.868386,1.139659
1,1,1,51.000000,145,31.528898,145.617269,3.601447,-3.468368
1,1,1,51.000000,146,166.985453,305.064979,-2.815199,-4.132149
1,1,1,51.000000,147,139.490051,308.864872,2.304740,4.437136
1,1,1,51.000000,148,299.896296,217.742292,-4.965753,-0.584207
1,1,1,51.000000,149,491.571270,439.707950,4.185334,2.735503
1,1,1,52.000000,0,167.939290,123.798790,4.986680,0.364728
1,1,1,52.000000,1,64.650008,30.911616,-0.785426,4.937925
1,1,1,52.000000,2,232.030865,367.026842,4.054051,2.926546
1,1,1,52.000000,3,169.565674,370.009078,0.947781,4.909349
1,1,1,52.000000,4,476.500774,491.097817,3.757276,3.298921
1,1,1,52.000000,5,336.180364,331.441602,-0.314131,4.990122
1,1,1,52.000000,6,41.874983,204.994671,-1.328302,4.820333
1,1,1,52.000000,7,53.578240,466.872851,3.278930,3.774735
1,1,1,52.000000,8,81.752232,332.610629,-4.965823,-0.583614
1,1,1,52.000000,9,60.432015,418.594487,-2.659387,-4.234107
1,1,1,52.000000,10,332.260148,432.572802,-3.994752,-3.006984
1,1,1,52.000000,11,99.746287,53.051019,1.778724,-4.672916
1,1,1,52.000000,12,407.445088,412.279556,-1.543277,4.755870
1,1,1,52.000000,13,235.466312,473.540296,-3.971889,3.037120
1,1,1,52.000000,14,171.096728,290.929931,-2.106520,-4.534598
1,1,1,52.000000,15,284.532098,390.004087,-3.948987,3.066839
1,1,1,52.000000,16,16.453689,184.314441,-1.136963,-4.869016
1,1,1,52.000000,17,270.172342,488.130883,3.126165,-3.902190
1,1,1,52.000000,18,436.926432,368.954102,2.158105,4.510275
1,1,1,52.000000,19,415.012544,12.418479,4.674092,-1.775632
1,1,1,52.000000,20,215.125744,199.958126,-4.991826,0.285778
1,1,1,52.000000,21,383.233545,82.359081,2.834576,4.118881
1,1,1,52.000000,22,388.594020,122.832501,-4.998254,-0.132128
1,1,1,52.000000,23,390.496478,443.530765,2.312122,4.433293
1,1,1,52.000000,24,456.453625,79.770345,4.988569,-0.337899
1,1,1,52.000000,25,4.133899,238.135032,4.308100,-2.537769
1,1,1,52.000000,26,378.791828,403.270290,0.304476,-4.990721
1,1,1,52.000000,27,15.940770,262.896550,4.282393,2.580912
1,1,1,52.000000,28,413.874869,431.891796,-0.263790,-4.993037
1,1,1,52.000000,29,62.346202,265.459190,0.546696,4.970022
1,1,1,52.000000,30,99.670799,457.597041,-4.786570,-1.445250
1,1,1,52.000000,31,148.402218,58.927001,-2.280798,-4.449490
1,1,1,52.000000,32,16.445944,81.379672,0.224697,-4.994949
1,1,1,52.000000,33,383.629334,374.836001,-3.246845,-3.802368
1,1,1,52.000000,34,493.001601,175.874144,-3.391483,3.673941
1,1,1,52.000000,35,276.739943,369.073163,4.321958,2.514096
1,1,1,52.000000,36,283.333976,231.296946,-3.137535,-3.893055
1,1,1,52.000000,37,134.595610,269.472235,3.086093,-3.933959
1,1,1,52.000000,38,373.626561,145.194544,3.559098,3.511812
1,1,1,52.000000,39,318.208715,340.060063,-2.579205,4.283422
1,1,1,52.000000,40,299.951388,282.691041,4.999668,0.057636
1,1,1,52.000000,41,295.089722,144.939671,-4.223616,2.676017
1,1,1,52.000000,42,283.893252,181.038397,-2.858939,4.102007
1,1,1,52.000000,43,485.912613,384.911402,-4.836115,1.269643
1,1,1,52.000000,44,410.560229,160.978362,4.426384,2.325322
1,1,1,52.000000,45,358.611835,163.463949,0.809000,4.934118
1,1,1,52.000000,46,307.580486,202.265091,-4.940483,-0.769175
1,1,1,52.000000,47,123.068231,467.321800,4.884499,-1.068489
1,1,1,52.000000,48,452.207166,395.771750,2.389591,-4.392022
1,1,1,52.000000,49,267.340973,349.965815,-4.990733,-0.304276
1,1,1,52.000000,50,494.601974,147.309611,4.995588,0.209994
1,1,1,52.000000,51,433.977274,98.570022,4.964080,0.598254
1,1,1,52.000000,52,190.975486,233.392720,0.505041,-4.974428
1,1,1,52.000000,53,437.194033,23.528159,2.268982,-4.455527
1,1,1,52.000000,54,485.652197,389.540455,-3.231271,3.815611
1,1,1,52.000000,55,112.967524,366.597705,4.623061,-1.904550
1,1,1,52.000000,56,413.147581,22.369941,4.956392,-0.658924
1,1,1,52.000000,57,244.212209,296.145677,-1.718237,4.695494
1,1,1,52.000000,58,205.355189,107.844323,2.763629,4.166816
1,1,1,52.000000,59,2.169889,111.932592,-3.590811,3.479379
1,1,1,52.000000,60,361.312059,196.951106,1.763505,4.678680
1,1,1,52.000000,61,264.129880,378.244157,-1.907598,-4.621804
1,1,1,52.000000,62,331.169401,134.365420,3.503569,-3.567212
1,1,1,52.000000,63,476.953551,49.722911,4.496575,-2.186507
1,1,1,52.000000,64,112.507253,34.660754,4.530442,-2.115442
1,1,1,52.000000,65,327.037244,486.769466,1.021137,4.894617
1,1,1,52.000000,66,358.177934,96.201029,-2.223040,-4.478626
1,1,1,52.000000,67,286.521912,165.693930,-3.147112,-3.885317
1,1,1,52.000000,68,441.472305,311.587174,0.553730,-4.969244
1,1,1,52.000000,69,63.602632,270.146887,4.049593,-2.932712
1,1,1,52.000000,70,388.280473,360.019092,4.823961,1.315067
1,1,1,52.000000,71,294.460514,34.644112,2.032325,4.568332
1,1,1,52.000000,72,358.587230,298.833173,0.684341,4.952946
1,1,1,52.000000,73,426.651539,200.267166,-4.673236,1.777883
1,1,1,52.000000,74,284.719556,184.383553,-4.962053,-0.614841
1,1,1,52.000000,75,385.205767,11.792341,3.317448,-3.740927
1,1,1,52.000000,76,475.823943,435.677723,-0.297492,-4.991142
1,1,1,52.000000,77,84.420412,318.109660,4.595011,-1.971262
1,1,1,52.000000,78,31.740682,18.572718,3.384004,-3.680831
1,1,1,52.000000,79,305.354585,429.857069,-4.868959,-1.137205
1,1,1,52.000000,80,470.097419,266.435972,-4.822826,1.319223
1,1,1,52.000000,81,457.012704,248.761863,-1.076990,4.882632
1,1,1,52.000000,82,324.976645,469.945104,-3.460359,3.609143
1,1,1,52.000000,83,198.051927,407.586290,-4.925968,-0.857225
1,1,1,52.000000,84,381.751977,342.442777,-4.847323,1.226156
1,1,1,52.000000,85,136.237523,28.690552,0.826953,4.931141
1,1,1,52.000000,86,63.105583,397.705180,2.304844,-4.437081
1,1,1,52.000000,87,481.983936,164.088454,0.659368,4.956333
1,1,1,52.000000,88,158.086176,304.213720,-3.929776,3.091417
1,1,1,52.000000,89,323.547266,405.203035,4.823288,1.317532
1,1,1,52.000000,90,192.595167,77.500178,-1.707490,-4.699412
1,1,1,52.000000,91,197.878191,176.517326,4.344880,-2.474272
1,1,1,52.000000,92,225.338007,300.687004,-4.812467,1.356527
1,1,1,52.000000,93,192.311244,196.340022,-4.867583,-1.143081
1,1,1,52.000000,94,48.826977,87.037366,-0.142153,4.997979
1,1,1,52.000000,95,180.677665,122.374563,-3.766591,3.288281
1,1,1,52.000000,96,135.666455,441.672617,-4.914506,0.920668
1,1,1,52.000000,97,3.028864,290.195739,3.529041,3.542015
1,1,1,52.000000,98,102.998724,324.857385,-4.482520,-2.215178
1,1,1,52.000000,99,466.447646,170.836338,3.794684,3.255822
1,1,1,52.000000,100,156.197167,12.222615,1.831804,4.652365
1,1,1,52.000000,101,413.724549,13.677605,1.636646,4.724552
1,1,1,52.000000,102,149.902008,206.273488,-2.736078,4.184959
1,1,1,52.000000,103,399.943720,377.158834,4.532276,2.111509
1,1,1,52.000000,104,187.498932,233.741682,-4.020057,2.973070
1,1,1,52.000000,105,61.231365,209.343969,-4.529785,2.116848
1,1,1,52.000000,106,300.279008,476.041931,-4.135630,-2.810082
1,1,1,52.000000,107,277.279859,495.247177,3.496470,-3.574171
1,1,1,52.000000,108,212.065441,20.089030,-2.589731,-4.277066
1,1,1,52.000000,109,488.603324,73.955125,2.416246,4.377414
1,1,1,52.000000,110,170.495210,67.538369,-2.359297,4.408369
1,1,1,52.000000,111,163.705682,183.667680,-1.798074,4.665504
1,1,1,52.000000,112,224.464408,20.899222,-4.999458,0.073634
1,1,1,52.000000,113,135.210662,283.881045,4.421307,-2.334961
1,1,1,52.000000,114,444.687102,63.514488,4.148298,2.791348
1,1,1,52.000000,115,13.604993,456.794423,4.925771,-0.858358
1,1,1,52.000000,116,61.543460,261.194094,-4.986614,-0.365622
1,1,1,52.000000,117,84.289163,132.138310,1.108569,4.875559
1,1,1,52.000000,118,6.207645,266.680618,2.071092,-4.550888
1,1,1,52.000000,119,363.907441,253.171956,4.481240,-2.217767
1,1,1,52.000000,120,481.073081,423.451323,-4.702946,1.697734
1,1,1,52.000000,121,496.064714,388.774537,1.989676,4.587067
1,1,1,52.000000,122,290.743848,384.570714,-4.917184,0.906256
1,1,1,52.000000,123,352.648682,379.918087,-4.804613,1.384087
1,1,1,52.000000,124,451.623533,140.402165,0.373000,4.986068
1,1,1,52.000000,125,361.828166,160.894147,-1.593853,-4.739159
1,1,1,52.000000,126,57.408403,249.011463,4.704133,-1.694442
1,1,1,52.000000,127,335.985960,233.630531,4.697569,1.712555
1,1,1,52.000000,128,425.764316,124.923386,0.634008,4.959640
1,1,1,52.000000,129,378.182892,367.536430,-3.323939,3.735161
1,1,1,52.000000,130,318.878702,375.608407,-2.150740,4.513792
1,1,1,52.000000,131,54.375432,220.956533,-1.685866,4.707213
1,1,1,52.000000,132,336.608516,453.637741,3.192612,3.848017
1,1,1,52.000000,133,32.868759,141.638467,-4.375919,2.418953
1,1,1,52.000000,134,399.654331,273.212314,4.983056,-0.411278
1,1,1,52.000000,135,419.212299,132.366540,-2.313314,4.432672
1,1,1,52.000000,136,157.612898,435.543553,-1.474283,4.777708
1,1,1,52.000000,137,400.974115,452.088975,4.884576,-1.068138
1,1,1,52.000000,138,12.304746,203.514708,4.612367,-1.930302
1,1,1,52.000000,139,164.878258,78.615659,0.007141,-4.999995
1,1,1,52.000000,140,282.666018,334.626556,-3.177968,-3.860119
1,1,1,52.000000,141,454.218304,374.825493,2.409798,-4.380967
1,1,1,52.000000,142,420.734488,449.156904,-2.955648,4.032883
1,1,1,52.000000,143,388.786231,388.906761,0.088128,-4.999223
1,1,1,52.000000,144,453.039845,445.448577,-4.771356,1.494710
1,1,1,52.000000,145,35.130345,142.148901,-3.001768,-3.998674
1,1,1,52.000000,146,164.170253,300.932831,1.143435,-4.867500
1,1,1,52.000000,147,141.794791,313.302008,-3.805932,-3.242666
1,1,1,52.000000,148,294.930543,217.158086,-3.114173,3.911768
1,1,1,52.000000,149,495.756604,442.443453,4.157106,2.778213
1,1,1,53.000000,0,172.925969,124.163518,-4.996439,0.188679
1,1,1,53.000000,1,63.864582,35.849541,-1.867943,-4.637972
1,1,1,53.000000,2,236.084917,369.953387,4.868259,1.140201
1,1,1,53.000000,3,170.513455,374.918427,4.518087,2.141703
1,1,1,53.000000,4,480.258049,494.396738,3.814986,-3.232010
1,1,1,53.000000,5,335.866233,336.431724,3.961929,3.050101
1,1,1,53.000000,6,40.546681,209.815005,-0.429046,4.981558
1,1,1,53.000000,7,48.939361,468.738541,-4.638879,1.865690
1,1,1,53.000000,8,76.786410,332.027015,-3.932714,-3.087678
1,1,1,53.000000,9,57.772628,414.360380,-3.920586,3.103064
1,1,1,53.000000,10,328.265396,429.565818,-3.725742,-3.334493
1,1,1,53.000000,11,101.525010,48.378103,3.254689,3.795655
1,1,1,53.000000,12,405.901811,417.035426,4.721768,-1.644661
1,1,1,53.000000,13,231.494423,476.577416,-1.192571,-4.855695
1,1,1,53.000000,14,168.990208,286.395334,-1.542657,-4.756071
1,1,1,53.000000,15,280.583110,393.070926,3.494705,-3.575896
1,1,1,53.000000,16,20.756692,181.768040,4.303004,-2.546401
1,1,1,53.000000,17,270.861786,493.083121,0.689444,4.952239
1,1,1,53.000000,18,439.084537,373.464377,3.148499,3.884193
1,1,1,53.000000,19,416.133238,7.545692,1.120694,-4.872786
1,1,1,53.000000,20,210.133918,200.243904,2.287865,-4.445860
1,1,1,53.000000,21,386.068121,86.477961,3.417405,3.649842
1,1,1,53.000000,22,383.595766,122.700372,-4.642651,1.856285
1,1,1,53.000000,23,392.808600,447.964058,-2.685464,-4.217616
1,1,1,53.000000,24,461.442194,79.432447,1.829246,-4.653371
1,1,1,53.000000,25,8.433707,235.583239,4.299808,-2.551794
1,1,1,53.000000,26,379.096304,398.279569,1.083981,4.881085
1,1,1,53.000000,27,20.223164,265.477462,-4.012671,-2.983031
1,1,1,53.000000,28,413.611079,426.898759,4.959273,0.636873
1,1,1,53.000000,29,62.892899,270.429213,4.801565,-1.394625
1,1,1,53.000000,30,94.884229,456.151791,4.575310,-2.016565
1,1,1,53.000000,31,146.121419,54.477512,-3.965198,3.045851
1,1,1,53.000000,32,21.294582,80.158723,4.848637,-1.220948
1,1,1,53.000000,33,380.382490,371.033633,4.999962,0.019400
1,1,1,53.000000,34,497.940072,175.092156,4.938471,-0.781988
1,1,1,53.000000,35,281.061901,371.587259,-3.530251,-3.540808
1,1,1,53.000000,36,280.196441,227.403892,3.364414,-3.698746
1,1,1,53.000000,37,137.681703,265.538276,-1.277344,4.834087
1,1,1,53.000000,38,377.185659,148.706356,-4.901694,0.986606
1,1,1,53.000000,39,315.629509,344.343485,-3.324297,3.734843
1,1,1,53.000000,40,304.951056,282.748677,-3.202788,-3.839551
1,1,1,53.000000,41,290.866107,147.615689,-3.244061,-3.804743
1,1,1,53.000000,42,281.034312,185.140404,4.967054,0.573037
1,1,1,53.000000,43,489.650002,381.589969,3.737389,-3.321434
1,1,1,53.000000,44,414.986613,163.303684,2.394304,4.389454
1,1,1,53.000000,45,359.420835,168.398067,1.544580,-4.755447
1,1,1,53.000000,46,302.640003,201.495916,-4.978408,0.464169
1,1,1,53.000000,47,127.952730,466.253311,-4.965929,-0.582709
1,1,1,53.000000,48,454.596757,391.379728,-3.756109,-3.300250
1,1,1,53.000000,49,262.350240,349.661539,-4.040622,2.945060
1,1,1,53.000000,50,491.869943,151.497213,-2.732031,4.187601
1,1,1,53.000000,51,438.941354,99.168276,-3.383485,-3.681308
1,1,1,53.000000,52,191.480527,228.418292,-4.354244,2.457755
1,1,1,53.000000,53,439.463015,19.072632,-4.150191,-2.788533
1,1,1,53.000000,54,482.420926,393.356066,-2.869483,-4.094639
1,1,1,53.000000,55,117.590585,364.693155,-4.930083,-0.833238
1,1,1,53.000000,56,418.103973,21.711017,-4.929906,-0.834281
1,1,1,53.000000,57,242.493972,300.841171,2.288444,-4.445562
1,1,1,53.000000,58,208.118818,112.011139,0.081636,4.999334
1,1,1,53.000000,59,1.975246,109.136550,4.145135,-2.796043
1,1,1,53.000000,60,363.075564,201.629786,-0.671206,4.954743
1,1,1,53.000000,61,262.222282,373.622354,2.909615,4.066220
1,1,1,53.000000,62,334.672970,130.798208,-2.446743,4.360442
1,1,1,53.000000,63,474.563714,54.114799,-2.389837,4.391888
1,1,1,53.000000,64,117.504052,34.481853,4.996798,-0.178901
1,1,1,53.000000,65,328.058381,491.664083,2.904099,4.070161
1,1,1,53.000000,66,355.954894,91.722403,1.935229,4.610303
1,1,1,53.000000,67,283.374799,161.808613,-4.700183,1.705367
1,1,1,53.000000,68,442.026036,306.617930,2.794723,4.146025
1,1,1,53.000000,69,67.652225,267.214175,-3.446719,-3.622172
1,1,1,53.000000,70,393.104434,361.334158,1.903939,4.623312
1,1,1,53.000000,71,296.492839,39.212444,-3.142790,3.888813
1,1,1,53.000000,72,359.271572,303.786120,-4.992392,0.275713
1,1,1,53.000000,73,421.978303,202.045049,4.124194,2.826841
1,1,1,53.000000,74,279.757503,183.768712,4.940811,-0.767066
1,1,1,53.000000,75,388.523215,8.051413,-4.410981,2.354410
1,1,1,53.000000,76,470.868629,435.010737,-4.955313,-0.666986
1,1,1,53.000000,77,89.015423,316.138398,1.470535,4.778863
1,1,1,53.000000,78,33.490585,13.888932,1.749902,-4.683785
1,1,1,53.000000,79,300.485626,428.719864,-2.571589,4.287999
1,1,1,53.000000,80,465.274593,267.755195,4.236840,-2.655031
1,1,1,53.000000,81,455.935714,253.644495,-4.987623,0.351586
1,1,1,53.000000,82,321.516286,473.554247,2.094661,4.540087
1,1,1,53.000000,83,193.125959,406.729064,-2.144169,-4.516917
1,1,1,53.000000,84,376.904654,343.668934,4.804923,1.383011
1,1,1,53.000000,85,137.064476,33.621693,4.366505,2.435905
1,1,1,53.000000,86,65.410428,393.268098,-1.963693,4.598251
1,1,1,53.000000,87,480.570143,159.292498,-1.413793,-4.795955
1,1,1,53.000000,88,154.156400,307.305137,-2.871745,-4.093053
1,1,1,53.000000,89,328.370554,406.520567,2.064320,4.553964
1,1,1,53.000000,90,190.887677,72.800766,-0.461821,4.978626
1,1,1,53.000000,91,202.223070,174.043054,0.309346,-4.990421
1,1,1,53.000000,92,220.525541,302.043531,4.158573,2.776018
1,1,1,53.000000,93,187.443660,195.196941,-4.864498,-1.156141
1,1,1,53.000000,94,48.684824,92.035345,4.354961,-2.456485
1,1,1,53.000000,95,176.911074,125.662844,-0.040320,-4.999837
1,1,1,53.000000,96,130.751949,442.593285,2.473735,-4.345185
1,1,1,53.000000,97,5.476467,294.555698,2.447603,4.359959
1,1,1,53.000000,98,98.516204,322.642207,-4.380083,2.411405
1,1,1,53.000000,99,470.242330,174.092159,4.295932,2.558314
1,1,1,53.000000,100,155.366975,17.153211,-0.830192,4.930596
1,1,1,53.000000,101,417.935570,16.373399,4.211021,2.695794
1,1,1,53.000000,102,147.165931,210.458446,3.816125,-3.230664
1,1,1,53.000000,103,404.475996,379.270343,4.872550,-1.121721
1,1,1,53.000000,104,183.478876,236.714752,4.996730,0.180814
1,1,1,53.000000,105,56.701580,211.460817,0.675078,4.954217
1,1,1,53.000000,106,296.143377,473.231849,3.654089,-3.412863
1,1,1,53.000000,107,274.053521,491.427394,-3.226338,-3.819783
1,1,1,53.000000,108,209.475710,15.811964,-2.621907,-4.257417
1,1,1,53.000000,109,491.019571,78.332540,3.329198,3.730474
1,1,1,53.000000,110,168.135913,71.946738,2.836200,-4.117763
1,1,1,53.000000,111,161.907608,188.333184,4.614009,-1.926375
1,1,1,53.000000,112,223.525566,25.810289,-0.938841,4.911067
1,1,1,53.000000,113,139.631969,281.546085,0.622114,4.961146
1,1,1,53.000000,114,448.835400,66.305835,-0.676636,4.954005
1,1,1,53.000000,115,18.294750,455.060591,4.689758,-1.733832
1,1,1,53.000000,116,56.556846,260.828473,-2.442877,-4.362608
1,1,1,53.000000,117,85.397731,137.013869,4.999633,0.060598
1,1,1,53.000000,118,8.278736,262.129730,0.710380,4.949279
1,1,1,53.000000,119,368.388681,250.954190,-3.113890,-3.911993
1,1,1,53.000000,120,476.370136,425.149057,-4.998983,0.100846
1,1,1,53.000000,121,499.985371,385.708893,-3.949915,-3.065644
1,1,1,53.000000,122,285.826664,385.476970,-1.441135,4.787811
1,1,1,53.000000,123,347.844069,381.302174,-4.953580,0.679740
1,1,1,53.000000,124,451.996533,145.388232,3.835002,-3.208233
1,1,1,53.000000,125,360.234312,156.154988,-2.409433,-4.381168
1,1,1,53.000000,126,62.112536,247.317021,-4.834568,-1.275521
1,1,1,53.000000,127,340.683529,235.343086,0.344405,-4.988124
1,1,1,53.000000,128,426.398324,129.883026,-4.993317,0.258437
1,1,1,53.000000,129,374.858953,371.271591,4.999335,0.081546
1,1,1,53.000000,130,316.727961,380.122199,-4.211513,-2.695024
1,1,1,53.000000,131,52.689566,225.663746,1.390123,-4.802870
1,1,1,53.000000,132,339.801128,457.485757,4.959086,-0.638330
1,1,1,53.000000,133,28.492840,144.057420,-4.528997,2.118534
1,1,1,53.000000,134,404.637387,272.801036,4.524898,2.127275
1,1,1,53.000000,135,416.898985,136.799212,4.193921,2.722320
1,1,1,53.000000,136,156.138615,440.321261,3.744189,3.313766
1,1,1,53.000000,137,405.858691,451.020836,-2.622947,4.256777
1,1,1,53.000000,138,8.738901,207.019669,-3.565845,3.504961
1,1,1,53.000000,139,164.885399,73.615664,4.996347,-0.191097
1,1,1,53.000000,140,279.488050,330.766437,-4.843685,1.240452
1,1,1,53.000000,141,456.628103,370.444526,-4.616565,-1.920242
1,1,1,53.000000,142,417.778840,453.189787,-1.494245,-4.771502
1,1,1,53.000000,143,388.874359,383.907538,-3.223583,3.822108
1,1,1,53.000000,144,448.268489,446.943287,-2.475688,-4.344073
1,1,1,53.000000,145,32.128578,138.150228,-1.609855,-4.733748
1,1,1,53.000000,146,165.313688,296.065331,-4.944283,-0.744354
1,1,1,53.000000,147,137.988859,310.059343,1.990569,4.586680
1,1,1,53.000000,148,291.816371,221.069853,-0.414982,4.982749
1,1,1,53.000000,149,499.913710,445.221666,4.870483,-1.130662
1,1,1,54.000000,0,167.929530,124.352197,2.954589,-4.033659
1,1,1,54.000000,1,61.996639,31.211569,1.939497,4.608509
1,1,1,54.000000,2,240.953175,371.093588,-4.950444,-0.702215
1,1,1,54.000000,3,175.031541,377.060130,-0.909651,4.916557
1,1,1,54.000000,4,484.073035,491.164728,1.654842,-4.718209
1,1,1,54.000000,5,339.828162,339.481825,-4.061904,-2.915636
1,1,1,54.000000,6,40.117635,214.796563,4.205721,2.704055
1,1,1,54.000000,7,44.572252,471.173365,-4.367108,2.434824
1,1,1,54.000000,8,72.853695,328.939337,-0.299305,4.991034
1,1,1,54.000000,9,53.852042,417.463444,-4.993811,-0.248704
1,1,1,54.000000,10,324.539654,426.231324,-3.488282,-3.582163
1,1,1,54.000000,11,104.779699,52.173759,2.361002,4.407456
1,1,1,54.000000,12,410.623578,415.390765,-1.129785,4.870686
1,1,1,54.000000,13,230.301852,471.721721,-0.065345,-4.999573
1,1,1,54.000000,14,167.447551,281.639263,3.904454,-3.123337
1,1,1,54.000000,15,284.077816,389.495030,-4.387499,-2.397884
1,1,1,54.000000,16,20.769411,186.768024,0.012719,4.999984
1,1,1,54.000000,17,269.455901,488.284842,-1.405885,-4.798280
1,1,1,54.000000,18,442.233036,377.348570,-4.851908,1.207887
1,1,1,54.000000,19,420.850172,9.204167,4.716934,1.658474
1,1,1,54.000000,20,212.421782,195.798043,0.463183,4.978500
1,1,1,54.000000,21,389.485525,90.127803,4.560850,2.049060
1,1,1,54.000000,22,378.953115,124.556657,4.660150,1.811906
1,1,1,54.000000,23,390.123135,443.746443,4.565713,-2.038201
1,1,1,54.000000,24,463.271441,74.779076,0.221464,-4.995093
1,1,1,54.000000,25,10.519018,240.127628,2.085311,4.544390
1,1,1,54.000000,26,380.180285,403.160653,3.822512,-3.223104
1,1,1,54.000000,27,16.210493,262.494431,-4.842807,-1.243873
1,1,1,54.000000,28,418.570353,427.535631,4.983792,-0.402271
1,1,1,54.000000,29,67.694463,269.034588,4.421052,-2.335445
1,1,1,54.000000,30,99.459539,454.135226,2.089057,4.542669
1,1,1,54.000000,31,142.156221,57.523362,-1.429906,4.791176
1,1,1,54.000000,32,16.727728,78.123079,-4.566854,-2.035644
1,1,1,54.000000,33,385.382452,371.053034,1.642496,-4.722521
1,1,1,54.000000,34,493.455172,172.881799,-4.484899,-2.210357
1,1,1,54.000000,35,277.531650,368.046450,3.817532,-3.229002
1,1,1,54.000000,36,283.560855,223.705146,-2.508990,4.324924
1,1,1,54.000000,37,136.404359,270.372363,-4.176481,-2.749001
1,1,1,54.000000,38,372.283965,149.692962,4.999961,-0.019623
1,1,1,54.000000,39,312.305212,348.078327,3.710468,-3.351481
1,1,1,54.000000,40,301.748268,278.909126,2.500175,-4.330026
1,1,1,54.000000,41,287.622045,143.810946,-2.254471,4.462887
1,1,1,54.000000,42,286.001366,185.713442,4.733961,1.609227
1,1,1,54.000000,43,489.496483,386.587611,-0.153519,4.997643
1,1,1,54.000000,44,417.380917,167.693138,4.758992,1.533622
1,1,1,54.000000,45,360.965415,163.642620,-3.926963,-3.094990
1,1,1,54.000000,46,297.661595,201.960085,0.332434,-4.988937
1,1,1,54.000000,47,122.986802,465.670602,-4.365919,2.436955
1,1,1,54.000000,48,450.840648,388.079479,-4.266476,2.607141
1,1,1,54.000000,49,258.309619,352.606599,3.659515,3.407044
1,1,1,54.000000,50,492.215010,146.509134,0.345067,-4.988079
1,1,1,54.000000,51,435.557869,95.486968,4.935279,0.801884
1,1,1,54.000000,52,187.126282,230.876046,-3.490303,3.580193
1,1,1,54.000000,53,435.312824,16.284099,0.644423,-4.958298
1,1,1,54.000000,54,479.551443,389.261427,-0.347318,-4.987922
1,1,1,54.000000,55,112.660502,363.859917,1.213862,-4.850416
1,1,1,54.000000,56,413.174067,20.876737,-4.888122,1.051791
1,1,1,54.000000,57,244.782417,296.395609,-1.048683,-4.888790
1,1,1,54.000000,58,208.200454,117.010473,1.350648,-4.814120
1,1,1,54.000000,59,6.942464,108.564932,4.967218,-0.571618
1,1,1,54.000000,60,362.404358,206.584530,-3.535002,3.536066
1,1,1,54.000000,61,265.131897,377.688573,4.344388,2.475135
1,1,1,54.000000,62,332.226227,135.158649,-4.951229,-0.696658
1,1,1,54.000000,63,475.481476,59.029849,0.917762,4.915050
1,1,1,54.000000,64,122.142534,36.348531,4.638482,1.866678
1,1,1,54.000000,65,330.962479,495.734244,0.847104,-4.927719
1,1,1,54.000000,66,357.890123,96.332705,-4.403245,2.368846
1,1,1,54.000000,67,278.674616,163.513980,-0.307639,-4.990527
1,1,1,54.000000,68,444.820759,310.763955,-4.740945,-1.588535
1,1,1,54.000000,69,64.205506,263.592003,-4.938161,0.783941
1,1,1,54.000000,70,395.008373,365.957471,0.495621,4.975375
1,1,1,54.000000,71,293.350049,43.101257,-4.286543,2.574013
1,1,1,54.000000,72,354.279179,304.061832,4.932947,-0.816111
1,1,1,54.000000,73,426.102497,204.871890,-4.688287,-1.737806
1,1,1,54.000000,74,284.698313,183.001646,-2.627749,-4.253814
1,1,1,54.000000,75,384.112234,10.405823,4.983733,0.402998
1,1,1,54.000000,76,471.912542,439.900547,1.043913,4.889810
1,1,1,54.000000,77,90.485958,320.917260,-0.379233,4.985598
1,1,1,54.000000,78,35.932947,9.526036,2.442362,-4.362897
1,1,1,54.000000,79,297.914037,433.007862,2.555414,-4.297658
1,1,1,54.000000,80,469.511433,265.100164,2.914829,4.062483
1,1,1,54.000000,81,450.948091,253.996080,-4.994383,0.236945
1,1,1,54.000000,82,323.610948,478.094335,-2.597898,4.272110
1,1,1,54.000000,83,190.981790,402.212147,-1.967997,-4.596411
1,1,1,54.000000,84,381.709576,345.051944,1.688176,4.706385
1,1,1,54.000000,85,141.430981,36.057598,-4.681596,-1.755750
1,1,1,54.000000,86,63.446735,397.866349,-2.490854,4.335395
1,1,1,54.000000,87,484.213091,155.867746,3.642948,-3.424752
1,1,1,54.000000,88,151.284655,303.212085,3.063704,-3.951420
1,1,1,54.000000,89,330.434874,411.074530,-3.968188,-3.041954
1,1,1,54.000000,90,190.425856,77.779393,1.442701,4.787339
1,1,1,54.000000,91,202.532416,169.052632,4.235314,2.657465
1,1,1,54.000000,92,224.684113,304.819549,-2.380853,4.396764
1,1,1,54.000000,93,182.579163,194.040800,2.044574,4.562863
1,1,1,54.000000,94,53.039785,89.578860,0.725531,-4.947080
1,1,1,54.000000,95,176.870754,120.663006,-2.907670,4.067610
1,1,1,54.000000,96,133.225683,438.248100,-4.991462,-0.292074
1,1,1,54.000000,97,10.277980,293.160897,4.801513,-1.394802
1,1,1,54.000000,98,94.136122,325.053612,4.995974,0.200601
1,1,1,54.000000,99,474.538262,176.650473,2.515473,-4.321157
1,1,1,54.000000,100,157.910335,21.458013,2.543360,4.304802
1,1,1,54.000000,101,413.042430,17.401593,-4.893140,1.028194
1,1,1,54.000000,102,150.982055,207.227782,3.043429,3.967057
1,1,1,54.000000,103,409.348546,378.148623,-1.292606,-4.830028
1,1,1,54.000000,104,188.475605,236.895565,2.367974,4.403714
1,1,1,54.000000,105,57.376658,216.415034,-3.446101,3.622759
1,1,1,54.000000,106,299.797466,469.818986,-0.847039,-4.927730
1,1,1,54.000000,107,269.589424,489.175319,-4.464096,-2.252075
1,1,1,54.000000,108,206.853803,11.554547,-4.961551,-0.618879
1,1,1,54.000000,109,494.348769,82.063014,3.783581,3.268717
1,1,1,54.000000,110,170.972113,67.828975,-4.456941,2.266203
1,1,1,54.000000,111,166.521617,186.406810,2.733391,4.186714
1,1,1,54.000000,112,227.899574,28.232695,4.374008,2.422407
1,1,1,54.000000,113,140.254084,286.507231,2.548771,4.301600
1,1,1,54.000000,114,448.158764,71.259840,-1.729125,-4.691495
1,1,1,54.000000,115,14.954432,458.781111,-3.340318,3.720521
1,1,1,54.000000,116,54.113969,256.465864,-4.374584,-2.421366
1,1,1,54.000000,117,90.397364,137.074467,-1.357884,-4.812084
1,1,1,54.000000,118,8.989116,267.079009,2.297004,4.441145
1,1,1,54.000000,119,365.274791,247.042197,-4.960806,0.624821
1,1,1,54.000000,120,471.371153,425.249902,3.874804,-3.160047
1,1,1,54.000000,121,496.717548,389.493247,-3.267823,3.784353
1,1,1,54.000000,122,284.385529,390.264781,-0.700745,4.950652
1,1,1,54.000000,123,342.890489,381.981915,1.402937,-4.799142
1,1,1,54.000000,124,455.831535,142.179999,-4.748808,-1.564870
1,1,1,54.000000,125,357.824880,151.773820,-4.897910,-1.005223
1,1,1,54.000000,126,57.277968,246.041501,2.463627,-4.350924
1,1,1,54.000000,127,341.027935,230.354962,-4.684661,-1.747557
1,1,1,54.000000,128,421.405008,130.141463,-2.000916,4.582176
1,1,1,54.000000,129,379.858288,371.353137,-4.505071,-2.168949
1,1,1,54.000000,130,312.516448,377.427175,4.640188,1.862433
1,1,1,54.000000,131,54.079689,220.860877,-3.285902,3.768667
1,1,1,54.000000,132,344.760214,456.847427,-0.613606,-4.962206
1,1,1,54.000000,133,23.963843,146.175954,-3.172438,-3.864665
1,1,1,54.000000,134,409.162285,274.928311,-4.643782,1.853452
1,1,1,54.000000,135,421.092906,139.521532,4.987195,-0.357612
1,1,1,54.000000,136,159.882804,443.635027,-0.393339,4.984504
1,1,1,54.000000,137,403.235744,455.277613,-2.344425,4.416296
1,1,1,54.000000,138,12.690413,203.956085,3.951513,-3.063584
1,1,1,54.000000,139,169.881746,73.424567,4.388510,-2.396034
1,1,1,54.000000,140,274.644366,332.006889,4.998076,0.138692
1,1,1,54.000000,141,452.011538,368.524285,3.626280,-3.442396
1,1,1,54.000000,142,416.284595,448.418285,4.852153,1.206900
1,1,1,54.000000,143,385.650776,387.729646,-1.283532,4.832447
1,1,1,54.000000,144,445.792801,442.599214,-4.244599,-2.642609
1,1,1,54.000000,145,30.518723,133.416480,4.962582,0.610554
1,1,1,54.000000,146,160.369405,295.320977,-2.868302,4.095466
1,1,1,54.000000,147,139.979428,314.646023,3.374713,-3.689351
1,1,1,54.000000,148,291.401388,226.052603,1.146957,-4.866671
1,1,1,54.000000,149,495.215807,444.091004,-4.870483,-1.130662
1,1,1,55.000000,0,170.884119,120.318538,4.342540,2.478376
1,1,1,55.000000,1,63.936136,35.820078,-3.720360,3.340497
1,1,1,55.000000,2,236.002731,370.391374,4.965899,-0.582968
1,1,1,55.000000,3,174.121890,381.976687,-4.298316,2.554306
1,1,1,55.000000,4,485.727877,486.446519,-2.262270,4.458939
1,1,1,55.000000,5,335.766258,336.566189,-2.525724,-4.315173
1,1,1,55.000000,6,44.323356,217.500618,-4.190723,-2.727241
1,1,1,55.000000,7,47.371606,467.030465,2.799354,-4.142900
1,1,1,55.000000,8,72.554390,333.930371,-4.734091,-1.608844
1,1,1,55.000000,9,48.858231,417.214740,2.448114,-4.359672
1,1,1,55.000000,10,321.051372,422.649161,4.991387,0.293355
1,1,1,55.000000,11,107.140701,56.581215,-2.902100,4.071587
1,1,1,55.000000,12,409.493793,420.261451,-2.357889,4.409123
1,1,1,55.000000,13,230.236507,466.722148,-4.929292,0.837904
1,1,1,55.000000,14,171.352005,278.515926,-3.582032,3.488416
1,1,1,55.000000,15,279.690316,387.097145,0.555999,4.968990
1,1,1,55.000000,16,22.472170,182.066895,1.702759,-4.701129
1,1,1,55.000000,17,272.946795,491.864459,3.490894,3.579618
1,1,1,55.000000,18,437.381128,378.556457,0.171775,-4.997048
1,1,1,55.000000,19,417.405815,5.579749,-3.444357,-3.624418
1,1,1,55.000000,20,212.884965,200.776543,2.530283,-4.312501
1,1,1,55.000000,21,394.046375,92.176863,-4.970625,0.541193
1,1,1,55.000000,22,383.613265,126.368563,2.114501,4.530882
1,1,1,55.000000,23,394.688849,441.708242,4.923705,0.870130
1,1,1,55.000000,24,463.492905,69.783983,-4.755660,1.543922
1,1,1,55.000000,25,6.723879,243.382920,-3.795139,3.255291
1,1,1,55.000000,26,384.002797,399.937549,-2.441394,-4.363439
1,1,1,55.000000,27,11.367686,261.250558,-4.048744,-2.933883
1,1,1,55.000000,28,423.554144,427.133361,-3.293121,-3.762360
1,1,1,55.000000,29,72.115515,266.699143,4.662592,1.805613
1,1,1,55.000000,30,101.548596,458.677895,-4.821533,1.323941
1,1,1,55.000000,31,140.726315,62.314538,3.205982,-3.836884
1,1,1,55.000000,32,15.558357,73.261744,-1.169371,-4.861334
1,1,1,55.000000,33,387.024948,366.330513,0.059523,-4.999646
1,1,1,55.000000,34,496.733017,169.106122,3.277845,-3.775676
1,1,1,55.000000,35,281.349181,364.817449,2.536832,4.308652
1,1,1,55.000000,36,281.051865,228.030070,-0.695608,4.951376
1,1,1,55.000000,37,132.227878,267.623362,4.915413,0.915811
1,1,1,55.000000,38,377.283926,149.673340,-0.794416,-4.936487
1,1,1,55.000000,39,316.015681,344.726846,-3.190809,-3.849512
1,1,1,55.000000,40,304.248443,274.579100,-4.464471,-2.251332
1,1,1,55.000000,41,285.367574,148.273833,4.802926,1.389930
1,1,1,55.000000,42,290.735328,187.322669,4.106350,-2.852699
1,1,1,55.000000,43,484.978368,384.445967,-4.518115,-2.141644
1,1,1,55.000000,44,422.139909,169.226760,0.860282,4.925436
1,1,1,55.000000,45,357.038452,160.547630,-0.871059,-4.923541
1,1,1,55.000000,46,297.994029,196.971149,3.204407,-3.838199
1,1,1,55.000000,47,118.620883,468.107557,-4.152782,-2.784672
1,1,1,55.000000,48,446.574172,390.686620,-3.201710,3.840450
1,1,1,55.000000,49,261.969134,356.013644,0.870914,4.923567
1,1,1,55.000000,50,490.488783,151.201696,-1.726227,4.692562
1,1,1,55.000000,51,440.493148,96.288852,-4.744096,1.579100
1,1,1,55.000000,52,183.635979,234.456239,-3.407284,-3.659292
1,1,1,55.000000,53,435.957246,11.325801,4.954722,-0.671361
1,1,1,55.000000,54,479.204125,384.273505,4.703742,-1.695527
1,1,1,55.000000,55,113.874364,359.009500,-3.927539,-3.094259
1,1,1,55.000000,56,408.285945,21.928528,4.112050,-2.844476
1,1,1,55.000000,57,243.733734,291.506819,-1.415935,4.795324
1,1,1,55.000000,58,209.551103,112.196353,-3.561317,-3.509561
1,1,1,55.000000,59,5.923022,103.669961,-1.019442,-4.894971
1,1,1,55.000000,60,358.869356,210.120595,-1.637239,4.724346
1,1,1,55.000000,61,269.476285,380.163708,-4.986696,-0.364498
1,1,1,55.000000,62,327.274998,134.461992,4.842942,1.243346
1,1,1,55.000000,63,479.636188,56.248057,4.154712,-2.781792
1,1,1,55.000000,64,118.113567,33.387546,-4.028966,-2.960985
1,1,1,55.000000,65,331.809583,490.806525,-2.322542,4.427843
1,1,1,55.000000,66,353.486878,98.701551,4.783904,-1.454051
1,1,1,55.000000,67,278.366977,158.523453,-4.754081,1.548777
1,1,1,55.000000,68,440.079814,309.175421,4.133354,2.813429
1,1,1,55.000000,69,59.267345,264.375944,4.612369,-1.930298
1,1,1,55.000000,70,395.503994,370.932846,2.500831,4.329647
1,1,1,55.000000,71,289.063505,45.675271,2.685699,-4.217466
1,1,1,55.000000,72,359.212126,303.245722,-0.342904,-4.988228
1,1,1,55.000000,73,421.414210,203.134084,-1.917805,4.617578
1,1,1,55.000000,74,282.070564,178.747832,4.279542,-2.585638
1,1,1,55.000000,75,389.095967,10.808821,-4.559773,-2.051456
1,1,1,55.000000,76,469.596524,444.331807,-2.316018,4.431260
1,1,1,55.000000,77,90.106725,325.902858,4.880699,1.085715
1,1,1,55.000000,78,31.483113,7.245908,-4.449834,-2.280127
1,1,1,55.000000,79,300.469451,428.710205,3.840795,-3.201296
1,1,1,55.000000,80,472.426262,269.162647,-4.610475,1.934817
1,1,1,55.000000,81,445.953708,254.233026,3.984778,3.020190
1,1,1,55.000000,82,321.013050,482.366445,-3.368834,-3.694720
1,1,1,55.000000,83,189.013793,397.615737,4.944182,0.745027
1,1,1,55.000000,84,383.397752,349.758330,3.617051,3.452092
1,1,1,55.000000,85,136.749385,34.301848,3.952862,-3.061843
1,1,1,55.000000,86,60.955881,402.201744,-4.034244,2.953790
1,1,1,55.000000,87,485.668977,160.651092,1.455886,4.783346
1,1,1,55.000000,88,154.348359,299.260665,0.230527,4.994683
1,1,1,55.000000,89,326.466686,408.032576,-1.734970,4.689337
1,1,1,55.000000,90,191.868557,82.566732,2.621864,-4.257444
1,1,1,55.000000,91,206.767730,171.710097,-0.207991,4.995672
1,1,1,55.000000,92,222.303260,309.216313,-4.981426,-0.430576
1,1,1,55.000000,93,184.623737,198.603663,3.927247,3.094630
1,1,1,55.000000,94,53.765315,84.631779,4.992333,0.276795
1,1,1,55.000000,95,173.963084,124.730617,-0.231566,4.994635
1,1,1,55.000000,96,128.234221,437.956026,2.771029,4.161898
1,1,1,55.000000,97,10.379251,298.159871,0.101271,4.998974
1,1,1,55.000000,98,99.132096,325.254213,3.174389,3.863063
1,1,1,55.000000,99,477.053735,172.329317,4.941889,0.760089
1,1,1,55.000000,100,153.093425,22.798679,-4.816909,1.340666
1,1,1,55.000000,101,414.889634,22.047864,1.847204,4.646271
1,1,1,55.000000,102,154.025484,211.194839,3.633926,-3.434324
1,1,1,55.000000,103,408.055940,373.318595,4.722952,-1.641256
1,1,1,55.000000,104,190.843580,241.299280,3.894434,-3.135823
1,1,1,55.000000,105,53.930556,220.037794,3.220447,3.824751
1,1,1,55.000000,106,298.950427,464.891256,4.751410,1.556953
1,1,1,55.000000,107,267.266750,493.603093,-2.322674,4.427774
1,1,1,55.000000,108,201.892252,10.935668,4.788751,1.438008
1,1,1,55.000000,109,498.132350,85.331731,-0.779575,-4.938852
1,1,1,55.000000,110,166.515172,70.095179,-1.905377,-4.622720
1,1,1,55.000000,111,169.255009,190.593523,-3.264866,-3.786905
1,1,1,55.000000,112,230.034052,32.754200,2.134478,4.521505
1,1,1,55.000000,113,142.802855,290.808831,-4.991508,-0.291288
1,1,1,55.000000,114,446.429639,66.568345,-4.492751,2.194355
1,1,1,55.000000,115,9.990688,458.180080,-4.963745,-0.601031
1,1,1,55.000000,116,49.739385,254.044498,0.711265,-4.949152
1,1,1,55.000000,117,89.039480,132.262383,2.590783,4.276429
1,1,1,55.000000,118,11.286121,271.520154,-3.292728,3.762704
1,1,1,55.000000,119,360.313985,247.667018,2.250557,-4.464862
1,1,1,55.000000,120,475.245956,422.089855,2.045320,4.562528
1,1,1,55.000000,121,492.389302,386.989992,-4.328246,-2.503255
1,1,1,55.000000,122,283.684784,395.215433,4.764558,1.516241
1,1,1,55.000000,123,344.293427,377.182772,-4.161115,-2.772205
1,1,1,55.000000,124,451.082727,140.615129,-2.239587,-4.470374
1,1,1,55.000000,125,352.926969,150.768597,-4.202733,-2.708696
1,1,1,55.000000,126,59.741595,241.690577,3.096992,-3.925384
1,1,1,55.000000,127,336.343274,228.607405,3.494325,-3.576268
1,1,1,55.000000,128,419.404091,134.723639,-4.981138,-0.433890
1,1,1,55.000000,129,375.353217,369.184188,0.753602,-4.942882
1,1,1,55.000000,130,317.156636,379.289608,-4.362455,2.443151
1,1,1,55.000000,131,50.793787,224.629544,3.381558,3.683078
1,1,1,55.000000,132,344.146607,451.885221,2.694204,-4.212038
1,1,1,55.000000,133,20.791404,142.311289,4.949096,0.711650
1,1,1,55.000000,134,404.518503,276.781763,2.881865,4.085933
1,1,1,55.000000,135,426.080100,139.163920,3.347857,-3.713738
1,1,1,55.000000,136,159.489465,448.619532,4.994486,-0.234759
1,1,1,55.000000,137,400.891318,459.693909,-4.356500,-2.453754
1,1,1,55.000000,138,14.269262,208.700264,1.578848,4.744179
1,1,1,55.000000,139,174.270256,71.028532,-4.410328,2.355634
1,1,1,55.000000,140,279.642442,332.145581,-4.674085,-1.775649
1,1,1,55.000000,141,455.637818,365.081888,3.738296,3.320413
1,1,1,55.000000,142,421.136749,449.625185,-3.458153,3.611257
1,1,1,55.000000,143,384.367244,392.562093,4.996872,-0.176833
1,1,1,55.000000,144,441.548202,439.956606,-3.077553,-3.940643
1,1,1,55.000000,145,35.481305,134.027034,-4.999036,0.098177
1,1,1,55.000000,146,157.501103,299.416443,2.894661,4.076879
1,1,1,55.000000,147,143.354141,310.956672,2.654322,-4.237284
1,1,1,55.000000,148,292.548345,221.185931,-3.552455,3.518531
1,1,1,55.000000,149,492.033976,440.234069,-3.181831,-3.856936
1,1,1,56.000000,0,175.226659,122.796913,3.260208,-3.790916
1,1,1,56.000000,1,60.215776,39.160575,-3.908105,3.118768
1,1,1,56.000000,2,240.968630,369.808406,2.825083,4.125397
1,1,1,56.000000,3,169.823574,384.530993,4.817769,1.337572
1,1,1,56.000000,4,483.465607,490.905458,4.893183,1.027988
1,1,1,56.000000,5,333.240535,332.251016,0.454593,-4.979292
1,1,1,56.000000,6,40.132633,214.773377,-3.508362,-3.562498
1,1,1,56.000000,7,42.403505,466.466577,-4.968101,-0.563888
1,1,1,56.000000,8,67.820299,332.321526,0.517112,-4.973188
1,1,1,56.000000,9,51.306346,412.855068,4.551846,2.068985
1,1,1,56.000000,10,326.042759,422.942516,3.502006,-3.568747
1,1,1,56.000000,11,104.238601,60.652801,3.267094,3.784983
1,1,1,56.000000,12,407.135905,424.670574,4.432213,2.314193
1,1,1,56.000000,13,225.307216,467.560052,-4.283564,2.578969
1,1,1,56.000000,14,167.769973,282.004342,-3.235515,-3.812013
1,1,1,56.000000,15,280.246316,392.066136,0.564475,4.968035
1,1,1,56.000000,16,17.749668,180.424343,-4.722502,-1.642552
1,1,1,56.000000,17,277.449493,489.690589,4.502698,-2.173870
1,1,1,56.000000,18,437.552903,373.559408,0.094163,-4.999113
1,1,1,56.000000,19,420.021200,9.841176,2.615386,4.261427
1,1,1,56.000000,20,215.415248,196.464042,-4.586237,-1.991589
1,1,1,56.000000,21,389.075751,92.718056,1.182829,4.858077
1,1,1,56.000000,22,385.727766,130.899445,-1.870471,4.636953
1,1,1,56.000000,23,399.612554,442.578371,-4.947809,0.720547
1,1,1,56.000000,24,458.737245,71.327906,2.359910,-4.408041
1,1,1,56.000000,25,5.012385,238.684964,-1.711494,-4.697956
1,1,1,56.000000,26,381.561403,395.574111,4.884277,-1.069505
1,1,1,56.000000,27,7.318941,258.316675,-0.713292,4.948860
1,1,1,56.000000,28,420.261023,423.371001,0.071429,-4.999490
1,1,1,56.000000,29,76.778106,268.504756,-0.650571,-4.957495
1,1,1,56.000000,30,96.727063,460.001836,2.070243,-4.551274
1,1,1,56.000000,31,143.932297,58.477654,-3.778185,3.274953
1,1,1,56.000000,32,16.958103,78.061819,1.399746,4.800074
1,1,1,56.000000,33,387.084471,361.330867,-0.883057,-4.921403
1,1,1,56.000000,34,499.168237,166.242509,-4.098746,-2.863614
1,1,1,56.000000,35,283.886013,369.126101,-4.843419,1.241490
1,1,1,56.000000,36,280.356257,232.981447,-0.960280,-4.906920
1,1,1,56.000000,37,137.143292,268.539173,3.270933,3.781666
1,1,1,56.000000,38,376.489510,144.736853,2.933584,4.048961
1,1,1,56.000000,39,312.824872,340.877335,-0.538668,-4.970899
1,1,1,56.000000,40,299.783972,272.327768,-4.945534,0.735998
1,1,1,56.000000,41,290.170499,149.663763,-1.208859,-4.851666
1,1,1,56.000000,42,294.841678,184.469970,-3.292887,3.762565
1,1,1,56.000000,43,480.715156,387.058441,-4.263212,2.612474
1,1,1,56.000000,44,423.000191,174.152196,0.653685,-4.957085
1,1,1,56.000000,45,356.167393,155.624089,4.793192,1.423133
1,1,1,56.000000,46,301.198436,193.132950,-3.839738,3.202564
1,1,1,56.000000,47,114.468100,465.322885,-3.522264,-3.548755
1,1,1,56.000000,48,443.372462,394.527069,-4.999088,0.095496
1,1,1,56.000000,49,262.840047,360.937210,-0.976510,-4.903716
1,1,1,56.000000,50,495.122734,153.079594,4.633951,1.877897
1,1,1,56.000000,51,435.749053,97.867952,-2.124804,4.526059
1,1,1,56.000000,52,180.228695,230.796947,4.294855,2.560121
1,1,1,56.000000,53,440.911969,10.654440,-4.946892,-0.726813
1,1,1,56.000000,54,483.907867,382.577978,-3.334217,3.725989
1,1,1,56.000000,55,109.946825,355.915241,4.975016,0.499219
1,1,1,56.000000,56,412.397995,19.084052,-3.678125,3.386945
1,1,1,56.000000,57,242.317799,296.302143,-3.260803,3.790404
1,1,1,56.000000,58,205.989785,108.686792,-3.556024,3.514924
1,1,1,56.000000,59,7.520388,98.931984,1.597366,-4.737977
1,1,1,56.000000,60,357.232116,214.844941,-3.951890,-3.063097
1,1,1,56.000000,61,264.489588,379.799210,4.923264,-0.872626
1,1,1,56.000000,62,332.117941,135.705338,3.366077,3.697232
1,1,1,56.000000,63,475.475241,59.020515,-4.160947,2.772458
1,1,1,56.000000,64,118.191326,38.386941,0.077758,4.999395
1,1,1,56.000000,65,329.487041,495.234368,2.887838,4.081714
1,1,1,56.000000,66,358.270781,97.247500,-3.181937,3.856848
1,1,1,56.000000,67,273.612896,160.072231,-4.605526,1.946569
1,1,1,56.000000,68,444.213168,311.988849,2.297244,4.441021
1,1,1,56.000000,69,63.879714,262.445646,4.982429,0.418811
1,1,1,56.000000,70,398.004825,375.262493,4.476979,2.226356
1,1,1,56.000000,71,291.749204,41.457805,-4.844764,-1.236230
1,1,1,56.000000,72,358.869222,298.257494,2.855691,4.104269
1,1,1,56.000000,73,419.496405,207.751662,-1.445649,-4.786450
1,1,1,56.000000,74,286.350106,176.162193,1.394450,4.801615
1,1,1,56.000000,75,384.536194,8.757365,4.508577,2.161650
1,1,1,56.000000,76,473.146140,440.810411,3.549616,-3.521395
1,1,1,56.000000,77,94.987424,326.988573,-3.939621,3.078861
1,1,1,56.000000,78,28.923494,2.950754,-2.559619,-4.295154
1,1,1,56.000000,79,304.310246,425.508908,4.028060,-2.962218
1,1,1,56.000000,80,467.815787,271.097465,-2.746768,-4.177950
1,1,1,56.000000,81,449.938486,257.253215,-3.770272,-3.284060
1,1,1,56.000000,82,317.644215,478.671725,4.381887,2.408125
1,1,1,56.000000,83,193.957975,398.360763,1.377048,4.806635
1,1,1,56.000000,84,387.014804,353.210422,-3.161565,3.873565
1,1,1,56.000000,85,140.702247,31.240005,4.999632,-0.060676
1,1,1,56.000000,86,56.921638,405.155534,-3.657219,3.409509
1,1,1,56.000000,87,481.736429,163.738982,-3.932548,3.087890
1,1,1,56.000000,88,154.578886,304.255348,-4.725502,-1.633900
1,1,1,56.000000,89,324.731716,412.721913,-0.806619,4.934508
1,1,1,56.000000,90,194.490421,78.309288,4.783357,-1.455850
1,1,1,56.000000,91,206.559739,176.705769,-2.716421,4.197744
1,1,1,56.000000,92,217.321834,308.785737,0.379094,-4.985608
1,1,1,56.000000,93,188.550984,201.698293,-3.784845,3.267254
1,1,1,56.000000,94,58.757648,84.908575,3.497116,-3.573538
1,1,1,56.000000,95,173.731518,129.725252,4.827907,1.300505
1,1,1,56.000000,96,131.005251,442.117924,4.994598,-0.232361
1,1,1,56.000000,97,15.355288,297.670932,4.976036,-0.488939
1,1,1,56.000000,98,102.306485,329.117275,2.522229,4.317217
1,1,1,56.000000,99,481.995624,173.089406,-4.618391,1.915846
1,1,1,56.000000,100,149.434233,19.391288,-3.659192,-3.407391
1,1,1,56.000000,101,417.041976,26.560893,2.152341,4.513029
1,1,1,56.000000,102,157.659410,207.760515,-0.241460,-4.994166
1,1,1,56.000000,103,412.778892,371.677339,4.976654,-0.482614
1,1,1,56.000000,104,194.738013,238.163456,-1.350475,-4.814168
1,1,1,56.000000,105,57.151003,223.862545,-1.656256,4.717713
1,1,1,56.000000,106,303.701837,466.448209,-2.064467,-4.553897
1,1,1,56.000000,107,262.777966,495.805549,-4.488785,2.202456
1,1,1,56.000000,108,206.681002,12.373676,2.609074,4.265294
1,1,1,56.000000,109,497.352776,80.392879,1.777476,-4.673390
1,1,1,56.000000,110,164.609795,65.472459,2.349928,-4.413370
1,1,1,56.000000,111,165.990143,186.806618,-2.068099,4.552249
1,1,1,56.000000,112,229.184194,37.681445,-0.849858,4.927245
1,1,1,56.000000,113,137.811347,290.517543,-4.013820,2.981485
1,1,1,56.000000,114,441.936889,68.762700,3.659608,-3.406944
1,1,1,56.000000,115,13.036781,462.145091,3.046094,3.965011
1,1,1,56.000000,116,50.450649,249.095346,-4.053179,-2.927754
1,1,1,56.000000,117,91.630263,136.538812,4.999531,0.068452
1,1,1,56.000000,118,7.993392,275.282858,4.505784,-2.167466
1,1,1,56.000000,119,362.564542,243.202156,2.222883,4.478704
1,1,1,56.000000,120,477.291277,426.652384,0.416771,-4.982600
1,1,1,56.000000,121,495.557826,383.122118,3.168524,-3.867874
1,1,1,56.000000,122,288.449342,396.731674,0.772020,-4.940039
1,1,1,56.000000,123,340.132311,374.410567,4.669055,-1.788834
1,1,1,56.000000,124,448.843139,136.144755,2.014762,4.576105
1,1,1,56.000000,125,348.724236,148.059901,2.107589,4.534101
1,1,1,56.000000,126,62.838588,237.765193,-4.816586,-1.341827
1,1,1,56.000000,127,339.837599,225.031136,4.254488,2.626657
1,1,1,56.000000,128,414.422953,134.289749,2.550968,4.300298
1,1,1,56.000000,129,376.106819,364.241306,4.352151,-2.461458
1,1,1,56.000000,130,312.794181,381.732760,-0.868854,4.923931
1,1,1,56.000000,131,54.175346,228.312621,-2.509318,-4.324734
1,1,1,56.000000,132,346.840811,447.673183,-3.463794,3.605847
1,1,1,56.000000,133,25.740501,143.022939,4.978810,-0.459843
1,1,1,56.000000,134,407.400368,280.867697,3.691672,-3.372174
1,1,1,56.000000,135,429.427958,135.450182,1.212779,-4.850687
1,1,1,56.000000,136,164.483951,448.384772,-1.872763,4.636028
1,1,1,56.000000,137,396.534819,457.240155,-4.875591,-1.108427
1,1,1,56.000000,138,19.226463,209.353073,4.957201,0.652809
1,1,1,56.000000,139,169.859928,73.384166,-0.422493,4.982118
1,1,1,56.000000,140,274.968357,330.369932,-0.865135,4.924585
1,1,1,56.000000,141,459.376115,368.402301,-0.632369,4.959850
1,1,1,56.000000,142,417.678595,453.236441,-4.983758,0.402681
1,1,1,56.000000,143,389.364116,392.385260,-4.907909,0.955211
1,1,1,56.000000,144,438.470649,436.015962,-4.949636,-0.707885
1,1,1,56.000000,145,30.482269,134.125211,-3.302592,-3.754050
1,1,1,56.000000,146,160.395763,303.493321,-2.821027,4.128172
1,1,1,56.000000,147,146.008463,306.719388,-1.037679,4.891137
1,1,1,56.000000,148,288.995890,224.704463,0.653427,-4.957119
1,1,1,56.000000,149,487.822395,437.539151,-4.211581,-2.694918
1,1,1,57.000000,0,178.486867,119.005997,-4.653432,-1.829090
1,1,1,57.000000,1,56.307671,42.279343,-3.290146,3.764962
1,1,1,57.000000,2,243.793713,373.933803,0.090592,-4.999179
1,1,1,57.000000,3,174.641344,385.868565,-1.012252,-4.896463
1,1,1,57.000000,4,488.358791,491.933446,4.858762,-1.180014
1,1,1,57.000000,5,333.695127,327.271724,4.824519,-1.313017
1,1,1,57.000000,6,36.624271,211.210878,-4.812383,-1.356823
1,1,1,57.000000,7,46.820377,468.809916,4.416873,2.343339
1,1,1,57.000000,8,68.337411,327.348339,3.549521,3.521491
1,1,1,57.000000,9,55.858191,414.924053,4.788601,1.438505
1,1,1,57.000000,10,329.544765,419.373769,-1.826853,4.654311
1,1,1,57.000000,11,107.505695,64.437784,0.094120,4.999114
1,1,1,57.000000,12,411.568117,426.984767,1.938990,4.608722
1,1,1,57.000000,13,221.023652,470.139021,-2.643831,4.243837
1,1,1,57.000000,14,164.534458,278.192329,-0.367160,4.986501
1,1,1,57.000000,15,280.810790,397.034170,4.293823,-2.561852
1,1,1,57.000000,16,12.804627,181.163646,-4.945041,0.739303
1,1,1,57.000000,17,278.896683,494.476573,1.447190,4.785984
1,1,1,57.000000,18,437.647067,368.560295,2.558946,4.295555
1,1,1,57.000000,19,415.372801,11.683017,-4.648400,1.841842
1,1,1,57.000000,20,210.829011,194.472453,2.777082,-4.157862
1,1,1,57.000000,21,390.258580,97.576134,4.966759,-0.575587
1,1,1,57.000000,22,383.857294,135.536398,-3.739264,-3.319323
1,1,1,57.000000,23,394.664745,443.298918,0.032480,-4.999895
1,1,1,57.000000,24,461.097155,66.919865,-0.822064,4.931958
1,1,1,57.000000,25,5.377421,233.698307,0.365036,-4.986657
1,1,1,57.000000,26,386.445680,394.504605,-2.629655,4.252636
1,1,1,57.000000,27,6.605649,263.265535,0.723525,4.947374
1,1,1,57.000000,28,420.332453,418.371511,-4.290822,-2.566874
1,1,1,57.000000,29,76.127536,263.547261,-2.940690,-4.043803
1,1,1,57.000000,30,98.797306,455.450562,3.734255,-3.324957
1,1,1,57.000000,31,140.154111,61.752606,4.891655,-1.035236
1,1,1,57.000000,32,12.522704,80.369898,-4.435400,2.308080
1,1,1,57.000000,33,386.201415,356.409464,-3.792596,3.258253
1,1,1,57.000000,34,499.562866,171.226911,0.394629,4.984402
1,1,1,57.000000,35,279.042594,370.367591,3.010943,3.991769
1,1,1,57.000000,36,279.395977,228.074527,-4.016462,2.977924
1,1,1,57.000000,37,140.414225,272.320839,3.994925,3.006755
1,1,1,57.000000,38,379.423094,148.785814,3.187940,3.851888
1,1,1,57.000000,39,312.286204,335.906436,3.460665,-3.608849
1,1,1,57.000000,40,294.838438,273.063766,-2.046363,-4.562061
1,1,1,57.000000,41,288.961640,144.812097,-4.616998,-1.919200
1,1,1,57.000000,42,291.548791,188.232535,-0.263308,-4.993062
1,1,1,57.000000,43,475.792065,386.184842,-4.923091,-0.873600
1,1,1,57.000000,44,423.653876,169.195111,4.121305,-2.831050
1,1,1,57.000000,45,360.960585,157.047222,-4.999993,0.008610
1,1,1,57.000000,46,297.358698,196.335513,-1.968292,4.596284
1,1,1,57.000000,47,110.945836,461.774130,-1.702919,4.701071
1,1,1,57.000000,48,438.373374,394.622566,4.817190,-1.339658
1,1,1,57.000000,49,261.863538,356.033495,-1.807913,4.661700
1,1,1,57.000000,50,497.229923,148.545307,2.107189,-4.534287
1,1,1,57.000000,51,433.624248,102.394010,2.154420,-4.512036
1,1,1,57.000000,52,184.523550,233.357069,4.998847,0.107358
1,1,1,57.000000,53,435.965077,9.927628,-4.624429,1.901224
1,1,1,57.000000,54,480.573650,386.303968,3.578437,3.492104
1,1,1,57.000000,55,114.921841,356.414461,4.527261,-2.122242
1,1,1,57.000000,56,408.719870,22.470997,-4.437531,2.303979
1,1,1,57.000000,57,239.056996,300.092547,0.120746,-4.998542
1,1,1,57.000000,58,202.433761,112.201716,-0.220597,-4.995131
1,1,1,57.000000,59,4.826631,103.144309,-2.693757,4.212324
1,1,1,57.000000,60,353.280226,211.781844,4.937430,-0.788536
1,1,1,57.000000,61,269.412852,378.926585,-2.807275,-4.137537
1,1,1,57.000000,62,335.484018,139.402570,1.459781,4.782158
1,1,1,57.000000,63,470.475385,59.058440,-4.999856,0.037926
1,1,1,57.000000,64,115.351587,34.271618,-2.839739,-4.115323
1,1,1,57.000000,65,332.374879,499.316082,-2.975386,4.018343
1,1,1,57.000000,66,355.088844,101.104348,1.278959,-4.833660
1,1,1,57.000000,67,269.007370,162.018799,-4.673274,1.777783
1,1,1,57.000000,68,446.510412,316.429871,3.856493,3.182367
1,1,1,57.000000,69,68.862142,262.864457,4.998214,0.133624
1,1,1,57.000000,70,402.481804,377.488849,-3.321371,3.737445
1,1,1,57.000000,71,286.904441,40.221575,1.264913,4.837354
1,1,1,57.000000,72,361.724913,302.361763,-4.368650,2.432056
1,1,1,57.000000,73,418.050756,202.965212,-2.939872,-4.044398
1,1,1,57.000000,74,287.744556,180.963809,-1.381703,4.805299
1,1,1,57.000000,75,389.044771,10.919015,-0.260656,4.993201
1,1,1,57.000000,76,474.046043,435.892061,0.899903,-4.918351
1,1,1,57.000000,77,91.047803,330.067434,1.897066,4.626137
1,1,1,57.000000,78,24.087287,1.681462,-4.836207,-1.269292
1,1,1,57.000000,79,308.338305,422.546691,2.856213,-4.103906
1,1,1,57.000000,80,465.069019,266.919515,-4.665544,1.797971
1,1,1,57.000000,81,446.168214,253.969155,4.959784,-0.632881
1,1,1,57.000000,82,322.026102,481.079850,-4.904473,0.972700
1,1,1,57.000000,83,195.335023,403.167398,-4.038988,-2.947300
1,1,1,57.000000,84,383.853239,357.083987,1.072851,4.883543
1,1,1,57.000000,85,145.701879,31.179328,-2.676137,-4.223540
1,1,1,57.000000,86,53.264419,408.565043,0.629959,-4.960156
1,1,1,57.000000,87,478.311439,167.381706,-3.424990,3.642724
1,1,1,57.000000,88,149.853384,302.621448,3.514574,3.556370
1,1,1,57.000000,89,323.925098,417.656421,-1.683175,-4.708176
1,1,1,57.000000,90,199.273777,76.853437,4.556714,-2.058240
1,1,1,57.000000,91,203.843317,180.903513,-2.468789,4.347997
1,1,1,57.000000,92,217.700928,303.800129,-3.392670,3.672845
1,1,1,57.000000,93,184.766139,204.965547,4.781004,1.463558
1,1,1,57.000000,94,62.254764,81.335037,2.596179,-4.273155
1,1,1,57.000000,95,178.559425,131.025757,-3.094709,-3.927184
1,1,1,57.000000,96,135.999849,441.885564,-3.238459,3.809512
1,1,1,57.000000,97,12.606521,301.847567,-2.748766,4.176635
1,1,1,57.000000,98,104.828714,333.434492,-3.867587,3.168876
1,1,1,57.000000,99,477.377233,175.005251,-4.292705,2.563725
1,1,1,57.000000,100,147.414133,14.817537,-2.020100,-4.573751
1,1,1,57.000000,101,420.955256,29.673165,3.913281,3.112272
1,1,1,57.000000,102,157.417950,202.766349,0.665899,4.955459
1,1,1,57.000000,103,417.755546,371.194724,-0.847660,4.927623
1,1,1,57.000000,104,193.387538,233.349288,-0.090197,4.999186
1,1,1,57.000000,105,55.494747,228.580258,-0.201705,-4.995930
1,1,1,57.000000,106,301.637370,461.894312,1.291524,-4.830317
1,1,1,57.000000,107,266.727811,492.739816,3.949846,-3.065733
1,1,1,57.000000,108,209.290076,16.638970,-2.322773,4.427722
1,1,1,57.000000,109,499.130252,75.719488,4.709821,-1.678567
1,1,1,57.000000,110,166.959723,61.059089,-2.330761,-4.423522
1,1,1,57.000000,111,163.922045,191.358867,-4.620310,-1.911212
1,1,1,57.000000,112,233.884912,39.385336,4.700718,1.703891
1,1,1,57.000000,113,133.797528,293.499028,-1.337258,4.817857
1,1,1,57.000000,114,445.596497,65.355756,-0.518012,-4.973094
1,1,1,57.000000,115,9.557694,465.736185,-3.479087,3.591093
1,1,1,57.000000,116,46.397471,246.167593,-2.545767,-4.303379
1,1,1,57.000000,117,96.629795,136.607264,-1.280480,4.833257
1,1,1,57.000000,118,12.499177,273.115392,0.507978,4.974129
1,1,1,57.000000,119,364.787425,247.680860,1.455697,4.783403
1,1,1,57.000000,120,477.708048,421.669784,-2.113143,4.531515
1,1,1,57.000000,121,495.666753,378.123304,0.108927,-4.998813
1,1,1,57.000000,122,289.221362,391.791635,-4.884336,-1.069236
1,1,1,57.000000,123,344.801366,372.621733,-4.791745,-1.428000
1,1,1,57.000000,124,450.857901,140.720859,4.206603,-2.702683
1,1,1,57.000000,125,350.831825,152.594001,4.592597,1.976879
1,1,1,57.000000,126,58.022002,236.423366,3.074597,-3.942949
1,1,1,57.000000,127,344.092087,227.657794,3.460580,3.608931
1,1,1,57.000000,128,416.973921,138.590047,3.025863,-3.980471
1,1,1,57.000000,129,380.458971,361.779847,-2.578813,-4.283658
1,1,1,57.000000,130,311.925327,386.656690,-2.985273,-4.011003
1,1,1,57.000000,131,51.666028,223.987888,3.461774,3.607786
1,1,1,57.000000,132,343.377017,451.279029,4.586248,-1.991564
1,1,1,57.000000,133,30.719310,142.563096,0.516970,4.973202
1,1,1,57.000000,134,411.092040,277.495522,-4.818363,1.335433
1,1,1,57.000000,135,430.640737,130.599495,-0.648877,4.957717
1,1,1,57.000000,136,162.611187,453.020800,-3.835939,-3.207113
1,1,1,57.000000,137,391.659228,456.131728,4.386075,2.400489
1,1,1,57.000000,138,21.053031,214.007496,1.826568,4.654423
1,1,1,57.000000,139,169.437435,78.366284,3.362504,-3.700482
1,1,1,57.000000,140,274.103222,335.294517,-2.598484,-4.271754
1,1,1,57.000000,141,458.743745,373.362151,-4.689013,-1.735844
1,1,1,57.000000,142,412.694837,453.639123,1.180698,-4.858596
1,1,1,57.000000,143,384.456207,393.340472,4.828053,-1.299962
1,1,1,57.000000,144,433.521013,435.308077,-1.454143,4.783876
1,1,1,57.000000,145,27.179678,130.371161,4.319332,2.518606
1,1,1,57.000000,146,157.574736,307.621494,0.532088,-4.971608
1,1,1,57.000000,147,144.970784,311.610525,-4.198715,-2.714920
1,1,1,57.000000,148,289.649317,219.747343,3.611592,-3.457803
1,1,1,57.000000,149,483.870186,440.601837,-3.952209,3.062686
1,1,1,58.000000,0,173.833435,117.176907,-0.226615,4.994862
1,1,1,58.000000,1,53.017525,46.044305,1.918006,-4.617494
1,1,1,58.000000,2,243.884305,368.934624,-0.132842,-4.998235
1,1,1,58.000000,3,173.629092,380.972102,-0.077754,-4.999395
1,1,1,58.000000,4,493.217552,490.753431,-2.401185,-4.385694
1,1,1,58.000000,5,338.519647,325.958707,4.906461,-0.962624
1,1,1,58.000000,6,31.811888,209.854056,-3.583864,3.486534
1,1,1,58.000000,7,45.616287,463.957065,-1.204090,-4.852851
1,1,1,58.000000,8,71.886932,330.869830,4.951537,0.694464
1,1,1,58.000000,9,60.646793,416.362559,-4.096068,-2.867442
1,1,1,58.000000,10,327.717912,424.028080,-2.817560,-4.130539
1,1,1,58.000000,11,107.599816,69.436899,-4.794376,-1.419139
1,1,1,58.000000,12,413.507107,431.593489,-4.163659,-2.768383
1,1,1,58.000000,13,218.379820,474.382858,-2.209819,4.485164
1,1,1,58.000000,14,164.167298,283.178830,0.861572,4.925210
1,1,1,58.000000,15,285.104613,394.472318,4.061808,-2.915770
1,1,1,58.000000,16,17.663171,182.344557,4.858544,1.180911
1,1,1,58.000000,17,275.257693,491.047615,-3.638990,-3.428958
1,1,1,58.000000,18,440.206013,372.855850,4.734563,1.607454
1,1,1,58.000000,19,412.355062,15.669652,-3.017738,3.986634
1,1,1,58.000000,20,213.606093,190.314591,-2.517455,4.320002
1,1,1,58.000000,21,395.225339,97.000547,2.123020,-4.526896
1,1,1,58.000000,22,380.118030,132.217075,4.999530,0.068570
1,1,1,58.000000,23,394.697225,438.299024,2.760852,4.168656
1,1,1,58.000000,24,460.275091,71.851823,-4.987791,0.349204
1,1,1,58.000000,25,10.091678,232.032241,4.714258,-1.666066
1,1,1,58.000000,26,383.816025,398.757241,4.237731,2.653608
1,1,1,58.000000,27,7.329175,268.212909,-4.161769,-2.771223
1,1,1,58.000000,28,416.041630,415.804637,3.545891,3.525147
1,1,1,58.000000,29,73.186845,259.503458,1.436474,4.789211
1,1,1,58.000000,30,102.531561,452.125605,2.218545,4.480855
1,1,1,58.000000,31,145.045766,60.717370,-4.993079,-0.262994
1,1,1,58.000000,32,7.526240,80.181874,-4.996463,-0.188025
1,1,1,58.000000,33,382.408819,359.667717,-4.998914,0.104206
1,1,1,58.000000,34,497.105979,175.581645,-2.456887,4.354734
1,1,1,58.000000,35,282.053537,374.359360,4.049909,2.932275
1,1,1,58.000000,36,275.379515,231.052451,4.793613,1.421714
1,1,1,58.000000,37,144.409150,275.327594,-0.929767,4.912793
1,1,1,58.000000,38,382.611034,152.637702,-4.058413,-2.920494
1,1,1,58.000000,39,315.746870,332.297586,-4.068219,2.906819
1,1,1,58.000000,40,292.792075,268.501705,-3.967708,3.042580
1,1,1,58.000000,41,284.344642,142.892897,-4.150937,2.787421
1,1,1,58.000000,42,291.285482,183.239473,1.275249,-4.834639
1,1,1,58.000000,43,475.508833,391.176813,-0.283232,4.991972
1,1,1,58.000000,44,427.775180,166.364060,-1.379973,4.805796
1,1,1,58.000000,45,355.960592,157.055832,4.764216,-1.517314
1,1,1,58.000000,46,295.390406,200.931797,-2.595336,4.273667
1,1,1,58.000000,47,109.242918,466.475201,0.655389,4.956860
1,1,1,58.000000,48,443.190564,393.282907,1.064162,-4.885444
1,1,1,58.000000,49,260.055625,360.695195,-0.446245,-4.980047
1,1,1,58.000000,50,492.250753,149.001226,-4.979170,0.455919
1,1,1,58.000000,51,435.778669,97.881974,4.844142,1.238664
1,1,1,58.000000,52,189.522398,233.464427,3.038432,-3.970885
1,1,1,58.000000,53,431.340647,11.828851,-3.254392,3.795910
1,1,1,58.000000,54,484.152087,389.796071,-1.067220,-4.884776
1,1,1,58.000000,55,119.449102,354.292219,0.083792,-4.999298
1,1,1,58.000000,56,404.282339,24.774976,-4.487771,-2.204520
1,1,1,58.000000,57,239.177743,295.094005,-2.362252,-4.406787
1,1,1,58.000000,58,202.213165,107.206585,-2.538090,-4.307911
1,1,1,58.000000,59,0.086226,101.554164,-4.740405,-1.590144
1,1,1,58.000000,60,358.217656,210.993308,-4.907760,-0.955977
1,1,1,58.000000,61,266.605578,374.789048,2.250005,-4.465140
1,1,1,58.000000,62,336.943799,144.184728,4.306051,-2.541245
1,1,1,58.000000,63,465.818619,57.237854,-4.656765,-1.820587
1,1,1,58.000000,64,110.614028,32.673014,-4.737559,-1.598604
1,1,1,58.000000,65,329.399494,496.665574,-2.975386,-4.018343
1,1,1,58.000000,66,356.367803,96.270688,-4.949841,-0.706451
1,1,1,58.000000,67,264.334096,163.796582,3.839144,-3.203275
1,1,1,58.000000,68,450.366906,319.612238,4.999899,0.031824
1,1,1,58.000000,69,73.860357,262.998081,1.873902,-4.635568
1,1,1,58.000000,70,399.160433,381.226294,-4.099713,2.862229
1,1,1,58.000000,71,288.169354,45.058929,4.614954,-1.924110
1,1,1,58.000000,72,357.356263,304.793819,-4.114055,2.841576
1,1,1,58.000000,73,415.110885,198.920814,0.766971,4.940825
1,1,1,58.000000,74,286.362853,185.769108,4.506769,-2.165418
1,1,1,58.000000,75,388.784115,15.912216,0.941582,-4.910542
1,1,1,58.000000,76,469.909833,433.082832,-4.136210,-2.809229
1,1,1,58.000000,77,92.944869,334.693570,-4.991773,0.286704
1,1,1,58.000000,78,26.492908,6.064724,2.405621,4.383262
1,1,1,58.000000,79,311.194518,418.442784,-4.753301,1.551172
1,1,1,58.000000,80,460.403475,268.717485,4.763970,-1.518089
1,1,1,58.000000,81,451.127998,253.336274,0.398570,4.984089
1,1,1,58.000000,82,317.121630,482.052550,-4.421454,2.334683
1,1,1,58.000000,83,191.296036,400.220098,-2.242671,4.468829
1,1,1,58.000000,84,384.926090,361.967530,4.700537,-1.704392
1,1,1,58.000000,85,143.025742,26.955788,2.499247,-4.330562
1,1,1,58.000000,86,53.894378,403.604886,-4.568602,-2.031717
1,1,1,58.000000,87,475.217805,171.309737,-3.093634,3.928031
1,1,1,58.000000,88,153.367957,306.177818,-1.625066,4.728547
1,1,1,58.000000,89,322.241923,412.948245,-1.648368,4.720475
1,1,1,58.000000,90,203.830492,74.795197,-1.549198,-4.753944
1,1,1,58.000000,91,201.374528,185.251510,-0.634032,-4.959637
1,1,1,58.000000,92,214.308258,307.472974,-4.944417,0.743466
1,1,1,58.000000,93,189.547142,206.429104,2.034511,4.567359
1,1,1,58.000000,94,64.850943,77.061882,4.605830,1.945850
1,1,1,58.000000,95,175.464717,127.098573,0.927019,-4.913312
1,1,1,58.000000,96,132.761389,445.695076,2.260139,4.460019
1,1,1,58.000000,97,9.173656,298.212263,-3.432865,-3.635304
1,1,1,58.000000,98,100.961127,336.603368,-1.167026,-4.861898
1,1,1,58.000000,99,473.084528,177.568976,-4.820310,-1.328386
1,1,1,58.000000,100,145.522102,10.189339,-1.892032,-4.628198
1,1,1,58.000000,101,417.800990,25.793654,-3.154266,-3.879511
1,1,1,58.000000,102,158.083849,207.721808,-2.026223,-4.571042
1,1,1,58.000000,103,416.907886,376.122348,4.980354,0.442799
1,1,1,58.000000,104,193.297340,238.348474,-4.207701,2.700973
1,1,1,58.000000,105,55.293041,223.584328,4.836569,1.267912
1,1,1,58.000000,106,302.928895,457.063994,-3.946292,-3.070305
1,1,1,58.000000,107,267.179971,497.719329,0.452159,4.979513
1,1,1,58.000000,108,206.967303,21.066692,-1.322034,4.822056
1,1,1,58.000000,109,496.159927,74.040921,-4.709821,-1.678567
1,1,1,58.000000,110,164.628961,56.635566,3.292699,-3.762730
1,1,1,58.000000,111,159.301734,189.447654,-3.448253,3.620712
1,1,1,58.000000,112,238.874550,39.063599,4.989638,-0.321737
1,1,1,58.000000,113,132.460270,298.316884,-4.917458,0.904768
1,1,1,58.000000,114,445.078485,60.382662,-0.256669,-4.993408
1,1,1,58.000000,115,4.559201,465.613458,-4.998494,-0.122727
1,1,1,58.000000,116,43.851704,241.864214,4.080317,2.889812
1,1,1,58.000000,117,95.349315,141.440521,-1.500039,4.769684
1,1,1,58.000000,118,13.007155,278.089521,-4.890167,-1.042240
1,1,1,58.000000,119,366.243122,252.464263,1.607109,4.734680
1,1,1,58.000000,120,475.594904,426.201299,-4.677808,-1.765817
1,1,1,58.000000,121,496.194894,383.095333,0.528141,4.972028
1,1,1,58.000000,122,284.337026,390.722398,-0.915041,-4.915557
1,1,1,58.000000,123,340.009622,371.193733,-4.676841,-1.768377
1,1,1,58.000000,124,455.064504,138.018177,-1.920898,4.616292
1,1,1,58.000000,125,355.424423,154.570880,4.880701,1.085704
1,1,1,58.000000,126,61.096599,232.480416,-4.195446,2.719970
1,1,1,58.000000,127,347.552667,231.266725,-0.108488,-4.998823
1,1,1,58.000000,128,419.999784,134.609576,-4.917016,0.907168
1,1,1,58.000000,129,377.880158,357.496190,2.244111,-4.468106
1,1,1,58.000000,130,308.940053,382.645687,1.030805,-4.892591
1,1,1,58.000000,131,55.127802,227.595674,-4.965871,0.583200
1,1,1,58.000000,132,347.963265,449.287465,-3.995924,-3.005427
1,1,1,58.000000,133,31.236280,147.536298,1.615571,-4.731800
1,1,1,58.000000,134,406.273677,278.830955,0.039982,4.999840
1,1,1,58.000000,135,429.991859,135.557212,-0.229155,-4.994746
1,1,1,58.000000,136,158.775249,449.813687,0.781431,4.938559
1,1,1,58.000000,137,396.045302,458.532217,4.965997,0.582130
1,1,1,58.000000,138,24.121967,210.060139,3.068937,-3.947357
1,1,1,58.000000,139,172.799939,74.665803,-4.932735,-0.817390
1,1,1,58.000000,140,271.504738,331.022763,2.828347,4.123161
1,1,1,58.000000,141,454.054732,371.626307,-2.370020,-4.402614
1,1,1,58.000000,142,413.875534,448.780527,-2.534313,4.310134
1,1,1,58.000000,143,389.284260,392.040510,-0.626754,4.960562
1,1,1,58.000000,144,432.066870,440.091953,-3.907691,3.119287
1,1,1,58.000000,145,31.499009,132.889767,0.513846,-4.973526
1,1,1,58.000000,146,158.106824,302.649886,-4.619533,1.913090
1,1,1,58.000000,147,140.772069,308.895605,-4.089965,-2.876141
1,1,1,58.000000,148,293.260910,216.289540,1.746746,-4.684963
1,1,1,58.000000,149,479.903947,443.646332,-3.966239,3.044495
1,1,1,59.000000,0,173.606820,122.171769,-4.255005,-2.625820
1,1,1,59.000000,1,54.935530,41.426810,-4.126294,-2.823774
1,1,1,59.000000,2,243.751463,363.936389,-3.046669,-3.964569
1,1,1,59.000000,3,173.551338,375.972707,4.806955,-1.375930
1,1,1,59.000000,4,490.816367,486.367737,-4.947272,0.724225
1,1,1,59.000000,5,343.426107,324.996083,-4.597585,-1.965252
1,1,1,59.000000,6,28.228023,213.340590,4.936646,-0.793427
1,1,1,59.000000,7,47.776115,459.447614,2.159828,-4.509450
1,1,1,59.000000,8,76.838469,331.564294,-4.274649,-2.593718
1,1,1,59.000000,9,56.550724,413.495117,-0.358484,4.987132
1,1,1,59.000000,10,324.900352,419.897540,-3.516880,-3.554090
1,1,1,59.000000,11,102.805439,68.017760,3.675687,3.389591
1,1,1,59.000000,12,409.343449,428.825106,-3.776135,-3.277316
1,1,1,59.000000,13,216.170001,478.868022,0.825035,4.931462
1,1,1,59.000000,14,165.028870,288.104040,4.946743,-0.727830
1,1,1,59.000000,15,289.166421,391.556548,-4.533888,-2.108046
1,1,1,59.000000,16,12.760497,183.326286,-4.902673,0.981730
1,1,1,59.000000,17,272.777633,486.706037,-2.480059,-4.341579
1,1,1,59.000000,18,444.940576,374.463305,-3.028575,3.978408
1,1,1,59.000000,19,407.447154,14.714438,-4.907909,-0.955213
1,1,1,59.000000,20,211.088638,194.634593,-0.252425,-4.993624
1,1,1,59.000000,21,397.348359,92.473651,-3.080517,3.938326
1,1,1,59.000000,22,385.117560,132.285645,-4.922985,0.874194
1,1,1,59.000000,23,397.458077,442.467680,-1.324764,4.821307
1,1,1,59.000000,24,455.287301,72.201027,-4.944155,0.745209
1,1,1,59.000000,25,9.768993,237.021818,-0.322686,4.989577
1,1,1,59.000000,26,388.053756,401.410849,2.543402,-4.304777
1,1,1,59.000000,27,3.167405,265.441687,2.386058,4.393942
1,1,1,59.000000,28,419.587521,419.329783,-1.866099,4.638715
1,1,1,59.000000,29,74.623319,264.292669,-4.748072,1.567104
1,1,1,59.000000,30,104.750106,456.606460,-3.674807,-3.390545
1,1,1,59.000000,31,140.052687,60.454376,-4.449936,-2.279927
1,1,1,59.000000,32,12.330128,81.568473,4.803888,1.386599
1,1,1,59.000000,33,377.409905,359.771923,-3.699093,3.364032
1,1,1,59.000000,34,496.202086,170.664026,-0.903892,-4.917619
1,1,1,59.000000,35,286.103446,377.291635,-3.947876,-3.068269
1,1,1,59.000000,36,280.173128,232.474165,3.158688,3.875911
1,1,1,59.000000,37,143.479384,280.240386,-0.486201,4.976305
1,1,1,59.000000,38,378.552621,149.717208,3.582175,-3.488270
1,1,1,59.000000,39,311.678651,335.204405,-4.717984,1.655483
1,1,1,59.000000,40,288.824367,271.544286,-4.996615,0.183962
1,1,1,59.000000,41,280.193705,145.680319,-1.352322,-4.813650
1,1,1,59.000000,42,292.560732,178.404833,4.974261,0.506682
1,1,1,59.000000,43,471.023012,388.968326,-4.485821,-2.208487
1,1,1,59.000000,44,426.395207,171.169856,-1.412015,4.796479
1,1,1,59.000000,45,360.724809,155.538518,4.996800,-0.178869
1,1,1,59.000000,46,292.795070,205.205465,-2.289281,4.445131
1,1,1,59.000000,47,109.898307,471.432062,-2.951989,4.035562
1,1,1,59.000000,48,444.254725,388.397464,-4.998875,0.106041
1,1,1,59.000000,49,259.609380,355.715148,1.539691,4.757032
1,1,1,59.000000,50,496.999293,150.566911,4.748540,1.565685
1,1,1,59.000000,51,440.622811,99.120638,0.095585,4.999086
1,1,1,59.000000,52,192.560830,229.493541,4.917691,0.903502
1,1,1,59.000000,53,428.086255,15.624762,3.900523,-3.128246
1,1,1,59.000000,54,483.084867,384.911295,-1.169224,-4.861370
1,1,1,59.000000,55,119.532893,349.292921,-3.699084,-3.364041
1,1,1,59.000000,56,399.794568,22.570455,4.343300,-2.477043
1,1,1,59.000000,57,236.815491,290.687219,-4.821688,-1.323377
1,1,1,59.000000,58,199.675075,102.898673,-4.437558,2.303928
1,1,1,59.000000,59,5.056274,102.100626,4.970048,0.546461
1,1,1,59.000000,60,353.309896,210.037331,-4.963532,0.602786
1,1,1,59.000000,61,268.855583,370.323908,-0.682448,-4.953208
1,1,1,59.000000,62,341.249849,141.643483,-2.554324,-4.298305
1,1,1,59.000000,63,463.543616,52.785398,-2.275003,-4.452456
1,1,1,59.000000,64,106.441396,29.918174,-4.172632,-2.754840
1,1,1,59.000000,65,334.044814,498.515170,4.645320,1.849596
1,1,1,59.000000,66,351.417962,95.564237,4.280892,-2.583402
1,1,1,59.000000,67,268.173240,160.593307,0.491643,-4.975770
1,1,1,59.000000,68,455.366804,319.644062,-4.061336,-2.916428
1,1,1,59.000000,69,75.734258,258.362513,2.382231,4.396018
1,1,1,59.000000,70,395.060720,384.088523,-3.585880,-3.484461
1,1,1,59.000000,71,292.784308,43.134819,2.615176,4.261556
1,1,1,59.000000,72,353.242208,307.635395,-0.792063,-4.936865
1,1,1,59.000000,73,415.877855,203.861640,-0.620701,4.961323
1,1,1,59.000000,74,290.869622,183.603689,0.654058,-4.957036
1,1,1,59.000000,75,389.725697,11.001674,4.951650,0.693655
1,1,1,59.000000,76,468.338275,428.336233,-1.571558,-4.746599
1,1,1,59.000000,77,87.953096,334.980274,4.910263,0.943035
1,1,1,59.000000,78,22.372851,8.897589,-4.120058,2.832865
1,1,1,59.000000,79,306.441218,419.993956,-3.590425,3.479777
1,1,1,59.000000,80,465.167445,267.199397,-4.239024,-2.651542
1,1,1,59.000000,81,451.526568,258.320363,-0.679547,-4.953606
1,1,1,59.000000,82,312.700176,484.387233,3.688050,3.376135
1,1,1,59.000000,83,189.053365,404.688927,-1.455226,-4.783546
1,1,1,59.000000,84,389.626627,360.263138,-1.009918,-4.896944
1,1,1,59.000000,85,145.524989,22.625227,-4.293373,2.562607
1,1,1,59.000000,86,49.325775,401.573170,-0.340603,-4.988385
1,1,1,59.000000,87,478.293235,167.367437,3.075430,-3.942300
1,1,1,59.000000,88,151.742892,310.906366,-1.467572,4.779773
1,1,1,59.000000,89,320.593555,417.668719,-2.510123,4.324267
1,1,1,59.000000,90,202.281293,70.041253,-4.252267,-2.630252
1,1,1,59.000000,91,200.740496,180.291873,-4.978761,-0.460371
1,1,1,59.000000,92,209.363841,308.216440,-4.479264,2.221754
1,1,1,59.000000,93,191.581654,210.996463,-2.629055,4.253007
1,1,1,59.000000,94,69.456773,79.007732,-1.398817,-4.800345
1,1,1,59.000000,95,176.391736,122.185260,-1.576144,-4.745078
1,1,1,59.000000,96,135.021529,450.155095,2.719195,-4.195948
1,1,1,59.000000,97,7.150607,302.784710,-2.023050,4.572447
1,1,1,59.000000,98,99.794101,331.741470,3.838925,-3.203538
1,1,1,59.000000,99,468.264217,176.240590,-1.859175,4.641494
1,1,1,59.000000,100,148.658779,6.295593,3.136677,-3.893746
1,1,1,59.000000,101,421.060952,29.584782,3.259962,3.791128
1,1,1,59.000000,102,156.057626,203.150767,3.559333,-3.511573
1,1,1,59.000000,103,421.888241,376.565147,-4.900885,-0.990618
1,1,1,59.000000,104,189.089640,241.049447,1.367687,-4.809307
1,1,1,59.000000,105,60.129610,224.852240,-0.703244,4.950298
1,1,1,59.000000,106,298.982602,453.993689,3.426028,3.641749
1,1,1,59.000000,107,268.043065,497.355727,0.863095,-4.924943
1,1,1,59.000000,108,205.645269,25.888748,-4.931889,0.822477
1,1,1,59.000000,109,498.849901,73.727569,-4.990171,-0.313352
1,1,1,59.000000,110,167.921660,52.872836,4.208505,2.699720
1,1,1,59.000000,111,155.853482,193.068366,-0.457716,-4.979006
1,1,1,59.000000,112,236.172996,43.270926,-2.701555,4.207327
1,1,1,59.000000,113,127.542812,299.221652,4.567416,-2.034382
1,1,1,59.000000,114,444.821816,55.389254,4.999278,-0.084954
1,1,1,59.000000,115,8.899806,463.131695,4.340605,-2.481763
1,1,1,59.000000,116,47.932020,244.754026,-2.227617,-4.476351
1,1,1,59.000000,117,93.849275,146.210204,-2.077316,-4.548050
1,1,1,59.000000,118,8.116987,277.047281,0.883256,4.921368
1,1,1,59.000000,119,367.850232,257.198944,-0.831119,-4.930440
1,1,1,59.000000,120,470.917096,424.435481,-4.372885,2.424433
1,1,1,59.000000,121,499.662240,380.295929,-4.142866,-2.799404
1,1,1,59.000000,122,283.421986,385.806841,2.357752,-4.409196
1,1,1,59.000000,123,335.332780,369.425356,2.937865,-4.045856
1,1,1,59.000000,124,453.143606,142.634468,1.249554,-4.841344
1,1,1,59.000000,125,360.305124,155.656584,-1.645542,-4.721461
1,1,1,59.000000,126,56.901153,235.200386,4.536116,-2.103247
1,1,1,59.000000,127,347.444180,226.267902,2.438484,4.365065
1,1,1,59.000000,128,415.082768,135.516744,4.847526,-1.225355
1,1,1,59.000000,129,380.124269,353.028084,-3.271625,-3.781067
1,1,1,59.000000,130,309.970858,377.753097,4.907034,-0.959696
1,1,1,59.000000,131,50.161930,228.178874,-2.732455,4.187325
1,1,1,59.000000,132,343.967341,446.282038,-3.016795,-3.987348
1,1,1,59.000000,133,32.851851,142.804498,2.545766,4.303380
1,1,1,59.000000,134,406.313660,283.830795,-2.418454,-4.376195
1,1,1,59.000000,135,429.762704,130.562466,0.496135,-4.975324
1,1,1,59.000000,136,159.556680,454.752246,0.377721,4.985712
1,1,1,59.000000,137,401.011299,459.114346,4.670738,1.784435
1,1,1,59.000000,138,25.756337,214.785478,1.634370,4.725340
1,1,1,59.000000,139,167.867204,73.848413,-4.953798,-0.678151
1,1,1,59.000000,140,274.333085,335.145924,4.634653,-1.876163
1,1,1,59.000000,141,451.684712,367.223693,0.272966,4.992543
1,1,1,59.000000,142,411.341221,453.090661,4.399484,-2.375824
1,1,1,59.000000,143,388.657506,397.001072,1.275619,-4.834542
1,1,1,59.000000,144,428.159179,443.211241,3.787757,3.263878
1,1,1,59.000000,145,32.012855,127.916241,2.976280,4.017681
1,1,1,59.000000,146,153.487291,304.562976,4.124535,2.826342
1,1,1,59.000000,147,136.682104,306.019463,-0.578863,-4.966379
1,1,1,59.000000,148,295.007656,211.604577,-4.939796,-0.773576
1,1,1,59.000000,149,481.690439,448.316283,1.786492,4.669952
1,1,1,60.000000,0,169.351815,119.545949,-3.368968,3.694598
1,1,1,60.000000,1,50.809237,38.603036,0.981058,4.902808
1,1,1,60.000000,2,240.704794,359.971820,2.978943,-4.015706
1,1,1,60.000000,3,178.358294,374.596777,-3.430702,3.637346
1,1,1,60.000000,4,485.869095,487.091962,-3.878495,-3.155515
1,1,1,60.000000,5,338.828523,323.030831,4.292816,-2.563539
1,1,1,60.000000,6,33.164669,212.547163,4.289371,2.569299
1,1,1,60.000000,7,43.255568,457.311109,-4.520547,-2.136505
1,1,1,60.000000,8,72.563819,328.970576,-3.757273,-3.298924
1,1,1,60.000000,9,56.192240,418.482249,-1.619657,4.730403
1,1,1,60.000000,10,321.383472,416.343450,4.898124,-1.004184
1,1,1,60.000000,11,106.481126,71.407351,-0.360690,4.986973
1,1,1,60.000000,12,405.567314,425.547789,-4.884623,1.067924
1,1,1,60.000000,13,216.995036,483.799484,1.307844,-4.825924
1,1,1,60.000000,14,169.975613,287.376210,4.292360,2.564302
1,1,1,60.000000,15,284.632533,389.448502,-1.290277,4.830651
1,1,1,60.000000,16,9.962897,187.470370,-2.797600,4.144084
1,1,1,60.000000,17,275.948601,482.840165,3.170968,-3.865872
1,1,1,60.000000,18,441.912001,378.441713,-3.236487,3.811188
1,1,1,60.000000,19,408.906676,9.932201,1.459522,-4.782238
1,1,1,60.000000,20,210.836214,189.640969,4.829684,-1.293890
1,1,1,60.000000,21,394.267842,96.411977,4.912640,-0.930573
1,1,1,60.000000,22,380.194575,133.159839,-1.054761,-4.887482
1,1,1,60.000000,23,396.133313,447.288987,-4.496278,-2.187118
1,1,1,60.000000,24,450.343146,72.946236,-3.689016,3.375079
1,1,1,60.000000,25,5.787881,240.046839,-3.981111,3.025021
1,1,1,60.000000,26,390.597158,397.106072,-1.167010,-4.861902
1,1,1,60.000000,27,5.553463,269.835629,-2.020121,4.573741
1,1,1,60.000000,28,417.721423,423.968498,4.754697,-1.546886
1,1,1,60.000000,29,69.875248,265.859773,1.473691,-4.777890
1,1,1,60.000000,30,101.075299,453.215914,4.190073,2.728239
1,1,1,60.000000,31,135.602751,58.174449,2.838088,4.116462
1,1,1,60.000000,32,12.850191,76.595593,0.520063,-4.972880
1,1,1,60.000000,33,373.710812,363.135955,-0.957015,4.907558
1,1,1,60.000000,34,491.507257,172.384076,-4.694830,1.720051
1,1,1,60.000000,35,282.155571,374.223366,-1.514384,-4.765149
1,1,1,60.000000,36,283.331816,236.350076,4.889517,1.045285
1,1,1,60.000000,37,142.993183,285.216691,4.983401,-0.407079
1,1,1,60.000000,38,382.134795,146.228938,-3.135753,3.894490
1,1,1,60.000000,39,306.960667,336.859888,-4.271336,-2.599170
1,1,1,60.000000,40,283.827752,271.728248,-4.769361,1.501065
1,1,1,60.000000,41,278.841383,140.866669,4.966574,-0.577186
1,1,1,60.000000,42,297.534993,178.911515,4.353095,-2.459789
1,1,1,60.000000,43,470.676513,393.956306,-0.346499,4.987979
1,1,1,60.000000,44,424.983192,175.966335,-1.736298,-4.688845
1,1,1,60.000000,45,365.721609,155.359649,-0.362115,4.986870
1,1,1,60.000000,46,290.505789,209.650596,2.639025,-4.246828
1,1,1,60.000000,47,106.946318,475.467624,-2.216434,4.481899
1,1,1,60.000000,48,439.255850,388.503504,-0.593420,4.964660
1,1,1,60.000000,49,261.149071,360.472180,-2.998468,-4.001149
1,1,1,60.000000,50,495.513226,155.340966,-1.486067,4.774056
1,1,1,60.000000,51,440.718396,104.119724,-4.964195,-0.597300
1,1,1,60.000000,52,197.478521,230.397043,1.511732,4.765991
1,1,1,60.000000,53,431.986778,12.496515,-4.138880,2.805294
1,1,1,60.000000,54,481.915643,380.049925,4.765446,1.513448
1,1,1,60.000000,55,115.833809,345.928880,-4.998628,0.117111
1,1,1,60.000000,56,404.137868,20.093412,-2.265571,4.457262
1,1,1,60.000000,57,231.993803,289.363842,3.278913,3.774749
1,1,1,60.000000,58,195.237517,105.202601,4.807906,1.372604
1,1,1,60.000000,59,0.354501,100.399647,-4.701773,-1.700979
1,1,1,60.000000,60,348.346364,210.640117,-4.098735,-2.863629
1,1,1,60.000000,61,268.173135,365.370700,-3.899616,3.129376
1,1,1,60.000000,62,338.695526,137.345177,-4.941749,0.760995
1,1,1,60.000000,63,460.785252,48.615095,-2.758364,-4.170303
1,1,1,60.000000,64,110.766428,27.409370,4.325032,-2.508804
1,1,1,60.000000,65,331.795492,494.049685,-2.249321,-4.465485
1,1,1,60.000000,66,355.698854,92.980835,1.618669,4.730741
1,1,1,60.000000,67,268.664883,155.617537,4.825817,-1.308238
1,1,1,60.000000,68,451.305469,316.727634,-0.302921,4.990815
1,1,1,60.000000,69,78.116489,262.758531,-4.319632,-2.518091
1,1,1,60.000000,70,391.474840,380.604062,-4.007265,2.990288
1,1,1,60.000000,71,295.399483,47.396375,4.896985,1.009721
1,1,1,60.000000,72,352.450145,302.698530,4.786797,1.444499
1,1,1,60.000000,73,415.257154,208.822963,-4.035798,-2.951667
1,1,1,60.000000,74,291.523679,178.646653,0.972532,-4.904506
1,1,1,60.000000,75,394.677348,11.695330,4.262059,2.614355
1,1,1,60.000000,76,465.436672,432.408173,-2.901604,4.071940
1,1,1,60.000000,77,92.863359,335.923309,-3.610471,3.458974
1,1,1,60.000000,78,18.160214,11.590857,-4.212636,2.693268
1,1,1,60.000000,79,302.850792,423.473733,2.496123,4.332363
1,1,1,60.000000,80,460.928421,264.547854,-4.321802,2.514364
1,1,1,60.000000,81,450.847021,253.366757,-1.578096,-4.744430
1,1,1,60.000000,82,316.388226,487.763368,1.368616,4.809042
1,1,1,60.000000,83,187.598139,399.905380,0.445914,-4.980076
1,1,1,60.000000,84,388.616708,355.366194,-4.126858,-2.822949
1,1,1,60.000000,85,141.231616,25.187833,3.646889,3.420556
1,1,1,60.000000,86,48.985172,396.584784,4.723048,1.640982
1,1,1,60.000000,87,482.974203,165.610014,4.680968,-1.757423
1,1,1,60.000000,88,150.275320,315.686139,-1.369298,-4.808848
1,1,1,60.000000,89,318.083432,421.992986,4.855560,-1.193123
1,1,1,60.000000,90,198.029027,67.411000,0.156135,-4.997562
1,1,1,60.000000,91,195.761735,179.831502,-3.217652,-3.827103
1,1,1,60.000000,92,204.884577,310.438194,-3.580430,3.490061
1,1,1,60.000000,93,188.952598,215.249470,-4.792446,-1.425643
1,1,1,60.000000,94,68.057956,74.207387,4.999795,0.045309
1,1,1,60.000000,95,174.815591,117.440182,4.883095,-1.074886
1,1,1,60.000000,96,137.740724,445.959147,1.872328,4.636204
1,1,1,60.000000,97,5.092215,307.341356,-2.058391,4.556646
1,1,1,60.000000,98,103.633026,328.537932,-3.982952,3.022597
1,1,1,60.000000,99,466.405042,180.882084,4.969676,-0.549840
1,1,1,60.000000,100,153.505232,5.066002,4.846453,-1.229591
1,1,1,60.000000,101,417.740676,33.323199,-3.320276,3.738418
1,1,1,60.000000,102,159.616960,199.639194,2.013221,-4.576783
1,1,1,60.000000,103,416.987355,375.574529,-4.998851,-0.107182
1,1,1,60.000000,104,190.457327,236.240140,2.784263,4.153057
1,1,1,60.000000,105,59.426366,229.802538,3.571600,-3.499096
1,1,1,60.000000,106,302.408630,457.635438,-0.970317,-4.904945
1,1,1,60.000000,107,266.747428,497.815057,-1.295637,-4.829216
1,1,1,60.000000,108,200.713380,26.711226,2.984340,-4.011697
1,1,1,60.000000,109,498.240010,78.690233,-0.609892,4.962664
1,1,1,60.000000,110,172.130165,55.572556,0.248189,-4.993836
1,1,1,60.000000,111,155.395766,188.089360,3.941189,3.076854
1,1,1,60.000000,112,238.467758,38.828622,2.294762,-4.442304
1,1,1,60.000000,113,132.110228,297.187270,-0.136393,4.998139
1,1,1,60.000000,114,449.821095,55.304300,-0.357138,-4.987229
1,1,1,60.000000,115,4.351135,461.055738,-4.548671,-2.075957
1,1,1,60.000000,116,45.704403,240.277674,-2.623239,4.256597
1,1,1,60.000000,117,91.771959,141.662154,2.060491,4.555697
1,1,1,60.000000,118,9.000244,281.968648,-4.867791,1.142194
1,1,1,60.000000,119,367.019112,252.268504,4.992970,0.265040
1,1,1,60.000000,120,466.544211,426.859915,0.150821,4.997725
1,1,1,60.000000,121,496.727759,384.344240,-2.934481,4.048311
1,1,1,60.000000,122,285.779738,381.397646,-4.379877,2.411779
1,1,1,60.000000,123,338.270645,365.379500,0.535772,4.971212
1,1,1,60.000000,124,454.393160,137.793124,3.146767,3.885596
1,1,1,60.000000,125,358.659582,150.935124,-3.126355,3.902038
1,1,1,60.000000,126,61.437270,233.097139,-0.829150,-4.930772
1,1,1,60.000000,127,349.882664,230.632967,-0.954929,4.907964
1,1,1,60.000000,128,419.930294,134.291389,4.550755,2.071383
1,1,1,60.000000,129,376.852644,349.247017,-2.234116,4.473111
1,1,1,60.000000,130,314.877892,376.793401,-4.613730,1.927043
1,1,1,60.000000,131,47.429475,232.366199,0.221357,-4.995098
1,1,1,60.000000,132,340.950546,442.294690,4.468676,-2.242974
1,1,1,60.000000,133,35.397617,147.107878,1.301261,4.827703
1,1,1,60.000000,134,403.895206,279.454600,-0.100402,4.998992
1,1,1,60.000000,135,430.258839,125.587142,-3.805754,3.242874
1,1,1,60.000000,136,159.934401,459.737959,4.341022,2.481034
1,1,1,60.000000,137,405.682037,460.898782,-4.503782,-2.171623
1,1,1,60.000000,138,26.061050,219.776185,0.304713,4.990706
1,1,1,60.000000,139,162.913407,73.170262,-4.710742,-1.675979
1,1,1,60.000000,140,278.967738,333.269761,-4.661241,1.809098
1,1,1,60.000000,141,451.957678,372.216236,4.477476,-2.225355
1,1,1,60.000000,142,415.740706,450.714838,3.416884,-3.650329
1,1,1,60.000000,143,389.933125,392.166530,-3.538051,-3.533015
1,1,1,60.000000,144,431.946936,446.475119,-1.334320,-4.818671
1,1,1,60.000000,145,34.989136,131.933921,-4.450049,2.279708
1,1,1,60.000000,146,157.611826,307.389318,-4.989547,-0.323146
1,1,1,60.000000,147,136.103241,301.053085,-1.876238,-4.634623
1,1,1,60.000000,148,290.067860,210.831001,-4.723762,1.638924
1,1,1,60.000000,149,480.608735,453.197873,-1.081703,4.881590
1,1,1,61.000000,0,165.982846,123.240547,-4.679749,-1.760667
1,1,1,61.000000,1,51.790294,43.505844,4.876020,-1.106539
1,1,1,61.000000,2,243.683738,355.956114,-1.351741,-4.813813
1,1,1,61.000000,3,174.927592,378.234123,3.298375,-3.757755
1,1,1,61.000000,4,481.990600,483.936447,-3.783404,3.268923
1,1,1,61.000000,5,343.121338,320.467292,-4.647215,-1.844829
1,1,1,61.000000,6,37.454040,215.116462,0.244611,4.994013
1,1,1,61.000000,7,38.678157,455.299317,-4.577411,-2.011792
1,1,1,61.000000,8,68.806547,325.671652,4.999473,0.072599
1,1,1,61.000000,9,54.572583,423.212652,-2.220123,-4.480073
1,1,1,61.000000,10,326.281596,415.339266,-3.231527,-3.815394
1,1,1,61.000000,11,106.120436,76.394324,4.992322,0.276978
1,1,1,61.000000,12,400.682691,426.615713,-4.847787,-1.224322
1,1,1,61.000000,13,218.302880,478.973560,-3.211731,3.832073
1,1,1,61.000000,14,174.267972,289.940513,-4.536263,-2.102931
1,1,1,61.000000,15,283.342256,394.279153,4.383652,-2.404910
1,1,1,61.000000,16,5.154324,188.840637,-4.808573,1.370266
1,1,1,61.000000,17,275.640669,487.830674,-0.307931,4.990509
1,1,1,61.000000,18,438.675515,382.252901,1.412465,4.796347
1,1,1,61.000000,19,411.660461,14.105529,2.753785,4.173328
1,1,1,61.000000,20,215.665898,188.347079,-2.148159,4.515021
1,1,1,61.000000,21,399.180482,95.481404,4.934066,-0.809314
1,1,1,61.000000,22,379.139814,128.272357,4.933716,-0.811449
1,1,1,61.000000,23,391.637035,445.101869,2.268985,4.455525
1,1,1,61.000000,24,446.654130,76.321315,4.800342,1.398827
1,1,1,61.000000,25,10.782399,239.812756,4.994518,-0.234083
1,1,1,61.000000,26,389.430148,392.244170,-3.714106,3.347449
1,1,1,61.000000,27,3.533342,274.409370,0.709406,4.949418
1,1,1,61.000000,28,422.476120,422.421612,4.291175,-2.566285
1,1,1,61.000000,29,71.348939,261.081883,-4.978870,0.459190
1,1,1,61.000000,30,105.265373,455.944153,1.648626,4.720385
1,1,1,61.000000,31,138.440839,62.290910,-2.697791,-4.209742
1,1,1,61.000000,32,16.053224,80.434940,3.203033,3.839347
1,1,1,61.000000,33,372.753797,368.043513,-4.892153,-1.032879
1,1,1,61.000000,34,487.083358,174.714124,-4.423899,2.330048
1,1,1,61.000000,35,280.641187,369.458217,-0.396902,-4.984222
1,1,1,61.000000,36,288.221333,237.395362,4.161769,-2.771224
1,1,1,61.000000,37,147.976584,284.809613,4.918258,-0.900413
1,1,1,61.000000,38,378.999042,150.123428,-0.161464,-4.997392
1,1,1,61.000000,39,302.689330,334.260718,2.618210,-4.259692
1,1,1,61.000000,40,279.058391,273.229312,4.998010,0.141069
1,1,1,61.000000,41,283.807957,140.289483,1.175519,4.859851
1,1,1,61.000000,42,301.888088,176.451727,-3.518230,-3.552754
1,1,1,61.000000,43,472.290576,398.688621,1.614062,4.732315
1,1,1,61.000000,44,423.246894,171.277490,4.512981,2.152441
1,1,1,61.000000,45,365.359494,160.346519,4.880586,1.086224
1,1,1,61.000000,46,293.144815,205.403768,0.606959,-4.963023
1,1,1,61.000000,47,104.729885,479.949523,2.143127,4.517412
1,1,1,61.000000,48,438.662430,393.468165,4.712068,-1.672249
1,1,1,61.000000,49,258.150603,356.471031,-4.976520,-0.483990
1,1,1,61.000000,50,491.743268,158.625386,-3.769958,3.284420
1,1,1,61.000000,51,435.754201,103.522424,3.560450,-3.510441
1,1,1,61.000000,52,198.990253,235.163034,-1.834366,4.651355
1,1,1,61.000000,53,427.847898,15.301809,-3.894029,-3.136326
1,1,1,61.000000,54,486.681089,381.563373,4.955209,-0.667759
1,1,1,61.000000,55,110.835181,346.045991,2.655252,4.236701
1,1,1,61.000000,56,401.872297,24.550675,2.706321,-4.204263
1,1,1,61.000000,57,235.272716,293.138591,-4.756949,1.539948
1,1,1,61.000000,58,200.045423,106.575205,-0.530319,-4.971797
1,1,1,61.000000,59,3.216066,104.499823,2.861565,4.100176
1,1,1,61.000000,60,344.247629,207.776488,-2.780976,4.155258
1,1,1,61.000000,61,264.273518,368.500076,1.958803,4.600336
1,1,1,61.000000,62,333.753776,138.106173,4.905889,-0.965531
1,1,1,61.000000,63,459.159080,43.886928,-1.626173,-4.728167
1,1,1,61.000000,64,114.679132,30.522366,3.912704,3.112996
1,1,1,61.000000,65,336.676831,495.132519,4.881339,1.082834
1,1,1,61.000000,66,357.317523,97.711576,-4.597629,1.965148
1,1,1,61.000000,67,273.490700,154.309299,4.101307,2.859944
1,1,1,61.000000,68,451.002548,321.718449,-2.861719,-4.100069
1,1,1,61.000000,69,73.796857,260.240441,0.759157,-4.942032
1,1,1,61.000000,70,387.467575,383.594351,2.428461,4.370649
1,1,1,61.000000,71,300.296468,48.406096,-2.597274,4.272490
1,1,1,61.000000,72,357.236942,304.143029,1.449145,-4.785392
1,1,1,61.000000,73,411.221356,205.871297,-5.000000,-0.000157
1,1,1,61.000000,74,292.496211,173.742147,1.706700,4.699699
1,1,1,61.000000,75,398.939407,14.309684,4.037827,-2.948890
1,1,1,61.000000,76,470.397461,433.033125,4.960790,0.624952
1,1,1,61.000000,77,89.252888,339.382283,-0.476936,4.977201
1,1,1,61.000000,78,13.637424,9.459105,-4.522791,-2.131752
1,1,1,61.000000,79,305.346915,427.806096,-4.417262,2.342605
1,1,1,61.000000,80,456.606619,267.062218,0.051901,-4.999731
1,1,1,61.000000,81,449.268925,248.622327,-1.800246,-4.664666
1,1,1,61.000000,82,317.756842,492.572410,1.719244,4.695125
1,1,1,61.000000,83,188.044053,394.925304,4.907424,0.957700
1,1,1,61.000000,84,384.489850,352.543245,-3.966763,3.043812
1,1,1,61.000000,85,144.878505,28.608389,-4.997503,0.157997
1,1,1,61.000000,86,53.708220,398.225766,-3.500275,-3.570445
1,1,1,61.000000,87,479.275279,168.974232,-3.698924,3.364218
1,1,1,61.000000,88,148.906021,310.877291,-0.663364,4.955799
1,1,1,61.000000,89,322.938991,420.799864,-2.533124,4.310833
1,1,1,61.000000,90,198.185162,62.413439,4.484166,2.211844
1,1,1,61.000000,91,192.544083,176.004399,-4.340601,2.481769
1,1,1,61.000000,92,201.304147,313.928255,3.795845,-3.254467
1,1,1,61.000000,93,184.160152,213.823826,3.686310,-3.378034
1,1,1,61.000000,94,73.057751,74.252696,4.494198,2.191390
1,1,1,61.000000,95,179.698686,116.365296,4.564833,2.040172
1,1,1,61.000000,96,139.613052,450.595351,-4.993663,-0.251662
1,1,1,61.000000,97,1.994856,303.416262,-3.097360,-3.925094
1,1,1,61.000000,98,99.650074,331.560529,-0.155732,4.997574
1,1,1,61.000000,99,471.374718,180.332244,-0.420066,4.982323
1,1,1,61.000000,100,149.323978,2.324265,-4.181253,-2.741737
1,1,1,61.000000,101,421.903267,30.553212,4.162592,-2.769987
1,1,1,61.000000,102,161.630180,195.062411,-1.867405,-4.638189
1,1,1,61.000000,103,411.988504,375.467347,4.991027,-0.299410
1,1,1,61.000000,104,193.241589,240.393197,-0.252295,-4.993631
1,1,1,61.000000,105,62.997966,226.303441,3.914416,-3.110843
1,1,1,61.000000,106,301.438313,452.730493,-3.206568,3.836395
1,1,1,61.000000,107,262.180864,495.778764,-4.566565,-2.036293
1,1,1,61.000000,108,203.697720,22.699528,3.770800,3.283453
1,1,1,61.000000,109,497.741808,81.665836,-4.018182,2.975603
1,1,1,61.000000,110,172.378354,50.578720,-1.758089,-4.680718
1,1,1,61.000000,111,159.336955,191.166215,-4.356936,2.452980
1,1,1,61.000000,112,234.600532,41.997938,-3.867226,3.169316
1,1,1,61.000000,113,131.973835,302.185409,0.526814,-4.972169
1,1,1,61.000000,114,449.463956,50.317071,-4.786058,-1.446943
1,1,1,61.000000,115,9.342808,460.767297,4.991673,-0.288441
1,1,1,61.000000,116,43.081164,244.534271,-4.794092,1.420100
1,1,1,61.000000,117,93.832450,146.217852,-4.586968,-1.989905
1,1,1,61.000000,118,4.132452,283.110842,-3.668058,-3.397845
1,1,1,61.000000,119,372.012083,252.533544,-3.156608,3.877605
1,1,1,61.000000,120,466.695033,431.857639,-4.819193,1.332432
1,1,1,61.000000,121,499.856865,380.444407,3.129106,-3.899833
1,1,1,61.000000,122,281.399861,383.809425,-2.813319,4.133429
1,1,1,61.000000,123,338.806417,370.350712,4.461369,-2.257474
1,1,1,61.000000,124,457.539927,141.678720,3.679175,3.385805
1,1,1,61.000000,125,355.533226,154.837162,-3.246072,3.803027
1,1,1,61.000000,126,60.608120,228.166367,-3.570055,-3.500673
1,1,1,61.000000,127,348.927735,235.540931,4.423218,2.331338
1,1,1,61.000000,128,424.481049,136.362772,-1.288244,4.831193
1,1,1,61.000000,129,374.618527,353.720128,0.371183,4.986203
1,1,1,61.000000,130,310.264162,378.720444,-4.241313,2.647879
1,1,1,61.000000,131,47.650833,227.371101,2.999610,-4.000293
1,1,1,61.000000,132,345.419222,440.051716,0.467368,4.978109
1,1,1,61.000000,133,36.698878,151.935581,-2.536364,4.308928
1,1,1,61.000000,134,403.794803,284.453592,-0.274830,-4.992441
1,1,1,61.000000,135,426.453085,128.830016,4.983739,-0.402925
1,1,1,61.000000,136,164.275423,462.218992,-1.051569,-4.888170
1,1,1,61.000000,137,401.178255,458.727159,3.739633,3.318907
1,1,1,61.000000,138,21.302214,218.242080,-4.758836,-1.534105
1,1,1,61.000000,139,158.202664,71.494282,-0.490380,-4.975895
1,1,1,61.000000,140,274.306497,335.078858,-4.380385,-2.410856
1,1,1,61.000000,141,456.435155,369.990881,1.393469,-4.801900
1,1,1,61.000000,142,419.157590,447.064509,1.360869,-4.811240
1,1,1,61.000000,143,386.395074,388.633515,-1.365359,-4.809968
1,1,1,61.000000,144,430.612616,441.656448,-0.578663,-4.966402
1,1,1,61.000000,145,30.539087,134.213629,4.636739,-1.871002
1,1,1,61.000000,146,152.622279,307.066173,-3.598783,-3.471133
1,1,1,61.000000,147,134.227003,296.418462,3.339860,3.720932
1,1,1,61.000000,148,285.344098,212.469925,4.281302,-2.582722
1,1,1,61.000000,149,476.114682,455.389559,-4.494053,2.191686
1,1,1,62.000000,0,161.303097,121.479880,2.117261,4.529592
1,1,1,62.000000,1,56.666314,42.399305,1.660349,4.716274
1,1,1,62.000000,2,242.331997,351.142301,-4.142422,2.800060
1,1,1,62.000000,3,178.225967,374.476369,4.959684,0.633668
1,1,1,62.000000,4,478.207197,487.205370,-4.589633,1.983751
1,1,1,62.000000,5,338.474124,318.622463,-0.079838,-4.999363
1,1,1,62.000000,6,37.698652,220.110475,3.240662,3.807639
1,1,1,62.000000,7,38.852865,450.302371,0.174709,-4.996947
1,1,1,62.000000,8,73.806020,325.744250,0.331626,4.988990
1,1,1,62.000000,9,52.352460,418.732579,4.418682,2.339925
1,1,1,62.000000,10,323.050068,411.523872,4.171236,2.756953
1,1,1,62.000000,11,111.112759,76.671302,-4.689250,1.735204
1,1,1,62.000000,12,395.834904,425.391391,4.676481,1.769328
1,1,1,62.000000,13,215.091150,482.805633,4.952479,-0.687717
1,1,1,62.000000,14,169.731709,287.837582,-2.269273,-4.455379
1,1,1,62.000000,15,287.725908,391.874243,-4.275845,-2.591747
1,1,1,62.000000,16,8.593862,192.469628,3.439538,3.628992
1,1,1,62.000000,17,274.790115,492.757798,-0.850555,4.927125
1,1,1,62.000000,18,440.087979,387.049248,-2.495150,-4.332923
1,1,1,62.000000,19,414.001979,18.523367,2.341519,4.417838
1,1,1,62.000000,20,213.517739,192.862100,-2.313045,-4.432812
1,1,1,62.000000,21,404.114548,94.672090,2.411356,-4.380110
1,1,1,62.000000,22,384.073530,127.460909,4.190788,-2.727141
1,1,1,62.000000,23,393.906020,449.557395,4.575340,2.016497
1,1,1,62.000000,24,451.454472,77.720142,4.853764,-1.200405
1,1,1,62.000000,25,10.760734,234.812803,-0.021665,-4.999953
1,1,1,62.000000,26,385.716042,395.591619,-0.726789,-4.946896
1,1,1,62.000000,27,4.242749,279.358788,-3.176829,3.861056
1,1,1,62.000000,28,426.767295,419.855327,-4.983332,0.407925
1,1,1,62.000000,29,66.370069,261.541073,-4.507648,-2.163587
1,1,1,62.000000,30,106.913998,460.664538,-0.413073,-4.982908
1,1,1,62.000000,31,135.743048,58.081169,-2.922821,-4.056737
1,1,1,62.000000,32,19.686859,83.869571,3.633635,3.434632
1,1,1,62.000000,33,367.861644,367.010634,4.363940,2.440498
1,1,1,62.000000,34,491.506729,177.045174,4.423370,2.331050
1,1,1,62.000000,35,280.244285,364.473995,-1.847744,-4.646057
1,1,1,62.000000,36,292.383102,234.624138,1.550142,-4.753637
1,1,1,62.000000,37,152.894841,283.909200,4.600632,1.958107
1,1,1,62.000000,38,378.837578,145.126036,1.098815,4.877767
1,1,1,62.000000,39,305.307540,330.001026,-0.536528,4.971130
1,1,1,62.000000,40,284.056401,273.370381,3.564962,3.505859
1,1,1,62.000000,41,284.983476,145.149335,4.623434,1.903643
1,1,1,62.000000,42,298.369858,172.898973,-4.585410,1.993493
1,1,1,62.000000,43,469.971895,394.258754,-2.318681,-4.429867
1,1,1,62.000000,44,427.759875,173.429931,-2.506139,-4.326577
1,1,1,62.000000,45,370.240080,161.432743,-4.997859,0.146290
1,1,1,62.000000,46,293.751774,200.440745,-3.530619,3.540442
1,1,1,62.000000,47,106.873011,484.466935,3.665217,-3.400909
1,1,1,62.000000,48,443.374498,391.795916,-3.220707,3.824533
1,1,1,62.000000,49,253.174083,355.987041,3.434202,3.634041
1,1,1,62.000000,50,486.942191,160.021691,-4.801076,1.396305
1,1,1,62.000000,51,439.314651,100.011983,4.907107,-0.959322
1,1,1,62.000000,52,197.155887,239.814388,4.788842,1.437705
1,1,1,62.000000,53,423.953869,12.165483,-4.842137,-1.246479
1,1,1,62.000000,54,491.636298,380.895614,4.581539,-2.002374
1,1,1,62.000000,55,113.490433,350.282692,2.065923,4.553237
1,1,1,62.000000,56,404.578619,20.346412,-3.060779,3.953686
1,1,1,62.000000,57,230.515768,294.678539,-0.228366,4.994782
1,1,1,62.000000,58,199.515105,101.603408,-4.894814,-1.020192
1,1,1,62.000000,59,0.352977,100.400710,-2.863088,-4.099113
1,1,1,62.000000,60,341.466653,211.931746,2.515825,4.320952
1,1,1,62.000000,61,266.232322,373.100412,-4.733829,1.609617
1,1,1,62.000000,62,338.659665,137.140641,1.995659,-4.584468
1,1,1,62.000000,63,454.186726,43.361857,-4.972354,-0.525071
1,1,1,62.000000,64,116.339069,35.238786,1.659937,4.716419
1,1,1,62.000000,65,334.233483,490.770175,-2.443348,-4.362344
1,1,1,62.000000,66,352.719894,99.676724,-4.026795,2.963937
1,1,1,62.000000,67,277.592008,157.169242,2.136365,-4.520613
1,1,1,62.000000,68,448.140829,317.618380,-3.919844,-3.104001
1,1,1,62.000000,69,74.556015,255.298409,-4.975459,0.494785
1,1,1,62.000000,70,389.896036,387.965000,4.412109,2.352295
1,1,1,62.000000,71,297.699195,52.678586,-0.903687,-4.917657
1,1,1,62.000000,72,358.686086,299.357636,-0.524564,4.972407
1,1,1,62.000000,73,406.221356,205.871140,-1.019151,-4.895031
1,1,1,62.000000,74,294.202912,178.441846,-2.173037,4.503100
1,1,1,62.000000,75,402.977234,11.360794,3.623788,3.445020
1,1,1,62.000000,76,475.373953,432.548839,4.976492,-0.484285
1,1,1,62.000000,77,88.775952,344.359484,-1.887827,4.629914
1,1,1,62.000000,78,9.227679,7.102381,-4.409745,-2.356725
1,1,1,62.000000,79,300.929654,430.148701,-3.638918,-3.429035
1,1,1,62.000000,80,456.658520,262.062488,3.506619,-3.564214
1,1,1,62.000000,81,447.468679,243.957661,-3.900127,-3.128739
1,1,1,62.000000,82,319.476087,497.267535,-2.935643,4.047468
1,1,1,62.000000,83,192.951477,395.883004,4.856067,1.191054
1,1,1,62.000000,84,380.523087,355.587057,-3.809398,3.238594
1,1,1,62.000000,85,139.881002,28.766386,-4.974784,-0.501519
1,1,1,62.000000,86,50.207945,394.655321,3.740954,-3.317418
1,1,1,62.000000,87,476.509876,164.808594,-2.765404,-4.165638
1,1,1,62.000000,88,148.242657,315.833090,-3.183922,-3.855210
1,1,1,62.000000,89,320.405867,425.110697,-0.366658,-4.986538
1,1,1,62.000000,90,202.669328,64.625283,-4.990830,0.302675
1,1,1,62.000000,91,188.203482,178.486168,4.128083,2.821158
1,1,1,62.000000,92,205.099993,310.673788,-3.994970,3.006695
1,1,1,62.000000,93,187.846462,210.445792,4.192400,-2.724662
1,1,1,62.000000,94,77.551948,76.444086,4.980942,-0.436137
1,1,1,62.000000,95,184.263519,118.405468,-1.377447,-4.806520
1,1,1,62.000000,96,134.619389,450.343690,-0.349955,4.987738
1,1,1,62.000000,97,3.421852,298.624219,1.426996,-4.792044
1,1,1,62.000000,98,99.494342,336.558104,4.148216,-2.791470
1,1,1,62.000000,99,470.954653,185.314567,4.962750,-0.609193
1,1,1,62.000000,100,154.323974,2.317233,4.999995,-0.007032
1,1,1,62.000000,101,417.801353,33.412285,-4.101914,2.859073
1,1,1,62.000000,102,159.762776,190.424222,4.689004,1.735870
1,1,1,62.000000,103,416.979532,375.167938,-4.815525,-1.345628
1,1,1,62.000000,104,192.989295,235.399567,1.606650,-4.734836
1,1,1,62.000000,105,66.912382,223.192598,-2.576825,4.284854
1,1,1,62.000000,106,298.231745,456.566887,4.512553,2.153338
1,1,1,62.000000,107,263.688314,491.011418,1.507450,-4.767347
1,1,1,62.000000,108,207.468520,25.982981,3.614164,-3.455115
1,1,1,62.000000,109,498.491039,84.953474,-3.767152,3.287638
1,1,1,62.000000,110,170.620264,45.898002,3.339495,-3.721259
1,1,1,62.000000,111,154.980019,193.619195,1.605734,4.735147
1,1,1,62.000000,112,229.817687,40.540410,-4.782845,-1.457529
1,1,1,62.000000,113,132.500649,297.213240,2.444104,4.361921
1,1,1,62.000000,114,444.677898,48.870128,1.980656,-4.590970
1,1,1,62.000000,115,13.540793,463.483347,4.197984,2.716050
1,1,1,62.000000,116,38.287072,245.954371,2.894409,-4.077058
1,1,1,62.000000,117,89.245481,144.227947,3.904306,-3.123523
1,1,1,62.000000,118,0.464394,279.712998,-0.742836,4.944512
1,1,1,62.000000,119,368.855474,256.411149,-2.931620,4.050384
1,1,1,62.000000,120,461.875839,433.190071,0.791457,-4.936962
1,1,1,62.000000,121,496.201880,383.856310,-3.654985,3.411903
1,1,1,62.000000,122,278.586541,387.942854,-4.587522,1.988627
1,1,1,62.000000,123,343.267786,368.093238,-3.127234,3.901334
1,1,1,62.000000,124,461.219102,145.064525,-2.164142,4.507382
1,1,1,62.000000,125,352.287154,158.640189,-0.161516,4.997391
1,1,1,62.000000,126,57.038065,224.665694,-4.941587,0.762050
1,1,1,62.000000,127,353.350953,237.872269,-4.975537,-0.493999
1,1,1,62.000000,128,423.192805,141.193965,-4.066234,2.909595
1,1,1,62.000000,129,374.989711,358.706332,-1.272397,-4.835391
1,1,1,62.000000,130,306.022849,381.368323,3.016857,-3.987302
1,1,1,62.000000,131,50.650442,223.370808,0.130689,-4.998292
1,1,1,62.000000,132,345.886590,445.029825,-2.400283,4.386187
1,1,1,62.000000,133,34.162514,156.244509,-3.316181,-3.742051
1,1,1,62.000000,134,403.519973,279.461151,2.778045,-4.157218
1,1,1,62.000000,135,431.436823,128.427091,2.312077,4.433317
1,1,1,62.000000,136,163.223854,457.330823,1.813858,-4.659390
1,1,1,62.000000,137,404.917888,462.046066,-3.422973,-3.644620
1,1,1,62.000000,138,22.939306,222.966477,1.637092,4.724397
1,1,1,62.000000,139,157.712284,66.518388,-4.999944,0.023627
1,1,1,62.000000,140,269.926112,332.668002,4.408821,-2.358453
1,1,1,62.000000,141,457.828624,365.188981,-0.532498,-4.971564
1,1,1,62.000000,142,420.518459,442.253268,3.991130,-3.011791
1,1,1,62.000000,143,385.029715,383.823547,-4.761948,1.524418
1,1,1,62.000000,144,430.033953,436.690046,1.565776,4.748510
1,1,1,62.000000,145,35.175826,132.342627,-4.774818,-1.483615
1,1,1,62.000000,146,149.023496,303.595040,-3.482209,3.588067
1,1,1,62.000000,147,137.566863,300.139393,-4.995849,-0.203699
1,1,1,62.000000,148,289.625400,209.887203,-4.810174,-1.364633
1,1,1,62.000000,149,476.337356,460.384598,0.222674,4.995039
1,1,1,63.000000,0,163.420358,126.009472,4.977307,-0.475834
1,1,1,63.000000,1,58.326663,47.115579,0.132973,4.998231
1,1,1,63.000000,2,238.189575,353.942361,-2.115018,4.530640
1,1,1,63.000000,3,183.185651,375.110037,-4.012759,-2.982913
1,1,1,63.000000,4,473.617564,489.189122,0.292421,-4.991442
1,1,1,63.000000,5,338.394286,313.623101,0.761159,-4.941724
1,1,1,63.000000,6,40.939313,223.918114,3.380234,3.684293
1,1,1,63.000000,7,43.398390,448.219534,4.545524,-2.082836
1,1,1,63.000000,8,74.137645,330.733241,3.755924,-3.300460
1,1,1,63.000000,9,56.771142,421.072504,-4.172395,-2.755199
1,1,1,63.000000,10,327.221305,414.280825,1.248127,-4.841712
1,1,1,63.000000,11,106.423509,78.406506,0.309074,-4.990438
1,1,1,63.000000,12,400.511385,427.160720,-3.440206,-3.628358
1,1,1,63.000000,13,220.043628,482.117916,-4.941299,-0.763916
1,1,1,63.000000,14,167.462436,283.382203,3.040941,3.968964
1,1,1,63.000000,15,283.450063,389.282496,2.450408,-4.358383
1,1,1,63.000000,16,5.581702,188.478777,-3.012160,-3.990851
1,1,1,63.000000,17,278.224925,489.124332,3.434810,-3.633466
1,1,1,63.000000,18,437.592829,382.716325,-4.985033,-0.386582
1,1,1,63.000000,19,418.166023,15.755562,4.164043,-2.767805
1,1,1,63.000000,20,211.204694,188.429288,-0.344641,4.988108
1,1,1,63.000000,21,406.525904,90.291980,4.878543,1.095364
1,1,1,63.000000,22,388.264318,124.733768,4.338526,2.485395
1,1,1,63.000000,23,398.481360,451.573892,-4.553567,2.065195
1,1,1,63.000000,24,456.308236,76.519736,-4.259100,2.619173
1,1,1,63.000000,25,11.321157,239.781296,0.560423,4.968493
1,1,1,63.000000,26,384.989253,390.644723,-2.380891,-4.396744
1,1,1,63.000000,27,1.065919,283.219845,-2.277220,4.451322
1,1,1,63.000000,28,421.783963,420.263252,0.232028,-4.994613
1,1,1,63.000000,29,61.862420,259.377486,4.436350,2.306252
1,1,1,63.000000,30,106.500925,455.681630,4.441763,-2.295809
1,1,1,63.000000,31,132.820227,54.024432,4.968286,0.562258
1,1,1,63.000000,32,19.493898,78.873296,-0.192961,-4.996275
1,1,1,63.000000,33,372.225584,369.451132,-2.911721,-4.064711
1,1,1,63.000000,34,488.652794,181.150666,-2.853934,4.105491
1,1,1,63.000000,35,278.396542,359.827938,2.581970,4.281756
1,1,1,63.000000,36,293.933244,229.870502,4.996848,0.177522
1,1,1,63.000000,37,157.495473,285.867307,-4.888053,1.052111
1,1,1,63.000000,38,379.936393,150.003802,-1.951606,4.603394
1,1,1,63.000000,39,304.771012,334.972157,4.181314,2.741645
1,1,1,63.000000,40,287.621363,276.876240,-0.719903,-4.947903
1,1,1,63.000000,41,289.606910,147.052978,3.480930,3.589308
1,1,1,63.000000,42,293.784448,174.892466,0.071140,4.999494
1,1,1,63.000000,43,466.664205,398.008312,-3.307690,3.749559
1,1,1,63.000000,44,425.253736,169.103354,-4.899350,0.998185
1,1,1,63.000000,45,365.242220,161.579032,-1.389344,-4.803095
1,1,1,63.000000,46,290.221155,203.981187,-4.999106,-0.094524
1,1,1,63.000000,47,110.538228,481.066026,-3.057207,-3.956449
1,1,1,63.000000,48,440.153791,395.620448,-4.420220,2.337018
1,1,1,63.000000,49,256.608285,359.621082,-1.418455,4.794579
1,1,1,63.000000,50,483.905796,163.994134,-3.036395,3.972443
1,1,1,63.000000,51,444.221758,99.052662,-4.185893,-2.734648
1,1,1,63.000000,52,201.944728,241.252094,-3.875814,3.158807
1,1,1,63.000000,53,419.111732,10.919005,-2.921412,4.057752
1,1,1,63.000000,54,496.217837,378.893239,-3.435210,-3.633089
1,1,1,63.000000,55,115.556355,354.835928,4.831468,-1.287213
1,1,1,63.000000,56,401.517839,24.300098,-2.830673,-4.121564
1,1,1,63.000000,57,230.287402,299.673321,2.650110,-4.239919
1,1,1,63.000000,58,194.620290,100.583216,-4.946081,-0.732312
1,1,1,63.000000,59,0.613536,105.393917,0.260559,4.993206
1,1,1,63.000000,60,343.982478,216.252698,-3.968453,-3.041609
1,1,1,63.000000,61,261.498493,374.710029,0.406011,4.983488
1,1,1,63.000000,62,340.655324,132.556173,-1.176884,4.859521
1,1,1,63.000000,63,451.500995,47.579303,-2.685731,4.217446
1,1,1,63.000000,64,116.761748,30.256683,0.422679,-4.982102
1,1,1,63.000000,65,332.423000,495.430878,-1.810483,4.660703
1,1,1,63.000000,66,348.693099,102.640661,0.713462,4.948835
1,1,1,63.000000,67,279.728373,152.648629,2.920691,4.058271
1,1,1,63.000000,68,444.220985,314.514379,1.233770,4.845391
1,1,1,63.000000,69,69.580556,255.793193,-2.191530,4.494129
1,1,1,63.000000,70,394.308145,390.317295,-4.724512,-1.636762
1,1,1,63.000000,71,296.795507,47.760929,-2.888001,-4.081599
1,1,1,63.000000,72,358.161522,304.330043,-3.762785,3.292636
1,1,1,63.000000,73,405.202205,200.976109,-3.572139,-3.498546
1,1,1,63.000000,74,292.029875,182.944947,-4.611517,-1.932334
1,1,1,63.000000,75,406.601022,14.805814,1.365683,4.809876
1,1,1,63.000000,76,475.813448,427.568192,0.439495,-4.980647
1,1,1,63.000000,77,86.888124,348.989398,0.413638,4.982861
1,1,1,63.000000,78,11.406946,11.602469,2.179267,4.500088
1,1,1,63.000000,79,297.290736,426.719666,2.656102,4.236168
1,1,1,63.000000,80,460.165139,258.498274,-3.722629,-3.337968
1,1,1,63.000000,81,443.568552,240.828922,-4.814089,-1.350757
1,1,1,63.000000,82,316.540443,498.684997,-2.935643,-4.047468
1,1,1,63.000000,83,197.807544,397.074058,4.269589,2.602039
1,1,1,63.000000,84,376.713689,358.825650,4.484249,-2.211675
1,1,1,63.000000,85,134.906218,28.264867,-3.864555,3.172573
1,1,1,63.000000,86,53.948899,391.337904,-4.943436,-0.749964
1,1,1,63.000000,87,471.842676,166.602262,-4.667200,1.793668
1,1,1,63.000000,88,145.058736,311.977881,2.338741,4.419309
1,1,1,63.000000,89,320.039209,420.124159,-4.717387,1.657184
1,1,1,63.000000,90,197.678498,64.927958,-4.999975,-0.015891
1,1,1,63.000000,91,192.331564,181.307326,-4.984104,0.398384
1,1,1,63.000000,92,201.105023,313.680483,-1.995415,4.584574
1,1,1,63.000000,93,192.038862,207.721130,2.193962,4.492942
1,1,1,63.000000,94,82.532890,76.007948,-1.216594,4.849732
1,1,1,63.000000,95,182.886072,113.598947,-2.870241,4.094107
1,1,1,63.000000,96,134.269434,455.331428,4.482475,-2.215269
1,1,1,63.000000,97,4.347962,293.710735,0.926110,-4.913484
1,1,1,63.000000,98,103.642558,333.766633,1.556624,4.751518
1,1,1,63.000000,99,475.917402,184.705374,-1.211638,4.850972
1,1,1,63.000000,100,153.785931,2.653734,-0.538043,4.970967
1,1,1,63.000000,101,417.235437,28.444414,-0.565916,-4.967871
1,1,1,63.000000,102,164.451779,192.160092,-4.996365,0.190624
1,1,1,63.000000,103,412.164006,373.822310,2.860025,-4.101251
1,1,1,63.000000,104,194.595945,230.664730,-0.084862,4.999280
1,1,1,63.000000,105,64.335557,227.477452,-0.736513,-4.945457
1,1,1,63.000000,106,302.744298,458.720226,4.993947,-0.245948
1,1,1,63.000000,107,266.654306,495.036700,2.965992,4.025282
1,1,1,63.000000,108,211.082684,22.527866,-4.170283,-2.758394
1,1,1,63.000000,109,497.564365,80.040097,-0.926674,-4.913377
1,1,1,63.000000,110,173.959760,42.176742,-4.837710,-1.263552
1,1,1,63.000000,111,156.585753,198.354342,4.020657,-2.972258
1,1,1,63.000000,112,225.401071,42.884234,-4.416615,2.343824
1,1,1,63.000000,113,134.944752,301.575162,1.485781,4.774144
1,1,1,63.000000,114,446.658554,44.279158,1.978405,-4.591940
1,1,1,63.000000,115,9.153614,461.084875,-4.387178,-2.398472
1,1,1,63.000000,116,41.181481,241.877314,4.529638,-2.117162
1,1,1,63.000000,117,93.149787,141.104424,3.499629,3.571078
1,1,1,63.000000,118,0.278442,284.657509,0.742836,4.944512
1,1,1,63.000000,119,365.923855,260.461532,2.649336,4.240403
1,1,1,63.000000,120,462.667297,428.253109,4.451180,-2.277497
1,1,1,63.000000,121,499.565241,386.517651,-4.232879,2.661341
1,1,1,63.000000,122,273.999019,389.931481,0.584881,-4.965674
1,1,1,63.000000,123,340.140552,371.994572,-3.927890,3.093813
1,1,1,63.000000,124,459.054960,149.571906,4.515095,2.148004
1,1,1,63.000000,125,352.125638,163.637580,-2.992755,4.005424
1,1,1,63.000000,126,52.096478,225.427745,-4.995858,-0.203469
1,1,1,63.000000,127,348.375416,237.378271,3.845753,3.195338
1,1,1,63.000000,128,419.126571,144.103560,-1.229904,-4.846374
1,1,1,63.000000,129,373.717314,353.870941,4.818165,1.336145
1,1,1,63.000000,130,309.039705,377.381021,3.358545,3.704075
1,1,1,63.000000,131,50.781131,218.372517,-4.287723,2.572048
1,1,1,63.000000,132,343.486307,449.416012,-0.778410,4.939036
1,1,1,63.000000,133,30.846333,152.502458,2.974516,4.018987
1,1,1,63.000000,134,406.298019,275.303933,-3.185142,3.854201
1,1,1,63.000000,135,433.748901,132.860408,-0.134834,-4.998182
1,1,1,63.000000,136,165.037712,452.671432,-2.284742,-4.447466
1,1,1,63.000000,137,401.494915,458.401446,1.391238,-4.802547
1,1,1,63.000000,138,27.817293,224.064314,4.877987,1.097836
1,1,1,63.000000,139,152.712340,66.542015,-3.730574,3.329087
1,1,1,63.000000,140,274.334933,330.309549,-3.955772,3.058083
1,1,1,63.000000,141,457.296126,360.217418,0.927895,-4.913147
1,1,1,63.000000,142,424.509589,439.241477,0.732983,-4.945982
1,1,1,63.000000,143,380.267767,385.347965,-4.737559,-1.598603
1,1,1,63.000000,144,431.599729,441.438555,-3.438722,-3.629765
1,1,1,63.000000,145,30.401008,130.859012,1.812344,4.659980
1,1,1,63.000000,146,145.541288,307.183107,-3.573273,3.497387
1,1,1,63.000000,147,132.571014,299.935694,-0.561928,4.968323
1,1,1,63.000000,148,284.815226,208.522570,4.170072,2.758714
1,1,1,63.000000,149,474.608828,465.076313,-1.728528,4.691715
1,1,1,64.000000,0,168.397665,125.533638,-4.790875,-1.430914
1,1,1,64.000000,1,58.459636,52.113810,3.636619,-3.431472
1,1,1,64.000000,2,236.074556,358.473001,4.883918,1.071144
1,1,1,64.000000,3,179.172892,372.127124,-4.050446,2.931533
1,1,1,64.000000,4,473.909984,484.197680,-1.897649,4.625898
1,1,1,64.000000,5,339.155445,308.681377,4.798537,-1.405005
1,1,1,64.000000,6,44.319547,227.602407,-4.983146,-0.410194
1,1,1,64.000000,7,39.505067,445.082332,-3.893323,-3.137202
1,1,1,64.000000,8,77.893569,327.432781,-4.920668,0.887144
1,1,1,64.000000,9,52.598747,418.317305,4.925711,0.858705
1,1,1,64.000000,10,328.469432,409.439113,-2.034074,4.567553
1,1,1,64.000000,11,106.732582,73.416067,-2.868950,4.095012
1,1,1,64.000000,12,397.071180,423.532361,2.464322,-4.350531
1,1,1,64.000000,13,215.102330,481.354000,2.841034,-4.114429
1,1,1,64.000000,14,170.503377,287.351168,4.601327,1.956474
1,1,1,64.000000,15,285.900471,384.924113,4.862777,-1.163359
1,1,1,64.000000,16,1.499683,191.366183,-4.082020,2.887406
1,1,1,64.000000,17,273.887480,491.611613,-4.337446,2.487281
1,1,1,64.000000,18,432.607796,382.329742,-4.982696,-0.415615
1,1,1,64.000000,19,415.865564,20.194919,-2.300459,4.439357
1,1,1,64.000000,20,210.860054,193.417396,-4.423903,2.330040
1,1,1,64.000000,21,411.404447,91.387344,-4.001481,2.998024
1,1,1,64.000000,22,392.602844,127.219163,0.058187,4.999661
1,1,1,64.000000,23,393.927793,453.639087,2.829423,-4.122422
1,1,1,64.000000,24,452.049137,79.138910,-4.804012,1.386170
1,1,1,64.000000,25,7.226271,242.650427,-4.094886,2.869130
1,1,1,64.000000,26,382.608362,386.247980,4.895878,-1.015076
1,1,1,64.000000,27,1.211300,287.671167,2.277220,4.451322
1,1,1,64.000000,28,422.015990,415.268639,-3.841316,-3.200671
1,1,1,64.000000,29,66.298771,261.683738,-4.786414,1.445767
1,1,1,64.000000,30,110.942688,453.385821,0.454991,-4.979255
1,1,1,64.000000,31,137.788513,54.586689,0.573912,-4.966953
1,1,1,64.000000,32,14.505475,78.533237,-4.988423,-0.340060
1,1,1,64.000000,33,369.313863,365.386420,4.988128,0.344349
1,1,1,64.000000,34,493.119744,183.397077,4.466949,2.246411
1,1,1,64.000000,35,280.978512,364.109694,1.462546,-4.781313
1,1,1,64.000000,36,298.930091,230.048024,2.415846,4.377635
1,1,1,64.000000,37,152.607420,286.919418,3.269570,3.782845
1,1,1,64.000000,38,377.984787,154.607196,-2.494090,-4.333534
1,1,1,64.000000,39,308.952326,337.713801,-4.784614,1.451711
1,1,1,64.000000,40,286.901460,271.928338,4.351745,-2.462178
1,1,1,64.000000,41,293.087839,150.642285,-3.205505,3.837282
1,1,1,64.000000,42,293.855589,179.891960,2.610065,-4.264688
1,1,1,64.000000,43,470.087955,394.364421,3.423749,-3.643891
1,1,1,64.000000,44,420.354386,170.101539,-4.109887,-2.847600
1,1,1,64.000000,45,363.852876,156.775937,4.483676,-2.212838
1,1,1,64.000000,46,285.222049,203.886663,1.758333,-4.680627
1,1,1,64.000000,47,107.481021,477.109577,-3.767087,3.287713
1,1,1,64.000000,48,435.733571,397.957466,-4.539013,2.096989
1,1,1,64.000000,49,255.189830,364.415661,3.479140,-3.591042
1,1,1,64.000000,50,479.580132,161.486420,-4.325664,-2.507714
1,1,1,64.000000,51,440.035865,96.318014,3.890192,3.141084
1,1,1,64.000000,52,198.068914,244.410901,-4.837262,-1.265267
1,1,1,64.000000,53,416.190320,14.976757,-4.976776,0.481351
1,1,1,64.000000,54,492.782627,375.260151,-4.977664,-0.472086
1,1,1,64.000000,55,120.387823,353.548715,-3.279056,3.774625
1,1,1,64.000000,56,398.687167,20.178534,4.053886,-2.926774
1,1,1,64.000000,57,232.937512,295.433401,-4.732056,-1.614820
1,1,1,64.000000,58,189.674209,99.850904,-3.697920,-3.365321
1,1,1,64.000000,59,3.114023,102.061455,3.727559,-3.332462
1,1,1,64.000000,60,340.014025,213.211089,1.293358,-4.829827
1,1,1,64.000000,61,261.904504,379.693517,-1.169989,-4.861186
1,1,1,64.000000,62,339.478440,137.415694,4.296711,-2.557006
1,1,1,64.000000,63,454.230945,43.390344,2.729950,-4.188959
1,1,1,64.000000,64,111.793213,29.696635,-4.968536,-0.560048
1,1,1,64.000000,65,329.479334,499.472514,-2.943667,4.041637
1,1,1,64.000000,66,349.406562,107.589497,-4.759041,1.533471
1,1,1,64.000000,67,282.649064,156.706900,2.626047,4.254865
1,1,1,64.000000,68,445.454755,319.359770,-1.962023,4.598964
1,1,1,64.000000,69,67.389027,260.287323,-4.933911,0.810263
1,1,1,64.000000,70,389.583634,388.680533,-3.022524,-3.983008
1,1,1,64.000000,71,293.907507,43.679330,-4.575642,2.015811
1,1,1,64.000000,72,354.398737,307.622679,-0.120453,-4.998549
1,1,1,64.000000,73,401.630066,197.477562,-3.700181,3.362835
1,1,1,64.000000,74,287.418358,181.012613,4.361927,2.444093
1,1,1,64.000000,75,407.966705,19.615690,-0.536637,4.971119
1,1,1,64.000000,76,479.785710,424.531561,3.972262,-3.036632
1,1,1,64.000000,77,87.301763,353.972259,-4.841521,-1.248869
1,1,1,64.000000,78,15.968133,9.554159,4.561187,-2.048310
1,1,1,64.000000,79,299.946838,430.955834,-4.511594,2.155347
1,1,1,64.000000,80,456.442509,255.160306,-4.998051,-0.139584
1,1,1,64.000000,81,438.754462,239.478165,-4.780807,1.464201
1,1,1,64.000000,82,318.673356,496.792760,2.132913,-4.522243
1,1,1,64.000000,83,202.077133,399.676097,-2.413504,-4.378926
1,1,1,64.000000,84,381.197938,356.613975,2.398559,-4.387131
1,1,1,64.000000,85,131.041663,31.437440,4.322882,2.512507
1,1,1,64.000000,86,49.005464,390.587940,-0.939178,-4.911002
1,1,1,64.000000,87,467.447209,164.219013,-4.395466,-2.383249
1,1,1,64.000000,88,147.397477,316.397189,-4.545300,-2.083327
1,1,1,64.000000,89,315.321822,421.781343,-2.555047,4.297875
1,1,1,64.000000,90,192.678523,64.912067,-1.276029,4.834434
1,1,1,64.000000,91,187.347461,181.705710,0.858392,4.925765
1,1,1,64.000000,92,199.109608,318.265057,4.843190,-1.242380
1,1,1,64.000000,93,194.232824,212.214072,-4.998877,-0.105958
1,1,1,64.000000,94,81.316296,80.857680,-0.239015,-4.994284
1,1,1,64.000000,95,180.015831,117.693055,-2.251754,4.464258
1,1,1,64.000000,96,138.751909,453.116159,-4.930952,0.828079
1,1,1,64.000000,97,1.457112,289.631154,-2.890850,-4.079582
1,1,1,64.000000,98,105.199182,338.518151,-3.034398,-3.973969
1,1,1,64.000000,99,474.705764,189.556347,1.861590,-4.640526
1,1,1,64.000000,100,149.176114,4.590120,-4.609817,1.936386
1,1,1,64.000000,101,420.265482,24.467125,3.030045,-3.977289
1,1,1,64.000000,102,159.455415,192.350715,-3.884375,-3.148275
1,1,1,64.000000,103,415.024031,369.721059,1.448925,-4.785459
1,1,1,64.000000,104,194.511083,235.664010,4.961595,0.618529
1,1,1,64.000000,105,63.599044,222.531995,4.372950,-2.424316
1,1,1,64.000000,106,307.738245,458.474278,-4.277805,2.588509
1,1,1,64.000000,107,271.275073,496.946807,4.620767,1.910107
1,1,1,64.000000,108,206.912400,19.769472,4.259805,2.618027
1,1,1,64.000000,109,499.358424,76.099186,-3.077211,-3.940910
1,1,1,64.000000,110,169.122050,40.913190,3.137601,3.893001
1,1,1,64.000000,111,160.606411,195.382084,-1.783060,-4.671263
1,1,1,64.000000,112,221.123564,45.473236,-4.277507,2.589002
1,1,1,64.000000,113,136.430533,306.349306,3.039928,-3.969740
1,1,1,64.000000,114,448.636958,39.687218,-4.931597,0.824227
1,1,1,64.000000,115,6.906012,465.551225,-2.247603,4.466350
1,1,1,64.000000,116,45.711119,239.760151,-3.721025,-3.339756
1,1,1,64.000000,117,96.649417,144.675502,-4.640038,-1.862807
1,1,1,64.000000,118,3.834926,281.814940,4.113368,-2.842570
1,1,1,64.000000,119,368.573191,264.701935,-4.964156,-0.597628
1,1,1,64.000000,120,467.118477,425.975612,2.329361,4.424260
1,1,1,64.000000,121,494.567285,386.374701,-4.997956,-0.142950
1,1,1,64.000000,122,274.583900,384.965807,-4.992767,-0.268841
1,1,1,64.000000,123,336.212662,375.088385,-3.009416,3.992921
1,1,1,64.000000,124,463.570054,151.719910,3.316429,3.741831
1,1,1,64.000000,125,349.132884,167.643003,-1.403704,4.798918
1,1,1,64.000000,126,47.100620,225.224276,-4.749585,-1.562510
1,1,1,64.000000,127,352.221170,240.573608,2.686864,4.216724
1,1,1,64.000000,128,417.896668,139.257186,-3.978496,3.028460
1,1,1,64.000000,129,378.535479,355.207085,1.604400,4.735599
1,1,1,64.000000,130,312.398251,381.085096,-2.769840,4.162690
1,1,1,64.000000,131,46.493408,220.944564,-3.285242,3.769242
1,1,1,64.000000,132,342.707897,454.355048,-3.028881,3.978175
1,1,1,64.000000,133,33.820849,156.521445,3.144919,3.887092
1,1,1,64.000000,134,403.112876,279.158134,-4.448952,2.281848
1,1,1,64.000000,135,433.614067,127.862227,-0.222173,4.995061
1,1,1,64.000000,136,162.752971,448.223966,0.217517,4.995266
1,1,1,64.000000,137,402.886153,453.598899,-1.291733,4.830261
1,1,1,64.000000,138,26.806880,219.167471,-1.010412,-4.896843
1,1,1,64.000000,139,148.981766,69.871102,1.156511,-4.864410
1,1,1,64.000000,140,270.379161,333.367631,4.680695,-1.758150
1,1,1,64.000000,141,458.224020,355.304271,1.333966,4.818769
1,1,1,64.000000,142,425.242572,434.295496,-4.154551,-2.782033
1,1,1,64.000000,143,375.530207,383.749361,-3.871692,-3.163858
1,1,1,64.000000,144,428.161007,437.808790,-2.539115,4.307307
1,1,1,64.000000,145,32.213352,135.518992,1.960846,-4.599465
1,1,1,64.000000,146,141.968014,310.680494,-4.899380,-0.998034
1,1,1,64.000000,147,132.009086,304.904018,-4.811241,-1.360866
1,1,1,64.000000,148,288.985298,211.281283,2.279607,4.450100
1,1,1,64.000000,149,476.440252,469.728828,1.831423,4.652514
1,1,1,65.000000,0,163.606790,124.102724,3.001052,3.999210
1,1,1,65.000000,1,62.096255,48.682339,4.799506,-1.401693
1,1,1,65.000000,2,240.958474,359.544145,-1.527865,-4.760843
1,1,1,65.000000,3,175.122446,375.058657,-2.556783,4.296843
1,1,1,65.000000,4,472.012336,488.823578,3.415179,-3.651925
1,1,1,65.000000,5,343.953982,307.276372,-4.458842,2.262461
1,1,1,65.000000,6,39.336402,227.192213,-2.846082,4.110939
1,1,1,65.000000,7,36.129092,448.770529,-3.375975,3.688196
1,1,1,65.000000,8,72.972901,328.319925,-1.322497,-4.821929
1,1,1,65.000000,9,57.524457,419.176011,4.995695,-0.207432
1,1,1,65.000000,10,326.435358,414.006666,4.698732,-1.709361
1,1,1,65.000000,11,103.863632,77.511080,2.966530,4.024885
1,1,1,65.000000,12,399.535502,419.181831,4.300190,-2.551151
1,1,1,65.000000,13,217.943364,477.239571,4.941786,-0.760756
1,1,1,65.000000,14,175.104704,289.307642,-3.067454,3.948509
1,1,1,65.000000,15,290.763248,383.760755,4.939670,-0.774378
1,1,1,65.000000,16,6.413988,190.444445,4.914306,-0.921738
1,1,1,65.000000,17,277.874940,488.594966,3.987461,-3.016647
1,1,1,65.000000,18,427.625100,381.914127,2.748203,-4.177006
1,1,1,65.000000,19,410.984124,19.112541,-4.881440,-1.082378
1,1,1,65.000000,20,206.436151,195.747435,4.200003,2.712927
1,1,1,65.000000,21,407.402966,94.385368,-4.248815,-2.635824
1,1,1,65.000000,22,392.661031,132.218825,-4.599518,-1.960722
1,1,1,65.000000,23,396.757216,449.516664,1.038970,4.890863
1,1,1,65.000000,24,447.245124,80.525080,1.279011,4.833646
1,1,1,65.000000,25,4.302216,238.594579,-2.924055,-4.055848
1,1,1,65.000000,26,387.504240,385.232904,-3.463216,-3.606402
1,1,1,65.000000,27,3.762883,288.178615,4.974183,0.507448
1,1,1,65.000000,28,418.174675,412.067968,-3.078573,-3.939846
1,1,1,65.000000,29,61.512357,263.129505,0.900821,-4.918183
1,1,1,65.000000,30,111.397680,448.406566,5.000000,0.000203
1,1,1,65.000000,31,138.362425,49.619736,3.329868,-3.729877
1,1,1,65.000000,32,9.512091,78.790371,-4.993384,0.257134
1,1,1,65.000000,33,374.301991,365.730769,4.499830,2.179800
1,1,1,65.000000,34,496.572347,187.013640,3.452604,3.616563
1,1,1,65.000000,35,282.441058,359.328381,0.386658,4.985027
1,1,1,65.000000,36,301.345938,234.425659,1.541140,-4.756562
1,1,1,65.000000,37,155.876990,290.702263,1.308777,4.825671
1,1,1,65.000000,38,375.490697,150.273662,4.977476,0.474063
1,1,1,65.000000,39,304.167711,339.165512,1.927982,4.613338
1,1,1,65.000000,40,291.253204,269.466160,4.192193,-2.724980
1,1,1,65.000000,41,289.882334,154.479568,-1.283858,4.832360
1,1,1,65.000000,42,296.465654,175.627272,-2.397520,4.387698
1,1,1,65.000000,43,469.417063,399.319207,-0.670892,4.954786
1,1,1,65.000000,44,416.244499,167.253939,0.545270,-4.970179
1,1,1,65.000000,45,368.336552,154.563099,3.809449,3.238534
1,1,1,65.000000,46,286.980382,199.206037,4.798793,-1.404133
1,1,1,65.000000,47,103.713934,480.397290,3.113476,-3.912322
1,1,1,65.000000,48,431.194558,400.054455,-4.380481,2.410681
1,1,1,65.000000,49,258.668970,360.824619,2.678647,4.221949
1,1,1,65.000000,50,483.312134,164.813906,3.732002,3.327486
1,1,1,65.000000,51,443.926057,99.459098,2.485376,4.338537
1,1,1,65.000000,52,193.231653,243.145634,4.999873,-0.035661
1,1,1,65.000000,53,411.213543,15.458107,4.910576,-0.941406
1,1,1,65.000000,54,487.804963,374.788064,1.025799,4.893643
1,1,1,65.000000,55,117.108768,357.323340,4.637755,-1.868484
1,1,1,65.000000,56,402.741053,17.251760,-2.915112,4.062280
1,1,1,65.000000,57,228.205455,293.818582,-2.557548,4.296388
1,1,1,65.000000,58,185.976289,96.485583,2.212496,4.483844
1,1,1,65.000000,59,1.419685,97.357285,-1.694338,-4.704170
1,1,1,65.000000,60,341.307383,208.381263,-4.368940,2.431535
1,1,1,65.000000,61,260.734515,374.832332,-3.988150,-3.015735
1,1,1,65.000000,62,343.775151,134.858689,-1.818309,-4.657655
1,1,1,65.000000,63,453.804453,48.372122,-0.426492,4.981777
1,1,1,65.000000,64,110.145038,24.976093,-1.648175,-4.720542
1,1,1,65.000000,65,326.761622,496.330577,-2.717712,-4.196909
1,1,1,65.000000,66,344.647521,109.122967,4.973975,0.509478
1,1,1,65.000000,67,285.275112,160.961765,-0.416209,-4.982647
1,1,1,65.000000,68,443.492732,323.958733,-4.930425,-0.831211
1,1,1,65.000000,69,62.455116,261.097586,4.995978,-0.200509
1,1,1,65.000000,70,386.561110,384.697525,2.556149,4.297220
1,1,1,65.000000,71,289.331864,45.695141,-3.845829,3.195246
1,1,1,65.000000,72,354.278284,302.624130,-0.090978,-4.999172
1,1,1,65.000000,73,397.929885,200.840398,-0.579590,-4.966294
1,1,1,65.000000,74,291.780285,183.456706,2.816590,-4.131201
1,1,1,65.000000,75,407.430068,24.586809,-4.952054,-0.690769
1,1,1,65.000000,76,475.392433,426.918842,-4.393277,2.387282
1,1,1,65.000000,77,82.460242,352.723390,3.253898,-3.796334
1,1,1,65.000000,78,15.319675,4.596387,-0.648457,-4.957772
1,1,1,65.000000,79,295.435245,433.111182,-4.997921,-0.144178
1,1,1,65.000000,80,451.444458,255.020722,2.140217,4.518791
1,1,1,65.000000,81,433.973656,240.942366,0.049650,4.999753
1,1,1,65.000000,82,314.720976,499.855225,-3.952380,3.062465
1,1,1,65.000000,83,199.663629,395.297170,-4.187857,-2.731640
1,1,1,65.000000,84,383.596497,352.226844,-4.996618,-0.183859
1,1,1,65.000000,85,135.364545,33.949947,3.885290,-3.147145
1,1,1,65.000000,86,48.066285,385.676938,3.752554,3.304291
1,1,1,65.000000,87,471.370506,161.119376,3.923296,-3.099636
1,1,1,65.000000,88,142.852177,314.313863,2.259209,-4.460490
1,1,1,65.000000,89,312.766775,426.079218,-4.786752,-1.444647
1,1,1,65.000000,90,191.402494,69.746501,0.027448,-4.999925
1,1,1,65.000000,91,188.205853,186.631475,3.221443,-3.823912
1,1,1,65.000000,92,203.952798,317.022677,-4.746551,1.571705
1,1,1,65.000000,93,189.233947,212.108115,0.268693,4.992775
1,1,1,65.000000,94,81.077281,75.863396,-4.699489,1.707279
1,1,1,65.000000,95,177.764076,122.157313,3.727256,-3.332801
1,1,1,65.000000,96,133.820957,453.944238,-4.597060,-1.966479
1,1,1,65.000000,97,3.041011,291.814475,4.498123,2.183321
1,1,1,65.000000,98,102.164784,334.544182,4.172258,-2.755407
1,1,1,65.000000,99,476.567354,184.915820,1.500647,4.769493
1,1,1,65.000000,100,154.139266,3.984216,4.963152,-0.605904
1,1,1,65.000000,101,415.422489,23.223974,-4.842992,-1.243151
1,1,1,65.000000,102,155.571040,189.202441,1.696802,-4.703282
1,1,1,65.000000,103,416.472956,364.935600,3.776353,-3.277065
1,1,1,65.000000,104,199.472678,236.282539,0.653471,-4.957114
1,1,1,65.000000,105,67.971994,220.107678,0.101500,-4.998970
1,1,1,65.000000,106,303.460440,461.062787,-1.360294,4.811403
1,1,1,65.000000,107,272.384284,498.177780,1.109211,-4.875413
1,1,1,65.000000,108,211.172205,22.387499,-3.744215,-3.313737
1,1,1,65.000000,109,496.853428,72.835762,-3.788148,-3.263424
1,1,1,65.000000,110,172.259651,44.806191,-2.065425,4.553463
1,1,1,65.000000,111,158.823351,190.710822,-3.237233,-3.810555
1,1,1,65.000000,112,226.051461,44.627166,4.927897,-0.846070
1,1,1,65.000000,113,139.470461,302.379566,-4.963491,0.603123
1,1,1,65.000000,114,443.705361,40.511445,-0.643257,4.958449
1,1,1,65.000000,115,4.140286,469.716650,-2.765725,4.165425
1,1,1,65.000000,116,41.990094,236.420395,-3.085403,3.934499
1,1,1,65.000000,117,92.009379,142.812695,4.977494,-0.473876
1,1,1,65.000000,118,8.371647,279.712997,4.536721,-2.101942
1,1,1,65.000000,119,363.609035,264.104307,4.941491,0.762674
1,1,1,65.000000,120,469.447838,430.399872,-4.741403,1.587166
1,1,1,65.000000,121,490.607091,389.427054,-3.960194,3.052353
1,1,1,65.000000,122,269.591132,384.696966,4.994202,0.240714
1,1,1,65.000000,123,333.203246,379.081306,3.968663,3.041335
1,1,1,65.000000,124,466.886483,155.461741,3.649641,-3.417619
1,1,1,65.000000,125,347.729180,172.441922,3.241818,3.806654
1,1,1,65.000000,126,42.351035,223.661766,4.772518,1.490998
1,1,1,65.000000,127,354.908034,244.790332,4.800884,1.396964
1,1,1,65.000000,128,413.918171,142.285646,-2.510421,-4.324094
1,1,1,65.000000,129,380.139879,359.942684,-1.540875,4.756648
1,1,1,65.000000,130,309.628411,385.247786,-4.668195,-1.791078
1,1,1,65.000000,131,43.208166,224.713806,-1.309970,4.825348
1,1,1,65.000000,132,339.679016,458.333224,4.020399,2.972607
1,1,1,65.000000,133,36.965768,160.408537,0.394172,4.984439
1,1,1,65.000000,134,398.663925,281.439982,1.754257,4.682156
1,1,1,65.000000,135,433.391894,132.857288,-1.332530,4.819166
1,1,1,65.000000,136,162.970487,453.219232,-3.899482,-3.129543
1,1,1,65.000000,137,401.594420,458.429161,1.334291,4.818679
1,1,1,65.000000,138,31.794457,219.519727,4.987576,0.352256
1,1,1,65.000000,139,150.138277,65.006692,-0.106360,-4.998869
1,1,1,65.000000,140,275.059856,331.609481,3.469537,-3.600322
1,1,1,65.000000,141,459.557986,360.123040,1.234541,-4.845194
1,1,1,65.000000,142,421.088021,431.513462,3.744589,3.313314
1,1,1,65.000000,143,371.658515,380.585503,2.070695,4.551068
1,1,1,65.000000,144,425.621892,442.116098,-3.694653,-3.368908
1,1,1,65.000000,145,34.174198,130.919526,-1.637912,4.724113
1,1,1,65.000000,146,137.068634,309.682460,4.462325,2.255584
1,1,1,65.000000,147,127.197845,303.543152,-4.967370,-0.570292
1,1,1,65.000000,148,291.264904,215.731384,2.056170,-4.557649
1,1,1,65.000000,149,477.651435,474.579913,1.211184,4.851086
1,1,1,66.000000,0,166.607842,128.101935,-0.892796,-4.919646
1,1,1,66.000000,1,66.895761,47.280645,-4.999770,0.047923
1,1,1,66.000000,2,239.430609,354.783302,2.569228,4.289414
1,1,1,66.000000,3,172.565663,379.355500,4.972548,0.523228
1,1,1,66.000000,4,475.427515,485.171653,4.840684,1.252110
1,1,1,66.000000,5,339.495141,309.538832,-4.662612,1.805561
1,1,1,66.000000,6,36.490320,231.303151,4.463594,-2.253070
1,1,1,66.000000,7,38.534042,453.154159,2.404950,4.383630
1,1,1,66.000000,8,71.650404,323.497995,-4.785393,-1.449142
1,1,1,66.000000,9,62.520153,418.968579,3.173029,-3.864180
1,1,1,66.000000,10,331.134091,412.297305,-4.891741,1.034827
1,1,1,66.000000,11,106.830162,81.535965,-1.145005,-4.867131
1,1,1,66.000000,12,403.835692,416.630680,0.612284,-4.962369
1,1,1,66.000000,13,222.885150,476.478815,-2.490264,4.335734
1,1,1,66.000000,14,172.037249,293.256151,-4.125881,2.824377
1,1,1,66.000000,15,295.702918,382.986377,-0.468880,-4.977967
1,1,1,66.000000,16,1.455425,191.086824,-4.958563,0.642379
1,1,1,66.000000,17,274.094862,485.322198,-3.780078,-3.272768
1,1,1,66.000000,18,430.373303,377.737121,-0.809554,4.934027
1,1,1,66.000000,19,414.617890,15.678047,3.633766,-3.434493
1,1,1,66.000000,20,210.636154,198.460362,-3.079833,3.938862
1,1,1,66.000000,21,403.154150,91.749544,-1.916828,4.617983
1,1,1,66.000000,22,388.061513,130.258103,-4.994580,-0.232747
1,1,1,66.000000,23,397.796186,454.407527,-4.064386,-2.912175
1,1,1,66.000000,24,448.524135,85.358725,-4.605993,1.945465
1,1,1,66.000000,25,8.460658,235.818365,4.158442,-2.776214
1,1,1,66.000000,26,384.041024,381.626501,-4.854771,1.196329
1,1,1,66.000000,27,8.741468,287.716356,4.978586,-0.462259
1,1,1,66.000000,28,415.096102,408.128122,0.815326,-4.933076
1,1,1,66.000000,29,62.413178,258.211322,-0.306367,-4.990605
1,1,1,66.000000,30,116.397680,448.406769,0.933683,4.912050
1,1,1,66.000000,31,141.692293,45.889859,2.223654,-4.478322
1,1,1,66.000000,32,5.227423,76.213238,-4.284669,-2.577133
1,1,1,66.000000,33,378.801821,367.910569,4.745891,-1.573696
1,1,1,66.000000,34,498.250397,191.723645,1.678050,4.710005
1,1,1,66.000000,35,282.827716,364.313408,4.532350,2.111350
1,1,1,66.000000,36,302.887078,229.669096,0.604949,-4.963269
1,1,1,66.000000,37,157.185767,295.527934,-4.901612,0.987015
1,1,1,66.000000,38,380.468172,150.747725,-0.585498,-4.965601
1,1,1,66.000000,39,306.095694,343.778850,4.004631,-2.993816
1,1,1,66.000000,40,295.445397,266.741180,-3.847472,3.193267
1,1,1,66.000000,41,288.598476,159.311928,1.700011,-4.702123
1,1,1,66.000000,42,294.068133,180.014970,-3.534567,-3.536501
1,1,1,66.000000,43,464.992179,401.647384,-4.424883,2.328177
1,1,1,66.000000,44,416.789769,162.283759,0.553801,-4.969236
1,1,1,66.000000,45,372.146001,157.801633,4.760314,1.529513
1,1,1,66.000000,46,291.779175,197.801904,4.321781,2.514401
1,1,1,66.000000,47,106.827411,476.484968,3.983519,-3.021849
1,1,1,66.000000,48,426.814077,402.465136,3.761453,-3.294157
1,1,1,66.000000,49,261.347617,365.046567,-4.998337,-0.128938
1,1,1,66.000000,50,488.299652,165.166984,4.987518,0.353078
1,1,1,66.000000,51,446.411432,103.797635,4.489839,2.200306
1,1,1,66.000000,52,198.231525,243.109973,4.997124,0.169576
1,1,1,66.000000,53,416.124119,14.516701,4.126397,-2.823623
1,1,1,66.000000,54,488.830762,379.681707,3.768698,-3.285867
1,1,1,66.000000,55,121.746522,355.454856,4.685799,-1.744503
1,1,1,66.000000,56,399.825940,21.314040,-4.737328,-1.599288
1,1,1,66.000000,57,225.647908,298.114970,-1.987202,4.588140
1,1,1,66.000000,58,188.188785,100.969427,4.496814,-2.186016
1,1,1,66.000000,59,3.743691,92.930209,2.324006,-4.427075
1,1,1,66.000000,60,336.938443,210.812797,-2.845515,4.111331
1,1,1,66.000000,61,256.746365,371.816597,4.207476,-2.701322
1,1,1,66.000000,62,341.956842,130.201033,4.695970,1.716935
1,1,1,66.000000,63,451.275621,44.058769,-2.528832,-4.313353
1,1,1,66.000000,64,112.119941,29.569540,1.974903,4.593447
1,1,1,66.000000,65,329.015966,491.867626,2.254344,-4.462951
1,1,1,66.000000,66,349.621497,109.632446,-4.121376,2.830947
1,1,1,66.000000,67,284.858903,155.979118,-1.822975,4.655831
1,1,1,66.000000,68,438.562307,323.127523,-4.997480,-0.158736
1,1,1,66.000000,69,67.451094,260.897077,0.193231,-4.996265
1,1,1,66.000000,70,389.117259,388.994745,4.870002,1.132734
1,1,1,66.000000,71,285.486035,48.890387,3.890794,3.140338
1,1,1,66.000000,72,354.187306,297.624958,-4.999648,0.059348
1,1,1,66.000000,73,397.350295,195.874104,-4.830854,-1.289513
1,1,1,66.000000,74,294.596875,179.325505,-4.334862,2.491780
1,1,1,66.000000,75,402.478014,23.896040,-4.987201,0.357531
1,1,1,66.000000,76,470.392535,426.886816,-4.999897,-0.032026
1,1,1,66.000000,77,85.714139,348.927056,2.167435,4.505799
1,1,1,66.000000,78,15.396997,0.403015,0.077321,4.999402
1,1,1,66.000000,79,290.437324,432.967003,4.614447,-1.925325
1,1,1,66.000000,80,453.584675,259.539513,3.923035,-3.099968
1,1,1,66.000000,81,434.023306,245.942119,-4.955187,-0.667925
1,1,1,66.000000,82,317.926011,496.017550,3.205036,-3.837675
1,1,1,66.000000,83,195.475772,392.565530,-4.852906,-1.203872
1,1,1,66.000000,84,378.599879,352.042985,0.249701,-4.993761
1,1,1,66.000000,85,139.249835,30.802801,4.626556,-1.896043
1,1,1,66.000000,86,51.818839,388.981229,-4.825403,1.309766
1,1,1,66.000000,87,475.414410,164.059927,4.043905,2.940550
1,1,1,66.000000,88,145.111386,309.853372,0.731341,-4.946225
1,1,1,66.000000,89,307.980023,424.634572,-3.564614,3.506212
1,1,1,66.000000,90,191.429942,64.746576,-3.168437,-3.867946
1,1,1,66.000000,91,191.427296,182.807563,4.947687,0.721380
1,1,1,66.000000,92,199.206248,318.594382,3.454567,3.614688
1,1,1,66.000000,93,189.502641,217.100890,4.203634,-2.707297
1,1,1,66.000000,94,76.377792,77.570676,-4.942742,0.754518
1,1,1,66.000000,95,181.491333,118.824513,1.273720,-4.835043
1,1,1,66.000000,96,129.223898,451.977758,-1.630775,-4.726581
1,1,1,66.000000,97,5.707406,296.044172,2.666395,4.229697
1,1,1,66.000000,98,106.337042,331.788776,4.691742,1.728454
1,1,1,66.000000,99,478.068000,189.685313,2.920915,4.058110
1,1,1,66.000000,100,152.251757,8.614260,-1.887509,4.630044
1,1,1,66.000000,101,419.794284,20.797575,4.371794,-2.426399
1,1,1,66.000000,102,157.267842,184.499158,2.179555,4.499949
1,1,1,66.000000,103,420.249309,361.658535,3.801017,3.248426
1,1,1,66.000000,104,200.126149,231.325425,4.446553,2.286519
1,1,1,66.000000,105,68.073494,215.108709,-4.466944,2.246423
1,1,1,66.000000,106,302.100145,465.874190,-1.578614,-4.744257
1,1,1,66.000000,107,277.214316,496.885190,4.830032,-1.292591
1,1,1,66.000000,108,207.427989,19.073763,-0.224036,-4.994978
1,1,1,66.000000,109,495.951172,77.753682,-0.902256,4.917920
1,1,1,66.000000,110,170.194226,49.359654,1.955722,4.601647
1,1,1,66.000000,111,155.586118,186.900267,-4.452523,-2.274871
1,1,1,66.000000,112,228.400308,40.213220,2.348847,-4.413946
1,1,1,66.000000,113,134.506970,302.982689,-4.366910,-2.435180
1,1,1,66.000000,114,443.062104,45.469894,4.955111,0.668488
1,1,1,66.000000,115,4.783870,474.675057,0.643584,4.958407
1,1,1,66.000000,116,38.904690,240.354895,-4.977381,0.475061
1,1,1,66.000000,117,96.986872,142.338819,-4.999497,-0.070948
1,1,1,66.000000,118,7.135062,274.868324,-1.236586,-4.844673
1,1,1,66.000000,119,368.550526,264.866981,4.385226,2.402039
1,1,1,66.000000,120,464.706434,431.987038,-0.949043,-4.909106
1,1,1,66.000000,121,495.385623,390.898664,4.778532,1.471609
1,1,1,66.000000,122,274.585335,384.937680,-4.903319,-0.978500
1,1,1,66.000000,123,337.171908,382.122640,-3.046904,3.964388
1,1,1,66.000000,124,470.536124,152.044122,0.356248,-4.987293
1,1,1,66.000000,125,350.970998,176.248576,0.453280,-4.979411
1,1,1,66.000000,126,47.123552,225.152764,1.752512,4.682809
1,1,1,66.000000,127,359.708919,246.187296,4.971741,0.530844
1,1,1,66.000000,128,411.407751,137.961552,1.178110,-4.859224
1,1,1,66.000000,129,378.599004,364.699333,0.705424,-4.949988
1,1,1,66.000000,130,304.960216,383.456708,4.844591,1.236908
1,1,1,66.000000,131,41.898196,229.539154,4.581867,2.001623
1,1,1,66.000000,132,343.699415,461.305830,4.764480,1.516486
1,1,1,66.000000,133,37.359940,165.392976,4.455875,2.268299
1,1,1,66.000000,134,400.418182,286.122138,-3.728876,-3.330988
1,1,1,66.000000,135,432.059364,137.676455,1.289743,4.830793
1,1,1,66.000000,136,159.071005,450.089690,-4.948625,0.714922
1,1,1,66.000000,137,402.928710,463.247840,-4.259779,2.618069
1,1,1,66.000000,138,31.916645,214.521221,0.122189,-4.998507
1,1,1,66.000000,139,150.031917,60.007823,0.541119,-4.970633
1,1,1,66.000000,140,278.529393,328.009160,-3.479260,-3.590926
1,1,1,66.000000,141,460.792527,355.277846,4.402625,-2.369998
1,1,1,66.000000,142,424.832610,434.826777,-1.042427,4.890127
1,1,1,66.000000,143,373.729210,385.136571,0.263955,4.993028
1,1,1,66.000000,144,421.927239,438.747190,2.702204,-4.206910
1,1,1,66.000000,145,32.536286,135.643639,2.721691,4.194329
1,1,1,66.000000,146,141.530959,311.938043,-4.319645,-2.518068
1,1,1,66.000000,147,122.230474,302.972860,-1.113567,4.874420
1,1,1,66.000000,148,293.321074,211.173735,0.164511,4.997293
1,1,1,66.000000,149,473.481527,477.338875,-4.169908,2.758961
1,1,1,67.000000,0,165.715047,123.182289,-3.378518,-3.685867
1,1,1,67.000000,1,61.895991,47.328568,-4.658395,-1.816413
1,1,1,67.000000,2,241.999837,359.072715,3.819452,3.226729
1,1,1,67.000000,3,177.538211,379.878728,-3.057438,-3.956270
1,1,1,67.000000,4,480.268199,486.423763,3.744637,3.313260
1,1,1,67.000000,5,334.832529,311.344393,-4.988397,-0.340439
1,1,1,67.000000,6,40.953914,229.050081,-4.829558,-1.294362
1,1,1,67.000000,7,42.929707,455.537042,4.395665,2.382883
1,1,1,67.000000,8,66.865011,322.048854,-4.865133,1.153467
1,1,1,67.000000,9,65.693182,415.104399,4.995882,-0.202890
1,1,1,67.000000,10,326.242349,413.332133,1.186142,-4.857269
1,1,1,67.000000,11,105.685157,76.668834,-3.489965,3.580523
1,1,1,67.000000,12,404.447976,411.668311,0.395230,-4.984355
1,1,1,67.000000,13,220.394886,480.814549,4.964835,-0.591958
1,1,1,67.000000,14,167.911369,296.080528,-2.383335,-4.395420
1,1,1,67.000000,15,295.234038,378.008410,1.440081,-4.788128
1,1,1,67.000000,16,1.619692,195.029369,3.075117,3.942544
1,1,1,67.000000,17,269.109247,484.943196,-4.985615,-0.379003
1,1,1,67.000000,18,429.563749,382.671148,-2.695782,-4.211028
1,1,1,67.000000,19,417.797809,11.819535,3.179919,-3.858512
1,1,1,67.000000,20,207.556322,202.399224,3.758141,3.297936
1,1,1,67.000000,21,401.237322,96.367528,-2.540337,-4.306586
1,1,1,67.000000,22,383.066933,130.025355,3.964734,3.046454
1,1,1,67.000000,23,393.731799,451.495352,-2.354206,4.411090
1,1,1,67.000000,24,443.918142,87.304190,-3.996573,-3.004563
1,1,1,67.000000,25,11.779024,239.558478,3.318366,3.740113
1,1,1,67.000000,26,379.186254,382.822830,-3.276081,3.777207
1,1,1,67.000000,27,4.092482,285.875996,-4.648987,-1.840360
1,1,1,67.000000,28,415.911428,403.195046,2.741274,-4.181557
1,1,1,67.000000,29,62.106811,253.220717,-4.860703,-1.171992
1,1,1,67.000000,30,117.331362,453.318819,4.189258,-2.729491
1,1,1,67.000000,31,143.915947,41.411538,4.077408,-2.893914
1,1,1,67.000000,32,2.578400,71.972639,-2.649023,-4.240599
1,1,1,67.000000,33,383.547712,366.336873,-4.449649,2.280487
1,1,1,67.000000,34,493.669816,193.728208,-4.580582,2.004563
1,1,1,67.000000,35,287.360066,366.424758,4.088570,-2.878123
1,1,1,67.000000,36,303.492027,224.705828,-4.574826,2.017664
1,1,1,67.000000,37,152.284155,296.514949,0.471530,-4.977716
1,1,1,67.000000,38,379.882674,145.782124,-2.483176,4.339797
1,1,1,67.000000,39,310.100324,340.785034,-2.342174,-4.417490
1,1,1,67.000000,40,291.597925,269.934447,-3.083502,3.935990
1,1,1,67.000000,41,290.298487,154.609805,-2.502367,4.328760
1,1,1,67.000000,42,290.533567,176.478470,1.910292,-4.620691
1,1,1,67.000000,43,468.007078,397.658602,3.014899,-3.988782
1,1,1,67.000000,44,417.343570,157.314524,3.503829,-3.566957
1,1,1,67.000000,45,376.906315,159.331146,-4.007669,2.989747
1,1,1,67.000000,46,296.100955,200.316305,0.149585,-4.997762
1,1,1,67.000000,47,110.810930,473.463119,1.374957,4.807234
1,1,1,67.000000,48,430.575529,399.170979,-4.657908,-1.817662
1,1,1,67.000000,49,256.349279,364.917629,0.158732,-4.997480
1,1,1,67.000000,50,489.653913,169.980089,1.354262,4.813105
1,1,1,67.000000,51,450.901272,105.997941,4.170105,2.758663
1,1,1,67.000000,52,203.228649,243.279550,1.363731,4.810430
1,1,1,67.000000,53,420.250516,11.693078,-4.755923,-1.543114
1,1,1,67.000000,54,492.599459,376.395840,4.383049,2.406010
1,1,1,67.000000,55,126.432321,353.710353,-1.664164,-4.714929
1,1,1,67.000000,56,395.088612,19.714752,4.999850,0.038694
1,1,1,67.000000,57,223.660706,302.703110,-0.393965,-4.984455
1,1,1,67.000000,58,192.685599,98.783411,-3.826250,3.218666
1,1,1,67.000000,59,7.393172,96.347999,3.649481,3.417790
1,1,1,67.000000,60,334.092928,214.924129,-3.798256,3.251653
1,1,1,67.000000,61,260.953841,369.115274,0.744076,-4.944325
1,1,1,67.000000,62,346.652812,131.917968,3.669554,-3.396230
1,1,1,67.000000,63,451.207044,49.058299,-0.068577,4.999530
1,1,1,67.000000,64,112.332809,24.574073,0.212868,-4.995467
1,1,1,67.000000,65,324.442341,493.888012,-4.573624,2.020386
1,1,1,67.000000,66,345.500121,112.463393,4.666918,-1.794400
1,1,1,67.000000,67,283.035928,160.634949,4.954902,0.670034
1,1,1,67.000000,68,433.564827,322.968786,1.799228,-4.665059
1,1,1,67.000000,69,67.644326,255.900812,-1.733828,4.689759
1,1,1,67.000000,70,393.987261,390.127479,-3.709876,3.352136
1,1,1,67.000000,71,289.376828,52.030726,-0.668227,4.955146
1,1,1,67.000000,72,349.187659,297.684306,3.712359,3.349387
1,1,1,67.000000,73,392.519441,194.584590,-1.688430,4.706294
1,1,1,67.000000,74,290.262013,181.817286,0.904628,-4.917484
1,1,1,67.000000,75,397.490813,24.253571,-2.078770,4.547385
1,1,1,67.000000,76,475.290741,425.883033,4.898206,-1.003783
1,1,1,67.000000,77,87.881574,353.432856,-4.999461,0.073393
1,1,1,67.000000,78,11.684496,2.946215,-3.712501,3.349229
1,1,1,67.000000,79,295.051771,431.041678,-4.621570,1.908165
1,1,1,67.000000,80,457.507710,256.439545,2.637997,4.247467
1,1,1,67.000000,81,429.068119,245.274195,0.585976,-4.965544
1,1,1,67.000000,82,317.177526,491.073891,-0.748485,-4.943660
1,1,1,67.000000,83,190.622867,391.361658,-4.447038,-2.285576
1,1,1,67.000000,84,378.849580,347.049224,4.999848,0.038930
1,1,1,67.000000,85,143.876391,28.906759,-1.984072,4.589494
1,1,1,67.000000,86,46.993436,390.290995,-2.798343,-4.143583
1,1,1,67.000000,87,473.830395,168.802383,-1.584015,4.742457
1,1,1,67.000000,88,145.842727,304.907148,1.068288,-4.884543
1,1,1,67.000000,89,304.415409,428.140784,-4.168785,-2.760658
1,1,1,67.000000,90,188.261505,60.878630,0.285721,-4.991830
1,1,1,67.000000,91,196.374984,183.528944,4.181225,-2.741781
1,1,1,67.000000,92,202.660815,322.209069,2.692283,4.213266
1,1,1,67.000000,93,193.706275,214.393592,-0.395268,4.984352
1,1,1,67.000000,94,71.435049,78.325194,2.602820,-4.269113
1,1,1,67.000000,95,182.765053,113.989470,2.264822,-4.457643
1,1,1,67.000000,96,127.593122,447.251177,-4.393528,2.386820
1,1,1,67.000000,97,2.490525,292.216421,-3.216881,-3.827750
1,1,1,67.000000,98,111.028784,333.517230,-3.665012,-3.401131
1,1,1,67.000000,99,480.988915,193.743423,4.836672,-1.267520
1,1,1,67.000000,100,156.371007,11.448299,4.119250,2.834039
1,1,1,67.000000,101,414.802174,21.078367,-4.992109,0.280792
1,1,1,67.000000,102,159.447397,188.999107,4.981777,0.426494
1,1,1,67.000000,103,424.050326,364.906961,-3.411113,3.655723
1,1,1,67.000000,104,204.572702,233.611944,-4.127150,-2.822522
1,1,1,67.000000,105,63.606551,217.355131,4.883285,-1.074023
1,1,1,67.000000,106,300.521532,461.129933,4.364563,2.439383
1,1,1,67.000000,107,274.765813,498.755357,-2.448503,-4.359453
1,1,1,67.000000,108,207.203953,14.078784,-4.340224,2.482429
1,1,1,67.000000,109,499.187873,81.564688,3.236701,3.811006
1,1,1,67.000000,110,172.149948,53.961300,3.235772,-3.811795
1,1,1,67.000000,111,151.133595,184.625396,3.324504,3.734658
1,1,1,67.000000,112,224.793922,36.749988,-3.606386,-3.463232
1,1,1,67.000000,113,130.140061,300.547509,4.639601,1.863894
1,1,1,67.000000,114,448.017215,46.138383,0.174850,4.996942
1,1,1,67.000000,115,3.741034,479.565097,-1.042837,4.890040
1,1,1,67.000000,116,33.927310,240.829956,2.617215,-4.260303
1,1,1,67.000000,117,91.987376,142.267871,4.968487,0.560483
1,1,1,67.000000,118,5.492849,279.590944,-1.642213,4.722620
1,1,1,67.000000,119,372.935752,267.269020,2.867478,4.096043
1,1,1,67.000000,120,463.757391,427.077932,4.763910,-1.518275
1,1,1,67.000000,121,499.740451,389.782938,-4.873926,-1.115725
1,1,1,67.000000,122,269.682016,383.959180,-3.592172,3.477974
1,1,1,67.000000,123,334.125004,386.087029,2.252943,-4.463659
1,1,1,67.000000,124,470.892373,147.056829,-4.834303,1.276525
1,1,1,67.000000,125,351.424278,171.269164,0.959257,4.907120
1,1,1,67.000000,126,48.876065,229.835573,4.535586,-2.104391
1,1,1,67.000000,127,364.680659,246.718140,-3.010973,-3.991747
1,1,1,67.000000,128,412.585861,133.102328,4.001278,-2.998296
1,1,1,67.000000,129,379.304428,359.749345,4.914559,0.920387
1,1,1,67.000000,130,309.804807,384.693616,4.961483,-0.619425
1,1,1,67.000000,131,46.480063,231.540777,1.578970,-4.744139
1,1,1,67.000000,132,348.463895,462.822316,4.958873,-0.639985
1,1,1,67.000000,133,41.815814,167.661275,-1.468422,4.779512
1,1,1,67.000000,134,396.689306,282.791149,0.348725,4.987824
1,1,1,67.000000,135,433.349107,142.507248,4.869737,-1.133870
1,1,1,67.000000,136,154.122380,450.804612,4.424646,-2.328627
1,1,1,67.000000,137,398.668932,465.865909,2.983805,-4.012095
1,1,1,67.000000,138,30.112259,219.184287,-1.804386,4.663067
1,1,1,67.000000,139,150.573035,55.037191,-4.985503,0.380472
1,1,1,67.000000,140,275.050133,324.418234,0.902414,-4.917891
1,1,1,67.000000,141,465.195152,352.907847,0.912742,4.915984
1,1,1,67.000000,142,423.790183,439.716904,-1.510378,4.766420
1,1,1,67.000000,143,373.993165,390.129599,-3.265100,3.786703
1,1,1,67.000000,144,424.629443,434.540280,-2.296083,4.441622
1,1,1,67.000000,145,35.257977,139.837968,-0.737019,-4.945382
1,1,1,67.000000,146,137.211313,309.419976,-4.949523,0.708677
1,1,1,67.000000,147,121.116907,307.847279,3.681244,-3.383554
1,1,1,67.000000,148,293.485585,216.171028,4.029234,2.960620
1,1,1,67.000000,149,478.480409,477.233120,4.998881,-0.105755
1,1,1,68.000000,0,162.336529,119.496422,-1.688689,-4.706201
1,1,1,68.000000,1,57.237596,45.512155,-4.161908,2.771015
1,1,1,68.000000,2,245.819289,362.299445,0.886812,4.920728
1,1,1,68.000000,3,174.480773,375.922458,-0.295629,-4.991253
1,1,1,68.000000,4,484.012835,489.737023,4.751116,1.557850
1,1,1,68.000000,5,329.844132,311.003954,1.298387,4.828477
1,1,1,68.000000,6,36.124357,227.755719,-2.965992,4.025282
1,1,1,68.000000,7,40.196893,459.724133,-2.732814,4.187091
1,1,1,68.000000,8,61.999878,323.202321,-4.040417,-2.945340
1,1,1,68.000000,9,70.689063,414.901508,-2.168509,-4.505282
1,1,1,68.000000,10,327.428492,408.474863,2.220941,4.479667
1,1,1,68.000000,11,102.195192,80.249357,-0.303439,-4.990784
1,1,1,68.000000,12,404.843205,406.683956,-1.609752,4.733783
1,1,1,68.000000,13,225.359721,480.222591,2.337843,-4.419784
1,1,1,68.000000,14,165.528034,291.685108,-0.074594,-4.999444
1,1,1,68.000000,15,296.674119,373.220283,-4.669727,-1.787079
1,1,1,68.000000,16,3.150175,193.529911,4.769867,-1.499457
1,1,1,68.000000,17,264.513911,486.913700,-4.595336,1.970504
1,1,1,68.000000,18,426.867966,378.460120,0.553527,4.969266
1,1,1,68.000000,19,422.788116,11.508347,4.990307,-0.311188
1,1,1,68.000000,20,211.314462,205.697159,3.724511,-3.335869
1,1,1,68.000000,21,398.696985,92.060941,4.876683,1.103615
1,1,1,68.000000,22,387.031667,133.071810,-1.042481,4.890116
1,1,1,68.000000,23,391.377593,455.906442,-0.191811,4.996319
1,1,1,68.000000,24,439.921569,84.299626,1.091834,4.879334
1,1,1,68.000000,25,8.641430,243.451485,-3.137595,3.893007
1,1,1,68.000000,26,375.910172,386.600037,-4.988484,0.339158
1,1,1,68.000000,27,3.202821,280.955783,-0.889661,-4.920214
1,1,1,68.000000,28,418.652702,399.013488,2.106358,-4.534673
1,1,1,68.000000,29,57.246108,252.048725,4.928064,-0.845096
1,1,1,68.000000,30,121.520620,450.589328,4.997204,-0.167181
1,1,1,68.000000,31,147.993355,38.517623,-2.748258,4.176970
1,1,1,68.000000,32,6.071225,75.550372,3.492825,3.577733
1,1,1,68.000000,33,379.098063,368.617360,3.957513,3.055829
1,1,1,68.000000,34,498.645444,193.235134,4.975628,-0.493074
1,1,1,68.000000,35,291.448637,363.546635,-2.180165,-4.499653
1,1,1,68.000000,36,298.917202,226.723492,0.725234,4.947124
1,1,1,68.000000,37,152.755685,291.537233,2.878726,-4.088146
1,1,1,68.000000,38,377.399499,150.121921,3.381935,-3.682732
1,1,1,68.000000,39,307.758151,336.367544,-4.903753,0.976324
1,1,1,68.000000,40,288.514423,273.870437,-4.963036,0.606853
1,1,1,68.000000,41,287.796120,158.938565,-4.748497,-1.565815
1,1,1,68.000000,42,292.443859,171.857779,-3.106286,3.918034
1,1,1,68.000000,43,465.383117,401.914754,-2.623961,4.256152
1,1,1,68.000000,44,420.847399,153.747567,4.998536,-0.120987
1,1,1,68.000000,45,372.898646,162.320893,1.877664,4.634046
1,1,1,68.000000,46,296.250540,195.318543,-2.298244,4.440504
1,1,1,68.000000,47,112.185887,478.270352,-1.810273,4.660784
1,1,1,68.000000,48,425.917622,397.353317,4.979047,0.457263
1,1,1,68.000000,49,256.508012,359.920149,-0.608136,4.962879
1,1,1,68.000000,50,490.585760,174.892487,0.931847,4.912399
1,1,1,68.000000,51,455.071377,108.756603,4.604671,-1.948591
1,1,1,68.000000,52,204.592380,248.089980,-0.984356,-4.902147
1,1,1,68.000000,53,415.494593,10.149964,1.053667,4.887718
1,1,1,68.000000,54,496.982508,378.801850,-4.814814,-1.348172
1,1,1,68.000000,55,124.768157,348.995424,-1.653873,4.718549
1,1,1,68.000000,56,400.088462,19.753446,3.813068,-3.234271
1,1,1,68.000000,57,223.266741,297.718655,-4.552660,-2.067192
1,1,1,68.000000,58,188.859349,102.002077,-4.543279,-2.087730
1,1,1,68.000000,59,7.789462,101.332270,0.396289,4.984271
1,1,1,68.000000,60,330.294671,218.175782,3.992805,3.009570
1,1,1,68.000000,61,261.697917,364.170949,-4.905325,0.968393
1,1,1,68.000000,62,350.322366,128.521738,-2.096213,-4.539371
1,1,1,68.000000,63,453.908224,44.850731,2.701180,-4.207568
1,1,1,68.000000,64,111.374411,19.666785,-0.958398,-4.907288
1,1,1,68.000000,65,322.806294,498.612771,-1.636047,4.724759
1,1,1,68.000000,66,350.167039,110.668992,-4.989164,-0.328996
1,1,1,68.000000,67,287.990830,161.304983,-4.999769,0.048085
1,1,1,68.000000,68,435.364055,318.303727,-4.524199,2.128761
1,1,1,68.000000,69,65.910497,260.590571,4.932746,-0.817325
1,1,1,68.000000,70,390.277384,393.479615,-4.865051,-1.153810
1,1,1,68.000000,71,288.708601,56.985872,-4.024680,-2.966808
1,1,1,68.000000,72,352.900017,301.033693,3.212908,-3.831086
1,1,1,68.000000,73,390.831011,199.290885,-4.999749,0.050063
1,1,1,68.000000,74,291.166641,176.899802,-4.833647,-1.279005
1,1,1,68.000000,75,395.412043,28.800956,-1.438236,4.788682
1,1,1,68.000000,76,480.249859,426.521113,4.959118,0.638080
1,1,1,68.000000,77,82.882113,353.506248,3.176103,-3.861654
1,1,1,68.000000,78,15.433760,0.361809,3.749264,3.308024
1,1,1,68.000000,79,290.430201,432.949843,2.616085,-4.260998
1,1,1,68.000000,80,460.145706,260.687012,4.961120,0.622328
1,1,1,68.000000,81,429.654095,240.308650,-1.029840,-4.892794
1,1,1,68.000000,82,316.417448,486.132000,-0.760078,-4.941891
1,1,1,68.000000,83,186.175829,389.076083,3.779930,3.272938
1,1,1,68.000000,84,383.849428,347.088155,4.942151,-0.758381
1,1,1,68.000000,85,141.892319,33.496253,-4.991473,-0.291891
1,1,1,68.000000,86,44.195093,386.147412,-2.562067,4.293695
1,1,1,68.000000,87,472.816676,163.906224,-1.013720,-4.896159
1,1,1,68.000000,88,146.911015,300.022604,-3.753626,-3.303073
1,1,1,68.000000,89,300.246624,425.380125,4.464451,-2.251372
1,1,1,68.000000,90,188.547226,55.886800,0.039688,-4.999842
1,1,1,68.000000,91,200.556208,180.787163,-1.974728,-4.593522
1,1,1,68.000000,92,205.353098,326.422336,-4.553475,-2.065397
1,1,1,68.000000,93,193.311006,219.377944,-3.005466,-3.995894
1,1,1,68.000000,94,74.037869,74.056081,2.804125,-4.139672
1,1,1,68.000000,95,185.029875,109.531827,-2.413804,-4.378761
1,1,1,68.000000,96,123.199594,449.637997,-1.331857,-4.819352
1,1,1,68.000000,97,1.522825,295.198539,4.013349,2.982118
1,1,1,68.000000,98,107.363773,330.116099,-3.068082,3.948022
1,1,1,68.000000,99,485.825587,192.475903,-3.252258,3.797738
1,1,1,68.000000,100,161.279572,12.400135,4.908565,0.951836
1,1,1,68.000000,101,414.543498,16.085063,-0.258677,-4.993304
1,1,1,68.000000,102,164.429174,189.425602,-4.751385,-1.557030
1,1,1,68.000000,103,420.639213,368.562683,4.896932,-1.009979
1,1,1,68.000000,104,200.445552,230.789421,4.629680,1.888402
1,1,1,68.000000,105,68.489836,216.281108,0.170144,-4.997104
1,1,1,68.000000,106,304.886095,463.569316,3.424700,-3.642997
1,1,1,68.000000,107,279.758928,498.493049,4.993115,-0.262308
1,1,1,68.000000,108,202.863729,16.561213,4.853734,1.200527
1,1,1,68.000000,109,499.822582,76.605137,0.634709,-4.959551
1,1,1,68.000000,110,175.385720,50.149506,-4.935437,-0.800913
1,1,1,68.000000,111,154.458099,188.360054,3.927127,-3.094781
1,1,1,68.000000,112,220.833012,39.801413,-3.960910,3.051425
1,1,1,68.000000,113,134.779662,302.411403,3.236521,3.811159
1,1,1,68.000000,114,448.192065,51.135324,-3.720471,3.340373
1,1,1,68.000000,115,0.376502,483.263735,-3.364532,3.698638
1,1,1,68.000000,116,36.544525,236.569652,4.999715,-0.053391
1,1,1,68.000000,117,96.955862,142.828354,-2.439705,-4.364383
1,1,1,68.000000,118,5.129687,284.577738,-0.363162,4.986794
1,1,1,68.000000,119,375.803230,271.365063,0.675846,-4.954113
1,1,1,68.000000,120,468.521302,425.559657,-4.034224,-2.953818
1,1,1,68.000000,121,497.455551,394.230323,-2.284901,4.447385
1,1,1,68.000000,122,266.089844,387.437154,-3.621321,3.447613
1,1,1,68.000000,123,336.377947,381.623370,2.890648,-4.079725
1,1,1,68.000000,124,466.058070,148.333354,0.489281,-4.976003
1,1,1,68.000000,125,352.383535,176.176284,-4.998774,0.110726
1,1,1,68.000000,126,53.411650,227.731182,4.949864,0.706288
1,1,1,68.000000,127,361.669686,242.726393,0.619309,4.961497
1,1,1,68.000000,128,416.587138,130.104032,-1.753783,-4.682333
1,1,1,68.000000,129,384.218987,360.669733,4.742016,-1.585334
1,1,1,68.000000,130,314.766290,384.074191,-0.390746,-4.984708
1,1,1,68.000000,131,48.059033,226.796638,-1.710569,-4.698293
1,1,1,68.000000,132,353.422768,462.182331,1.801840,4.664051
1,1,1,68.000000,133,40.347393,172.440787,3.410610,-3.656192
1,1,1,68.000000,134,397.038030,287.778973,4.849351,-1.218110
1,1,1,68.000000,135,438.218844,141.373378,3.207770,3.835390
1,1,1,68.000000,136,158.547027,448.475984,3.459380,3.610081
1,1,1,68.000000,137,401.652737,461.853814,4.988124,-0.344407
1,1,1,68.000000,138,25.195790,220.094416,-4.916469,0.910129
1,1,1,68.000000,139,145.587532,55.417663,1.167946,-4.861677
1,1,1,68.000000,140,275.952547,319.500343,4.866930,-1.145857
1,1,1,68.000000,141,466.107894,357.823832,-4.522699,2.131947
1,1,1,68.000000,142,422.279805,444.483324,-4.597460,1.965543
1,1,1,68.000000,143,370.728065,393.916302,2.679026,4.221708
1,1,1,68.000000,144,422.333361,438.981902,-4.909777,-0.945565
1,1,1,68.000000,145,34.520958,134.892586,2.658052,4.234945
1,1,1,68.000000,146,132.261791,310.128653,0.736495,-4.945460
1,1,1,68.000000,147,124.798151,304.463725,4.816833,1.340938
1,1,1,68.000000,148,297.514819,219.131648,2.788530,-4.150193
1,1,1,68.000000,149,483.250397,478.732192,4.769988,1.499072
1,1,1,69.000000,0,160.647839,114.790221,1.985452,-4.588897
1,1,1,69.000000,1,53.075688,48.283170,-2.582410,-4.281490
1,1,1,69.000000,2,246.706101,367.220173,-0.369583,4.986322
1,1,1,69.000000,3,174.185144,370.931206,0.897104,4.918862
1,1,1,69.000000,4,488.763951,491.294873,4.991459,0.292132
1,1,1,69.000000,5,331.142519,315.832431,-4.980099,-0.445657
1,1,1,69.000000,6,33.158365,231.781000,4.110006,-2.847429
1,1,1,69.000000,7,44.516499,457.205998,4.319606,-2.518135
1,1,1,69.000000,8,57.959461,320.256980,-0.471998,4.977672
1,1,1,69.000000,9,68.520554,410.396226,4.352825,-2.460266
1,1,1,69.000000,10,329.649433,412.954531,0.757101,-4.942347
1,1,1,69.000000,11,101.891753,75.258573,-1.209599,4.851481
1,1,1,69.000000,12,403.233453,411.417739,4.303596,-2.545401
1,1,1,69.000000,13,227.697564,475.802807,-1.209839,-4.851421
1,1,1,69.000000,14,165.453440,286.685665,1.895430,4.626807
1,1,1,69.000000,15,292.004392,371.433203,2.115511,-4.530410
1,1,1,69.000000,16,1.845784,193.730890,4.995959,0.200979
1,1,1,69.000000,17,260.997080,483.359561,-3.516830,-3.554139
1,1,1,69.000000,18,427.421494,383.429387,-3.894791,-3.135379
1,1,1,69.000000,19,426.877281,14.385625,4.089165,2.877278
1,1,1,69.000000,20,215.038973,202.361291,4.394131,2.385710
1,1,1,69.000000,21,403.573668,93.164556,-4.829001,-1.296436
1,1,1,69.000000,22,385.989186,137.961926,-2.569258,4.289395
1,1,1,69.000000,23,391.185782,460.902761,-4.836967,-1.266391
1,1,1,69.000000,24,441.013403,89.178960,-3.427704,3.640171
1,1,1,69.000000,25,3.976769,245.251747,-4.664660,1.800262
1,1,1,69.000000,26,370.921689,386.939195,-4.257839,-2.621222
1,1,1,69.000000,27,1.357049,278.904543,4.559870,-2.051239
1,1,1,69.000000,28,420.759060,394.478816,-1.520802,-4.763104
1,1,1,69.000000,29,62.174172,251.203629,0.496549,-4.975283
1,1,1,69.000000,30,126.517824,450.422148,4.577726,-2.011075
1,1,1,69.000000,31,145.245098,42.694594,-1.139277,-4.868475
1,1,1,69.000000,32,3.558660,79.873221,-2.512565,4.322848
1,1,1,69.000000,33,383.055576,371.673189,-2.796835,4.144600
1,1,1,69.000000,34,493.650393,193.457528,-4.995052,0.222394
1,1,1,69.000000,35,289.268472,359.046982,0.185486,-4.996558
1,1,1,69.000000,36,299.642436,231.670616,-4.464058,-2.252151
1,1,1,69.000000,37,155.634412,287.449087,3.849403,-3.190940
1,1,1,69.000000,38,380.781434,146.439190,0.966784,-4.905643
1,1,1,69.000000,39,302.854398,337.343868,-4.124750,-2.826029
1,1,1,69.000000,40,283.551387,274.477290,-4.428928,2.320473
1,1,1,69.000000,41,283.047623,157.372750,-4.937034,-0.791010
1,1,1,69.000000,42,289.337573,175.775812,-4.999619,0.061728
1,1,1,69.000000,43,470.208186,403.225749,4.825069,1.310995
1,1,1,69.000000,44,425.845935,153.626580,4.982180,-0.421759
1,1,1,69.000000,45,374.776310,166.954939,4.495707,2.188292
1,1,1,69.000000,46,293.952296,199.759047,-3.885961,-3.146317
1,1,1,69.000000,47,110.375614,482.931137,-4.874728,1.112215
1,1,1,69.000000,48,430.896669,397.810580,-4.252605,-2.629705
1,1,1,69.000000,49,255.899876,364.883029,3.082709,3.936611
1,1,1,69.000000,50,494.137839,171.373576,3.552079,-3.518911
1,1,1,69.000000,51,459.676048,106.808012,2.701761,4.207195
1,1,1,69.000000,52,203.608024,243.187833,4.271716,-2.598546
1,1,1,69.000000,53,416.548261,15.037682,4.899711,0.996409
1,1,1,69.000000,54,492.167694,377.453678,-3.702902,3.359839
1,1,1,69.000000,55,123.114284,353.713973,4.389655,2.393935
1,1,1,69.000000,56,403.901531,16.519175,-4.993776,-0.249410
1,1,1,69.000000,57,218.714081,295.651463,4.248755,2.635922
1,1,1,69.000000,58,184.316070,99.914346,-0.923221,4.914027
1,1,1,69.000000,59,4.171183,97.881464,-3.618278,-3.450806
1,1,1,69.000000,60,334.287476,221.185352,1.947347,-4.605197
1,1,1,69.000000,61,256.792591,365.139342,4.259037,-2.619276
1,1,1,69.000000,62,348.226153,123.982367,-2.416904,-4.377051
1,1,1,69.000000,63,455.734549,49.505248,1.826325,4.654518
1,1,1,69.000000,64,106.542288,20.951537,-4.832123,1.284752
1,1,1,69.000000,65,325.745476,497.342329,2.939182,-4.044899
1,1,1,69.000000,66,345.177875,110.339996,2.720277,-4.195247
1,1,1,69.000000,67,282.991062,161.353068,1.086606,-4.880501
1,1,1,69.000000,68,430.839856,320.432488,-3.533690,-3.537376
1,1,1,69.000000,69,70.843243,259.773246,3.177894,3.860180
1,1,1,69.000000,70,385.412333,392.325805,-4.698818,1.709126
1,1,1,69.000000,71,284.683922,54.019064,-0.964131,-4.906165
1,1,1,69.000000,72,356.112926,297.202607,-0.416102,-4.982656
1,1,1,69.000000,73,385.831262,199.340948,4.670108,-1.786082
1,1,1,69.000000,74,286.332993,175.620797,4.999608,-0.062647
1,1,1,69.000000,75,393.973806,33.589638,-1.750782,4.683456
1,1,1,69.000000,76,480.957334,431.470808,0.707475,4.949695
1,1,1,69.000000,77,86.058215,349.644594,-3.275264,-3.777916
1,1,1,69.000000,78,14.733715,4.588942,-0.700045,4.950751
1,1,1,69.000000,79,293.046286,428.688846,4.063475,-2.913446
1,1,1,69.000000,80,465.106826,261.309340,-3.795111,-3.255323
1,1,1,69.000000,81,428.624256,235.415856,2.627279,-4.254104
1,1,1,69.000000,82,318.586189,481.626829,2.168741,-4.505171
1,1,1,69.000000,83,189.955759,392.349021,2.516853,-4.320353
1,1,1,69.000000,84,388.791579,346.329773,-2.117184,-4.529628
1,1,1,69.000000,85,136.900846,33.204362,4.980044,0.446276
1,1,1,69.000000,86,41.633026,390.441107,4.110816,-2.846259
1,1,1,69.000000,87,467.959407,165.092370,-4.857269,1.186146
1,1,1,69.000000,88,143.157389,296.719532,-4.548854,-2.075555
1,1,1,69.000000,89,304.711075,423.128754,-4.658042,-1.817319
1,1,1,69.000000,90,188.586915,50.886958,-4.997691,0.151937
1,1,1,69.000000,91,198.581480,176.193641,4.015811,2.978802
1,1,1,69.000000,92,200.799623,324.356938,1.544855,-4.755357
1,1,1,69.000000,93,190.305540,215.382050,1.689792,4.705805
1,1,1,69.000000,94,76.841995,69.916409,-3.672651,-3.392880
1,1,1,69.000000,95,182.616070,105.153066,-3.073662,-3.943679
1,1,1,69.000000,96,121.867737,444.818645,-2.260080,-4.460049
1,1,1,69.000000,97,2.711288,300.055241,1.188463,4.856702
1,1,1,69.000000,98,104.295691,334.064121,0.625678,4.960698
1,1,1,69.000000,99,482.573328,196.273641,4.948670,-0.714609
1,1,1,69.000000,100,163.568742,16.845324,2.289170,4.445189
1,1,1,69.000000,101,419.324912,17.547280,4.781414,1.462217
1,1,1,69.000000,102,159.677789,187.868572,2.300174,-4.439504
1,1,1,69.000000,103,425.536145,367.552704,-4.794004,-1.420395
1,1,1,69.000000,104,205.075232,232.677823,-1.819269,-4.657280
1,1,1,69.000000,105,68.659980,211.284004,-0.092678,-4.999141
1,1,1,69.000000,106,308.310795,459.926319,1.532014,-4.759510
1,1,1,69.000000,107,280.789772,493.600467,1.030844,-4.892582
1,1,1,69.000000,108,207.717463,17.761740,1.818108,4.657734
1,1,1,69.000000,109,498.347834,81.382701,-1.474748,4.777564
1,1,1,69.000000,110,170.450283,49.348593,-1.886625,4.630405
1,1,1,69.000000,111,158.385227,185.265273,-2.332707,-4.422497
1,1,1,69.000000,112,224.325746,36.223591,3.492734,-3.577822
1,1,1,69.000000,113,138.016183,306.222562,-2.954810,4.033497
1,1,1,69.000000,114,444.471593,54.475698,3.537848,3.533218
1,1,1,69.000000,115,0.446098,488.195604,0.822600,4.931869
1,1,1,69.000000,116,41.544240,236.516261,3.167958,-3.868338
1,1,1,69.000000,117,94.516157,138.463971,-4.907434,0.957648
1,1,1,69.000000,118,6.153050,279.683586,1.023363,-4.894152
1,1,1,69.000000,119,376.479076,266.410950,-4.972040,-0.528030
1,1,1,69.000000,120,464.487078,422.605839,-1.637983,4.724088
1,1,1,69.000000,121,498.271398,391.633974,-4.273052,-2.596349
1,1,1,69.000000,122,262.468523,390.884767,-4.665709,-1.797544
1,1,1,69.000000,123,339.268595,377.543645,3.307395,3.749818
1,1,1,69.000000,124,466.547351,143.357351,3.664040,-3.402178
1,1,1,69.000000,125,347.384761,176.287010,-3.220997,-3.824288
1,1,1,69.000000,126,58.361515,228.437470,-3.271280,-3.781366
1,1,1,69.000000,127,362.288995,247.687890,3.790230,-3.261005
1,1,1,69.000000,128,414.833355,125.421699,1.564803,-4.748831
1,1,1,69.000000,129,388.961003,359.084399,3.143132,-3.888537
1,1,1,69.000000,130,314.375544,379.089483,-2.854207,4.105302
1,1,1,69.000000,131,46.348464,222.098346,-0.694128,-4.951584
1,1,1,69.000000,132,355.224608,466.846382,-4.894754,-1.020484
1,1,1,69.000000,133,43.758003,168.784596,-4.880390,-1.087104
1,1,1,69.000000,134,401.887382,286.560864,-0.729165,-4.946546
1,1,1,69.000000,135,441.426614,145.208767,-2.413045,-4.379179
1,1,1,69.000000,136,162.006407,452.086066,4.817743,-1.337666
1,1,1,69.000000,137,406.640861,461.509407,-1.708592,4.699012
1,1,1,69.000000,138,21.328487,223.263638,-3.867303,3.169222
1,1,1,69.000000,139,146.755479,50.555986,1.885492,-4.630866
1,1,1,69.000000,140,280.819477,318.354486,4.888866,1.048328
1,1,1,69.000000,141,461.585195,359.955778,0.662037,4.955977
1,1,1,69.000000,142,417.682345,446.448867,4.931806,0.822975
1,1,1,69.000000,143,373.407090,398.138011,2.942420,4.042544
1,1,1,69.000000,144,417.423584,438.036337,-3.710236,-3.351738
1,1,1,69.000000,145,37.179010,139.127531,-3.993775,-3.008283
1,1,1,69.000000,146,132.998285,305.183193,3.443803,3.624944
1,1,1,69.000000,147,129.614985,305.804664,-0.603813,4.963407
1,1,1,69.000000,148,300.303349,214.981454,-2.281458,-4.449152
1,1,1,69.000000,149,478.256746,478.480292,-4.993651,-0.251899
1,1,1,70.000000,0,162.633292,110.201323,-3.448694,-3.620291
1,1,1,70.000000,1,50.493278,44.001680,3.378393,-3.685982
1,1,1,70.000000,2,246.336518,372.206495,0.970891,-4.904831
1,1,1,70.000000,3,175.082248,375.850068,4.988250,0.342582
1,1,1,70.000000,4,493.755410,491.587005,1.196770,-4.854662
1,1,1,70.000000,5,326.162420,315.386774,-4.639856,1.863260
1,1,1,70.000000,6,37.268371,228.933572,2.125249,-4.525850
1,1,1,70.000000,7,46.857891,452.788093,2.341392,-4.417905
1,1,1,70.000000,8,57.487463,325.234652,-4.839426,-1.256962
1,1,1,70.000000,9,72.873380,407.935960,2.909969,4.065966
1,1,1,70.000000,10,330.406534,408.012183,-4.999384,0.078458
1,1,1,70.000000,11,100.682154,80.110054,-4.987958,-0.346801
1,1,1,70.000000,12,407.537049,408.872338,-4.995088,0.221567
1,1,1,70.000000,13,226.487725,470.951385,-3.501714,3.569033
1,1,1,70.000000,14,167.348870,291.312472,4.377323,2.416412
1,1,1,70.000000,15,294.119903,366.902794,-4.260820,2.616374
1,1,1,70.000000,16,5.453312,190.268847,3.607527,-3.462044
1,1,1,70.000000,17,259.819645,488.218949,-1.177435,4.859388
1,1,1,70.000000,18,423.526702,380.294007,-4.583838,1.997105
1,1,1,70.000000,19,422.625466,17.016607,-4.251815,2.630982
1,1,1,70.000000,20,219.433104,204.747001,2.235440,4.472450
1,1,1,70.000000,21,398.744666,91.868120,4.725286,1.634526
1,1,1,70.000000,22,383.419928,142.251321,-4.809970,1.365352
1,1,1,70.000000,23,386.348814,459.636371,3.122032,3.905498
1,1,1,70.000000,24,437.585699,92.819131,-4.962925,0.607763
1,1,1,70.000000,25,5.415293,250.040343,1.438523,4.788596
1,1,1,70.000000,26,366.663849,384.317973,3.138300,-3.892438
1,1,1,70.000000,27,3.919786,274.611249,2.562737,-4.293295
1,1,1,70.000000,28,419.238258,389.715712,0.301355,4.990910
1,1,1,70.000000,29,62.670721,246.228346,-0.350870,-4.987674
1,1,1,70.000000,30,131.095550,448.411072,1.833131,-4.651842
1,1,1,70.000000,31,144.105821,37.826119,-4.439113,-2.300929
1,1,1,70.000000,32,1.406449,75.360130,-2.152211,-4.513091
1,1,1,70.000000,33,380.258741,375.817789,4.753355,-1.551005
1,1,1,70.000000,34,490.557507,197.386149,-3.092886,3.928621
1,1,1,70.000000,35,289.453957,354.050423,-4.876004,1.106610
1,1,1,70.000000,36,295.178377,229.418465,-4.373495,-2.423332
1,1,1,70.000000,37,159.483815,284.258148,1.534744,-4.758630
1,1,1,70.000000,38,381.748218,141.533547,0.243101,-4.994087
1,1,1,70.000000,39,298.729648,334.517839,0.520020,4.972884
1,1,1,70.000000,40,279.122459,276.797763,-4.543207,2.087886
1,1,1,70.000000,41,278.110589,156.581740,-4.890755,1.039478
1,1,1,70.000000,42,284.337954,175.837541,-4.833298,-1.280324
1,1,1,70.000000,43,472.132252,398.610777,1.924066,-4.614972
1,1,1,70.000000,44,430.828115,153.204821,-4.973320,-0.515838
1,1,1,70.000000,45,379.272016,169.143231,3.255265,-3.795161
1,1,1,70.000000,46,290.066335,196.612730,-1.069047,4.884377
1,1,1,70.000000,47,105.500885,484.043352,2.188625,-4.495545
1,1,1,70.000000,48,426.644063,395.180875,-3.390614,3.674743
1,1,1,70.000000,49,258.982585,368.819639,-2.506234,4.326522
1,1,1,70.000000,50,489.195375,172.129915,-4.942464,0.756339
1,1,1,70.000000,51,462.377809,111.015207,-3.632910,-3.435399
1,1,1,70.000000,52,207.879740,240.589287,-4.998276,-0.131282
1,1,1,70.000000,53,421.447972,16.034091,4.448953,-2.281845
1,1,1,70.000000,54,488.464792,380.813517,-2.358537,-4.408776
1,1,1,70.000000,55,127.503939,356.107908,1.766429,4.677577
1,1,1,70.000000,56,398.907755,16.269765,-4.707860,-1.684059
1,1,1,70.000000,57,222.962835,298.287385,2.477868,4.342830
1,1,1,70.000000,58,183.392849,104.828374,-2.701929,-4.207087
1,1,1,70.000000,59,8.979002,99.254374,4.807818,1.372911
1,1,1,70.000000,60,336.234823,216.580155,4.931543,-0.824548
1,1,1,70.000000,61,261.051628,362.520066,3.188524,3.851404
1,1,1,70.000000,62,345.809249,119.605316,1.994340,-4.585042
1,1,1,70.000000,63,458.365293,53.757211,2.630744,4.251963
1,1,1,70.000000,64,104.310996,16.477016,-2.231292,-4.474521
1,1,1,70.000000,65,326.216468,492.364562,0.470991,-4.977767
1,1,1,70.000000,66,347.898151,106.144749,3.953368,-3.061189
1,1,1,70.000000,67,284.077667,156.472567,-2.116517,4.529940
1,1,1,70.000000,68,427.306166,316.895112,-3.043097,3.967311
1,1,1,70.000000,69,74.021137,263.633426,2.991852,-4.006098
1,1,1,70.000000,70,380.713516,394.034931,-2.165466,4.506746
1,1,1,70.000000,71,283.719790,49.112899,-1.293185,-4.829873
1,1,1,70.000000,72,355.696823,292.219951,4.934480,0.806791
1,1,1,70.000000,73,390.501370,197.554865,4.435025,2.308798
1,1,1,70.000000,74,291.332601,175.558150,4.168243,2.761477
1,1,1,70.000000,75,392.223024,38.273094,3.672218,3.393349
1,1,1,70.000000,76,485.907337,430.765492,4.950003,-0.705316
1,1,1,70.000000,77,82.782952,345.866678,-0.097970,-4.999040
1,1,1,70.000000,78,9.783781,3.883143,-4.949934,-0.705799
1,1,1,70.000000,79,297.109761,425.775399,-2.294671,4.442351
1,1,1,70.000000,80,461.311714,258.054017,4.842886,-1.243564
1,1,1,70.000000,81,431.251535,231.161752,-0.342507,-4.988255
1,1,1,70.000000,82,314.544326,478.683473,-4.041863,-2.943356
1,1,1,70.000000,83,192.472612,388.028668,-1.795404,-4.666532
1,1,1,70.000000,84,386.674395,341.800145,-4.507678,2.163525
1,1,1,70.000000,85,141.880890,33.650638,-3.214330,-3.829893
1,1,1,70.000000,86,45.743843,387.594848,2.678017,4.222349
1,1,1,70.000000,87,463.296658,163.287163,-4.662749,-1.805207
1,1,1,70.000000,88,138.608535,294.643977,-4.842709,1.244254
1,1,1,70.000000,89,300.053034,421.311435,4.881428,1.082435
1,1,1,70.000000,90,183.589224,51.038895,1.556081,-4.751696
1,1,1,70.000000,91,202.597291,179.172443,1.853329,4.643831
1,1,1,70.000000,92,202.344478,319.601581,-3.467950,3.601850
1,1,1,70.000000,93,191.995332,220.087855,4.359904,-2.447700
1,1,1,70.000000,94,73.169344,66.523529,-1.866542,4.638537
1,1,1,70.000000,95,179.542409,101.209387,-3.547741,3.523285
1,1,1,70.000000,96,119.607657,440.358595,4.076485,-2.895215
1,1,1,70.000000,97,2.286123,299.894354,4.997411,-0.160887
1,1,1,70.000000,98,104.921369,339.024819,4.773268,1.488594
1,1,1,70.000000,99,487.521998,195.559032,4.896999,-1.009655
1,1,1,70.000000,100,158.908009,15.034918,-4.660733,-1.810406
1,1,1,70.000000,101,420.099086,22.486982,0.774174,4.939702
1,1,1,70.000000,102,161.977963,183.429068,0.355004,-4.987381
1,1,1,70.000000,103,420.742141,366.132309,-3.754843,-3.301689
1,1,1,70.000000,104,203.255962,228.020543,-0.590040,-4.965063
1,1,1,70.000000,105,68.567302,206.284863,-4.995648,-0.208566
1,1,1,70.000000,106,309.842808,455.166809,-1.370923,4.808385
1,1,1,70.000000,107,285.779086,493.927180,4.989314,0.326713
1,1,1,70.000000,108,209.535571,22.419474,-4.990570,0.306942
1,1,1,70.000000,109,493.377574,81.927226,-4.970261,0.544524
1,1,1,70.000000,110,168.563658,53.978998,4.180965,2.742177
1,1,1,70.000000,111,156.052519,180.842776,1.065177,-4.885222
1,1,1,70.000000,112,221.054428,40.004924,-3.271318,3.781333
1,1,1,70.000000,113,135.061373,310.256060,1.288665,4.831081
1,1,1,70.000000,114,448.009442,58.008916,4.168093,2.761703
1,1,1,70.000000,115,1.163121,483.247283,0.717023,-4.948321
1,1,1,70.000000,116,44.712198,232.647923,-4.088869,-2.877698
1,1,1,70.000000,117,89.608723,139.421619,-4.976239,-0.486871
1,1,1,70.000000,118,4.801990,284.497590,-1.351061,4.814004
1,1,1,70.000000,119,371.507036,265.882920,-0.141138,-4.998008
1,1,1,70.000000,120,462.849095,427.329927,-0.436144,4.980941
1,1,1,70.000000,121,494.162268,388.785280,-4.109129,-2.848694
1,1,1,70.000000,122,257.802814,389.087223,1.930039,-4.612478
1,1,1,70.000000,123,342.575990,381.293463,4.672546,-1.779694
1,1,1,70.000000,124,470.211390,139.955174,0.230702,-4.994675
1,1,1,70.000000,125,344.163765,172.462722,1.762851,-4.678927
1,1,1,70.000000,126,55.090235,224.656104,-1.276763,4.834240
1,1,1,70.000000,127,366.079225,244.426885,4.326780,2.505788
1,1,1,70.000000,128,416.398158,120.672869,2.705600,-4.204727
1,1,1,70.000000,129,392.104135,355.195862,-4.617787,-1.917301
1,1,1,70.000000,130,311.521337,383.194785,2.778354,-4.157012
1,1,1,70.000000,131,45.654336,217.146761,4.141583,-2.801302
1,1,1,70.000000,132,350.329854,465.825898,-1.270191,-4.835971
1,1,1,70.000000,133,38.877613,167.697492,3.825721,-3.219295
1,1,1,70.000000,134,401.158217,281.614318,4.006284,2.991603
1,1,1,70.000000,135,439.013569,140.829588,-1.248359,4.841652
1,1,1,70.000000,136,166.824150,450.748399,-4.644273,-1.852222
1,1,1,70.000000,137,404.932269,466.208418,-3.712475,3.349258
1,1,1,70.000000,138,20.745850,218.297701,-0.582637,-4.965937
1,1,1,70.000000,139,148.640971,45.925120,-4.883932,-1.071077
1,1,1,70.000000,140,285.708343,319.402814,-0.623649,4.960954
1,1,1,70.000000,141,462.247232,364.911755,-4.911427,-0.936956
1,1,1,70.000000,142,422.614151,447.271842,-4.323944,2.510678
1,1,1,70.000000,143,376.349510,402.180555,0.566204,4.967838
1,1,1,70.000000,144,413.713347,434.684599,4.999015,-0.099234
1,1,1,70.000000,145,33.185235,136.119249,-0.557385,-4.968835
1,1,1,70.000000,146,136.442088,308.808137,-3.861111,3.176763
1,1,1,70.000000,147,129.011172,310.768071,4.693804,1.722848
1,1,1,70.000000,148,298.021891,210.532303,1.847995,-4.645957
1,1,1,70.000000,149,473.470968,477.032421,-4.785778,-1.447871
1,1,1,71.000000,0,159.184597,106.581032,3.936238,3.083185
1,1,1,71.000000,1,53.871671,40.315698,-2.276075,4.451908
1,1,1,71.000000,2,247.307409,367.301663,-4.849528,-1.217408
1,1,1,71.000000,3,180.070498,376.192650,-4.999991,-0.009344
1,1,1,71.000000,4,494.952180,486.732343,-4.045400,2.938492
1,1,1,71.000000,5,321.522564,317.250035,1.057708,-4.886845
1,1,1,71.000000,6,39.393620,224.407722,4.402308,-2.370587
1,1,1,71.000000,7,44.698830,448.278275,-2.159061,-4.509818
1,1,1,71.000000,8,52.648037,323.977690,-4.642997,-1.855418
1,1,1,71.000000,9,75.783349,412.001926,-1.713626,-4.697178
1,1,1,71.000000,10,325.407150,408.090642,3.850807,-3.189245
1,1,1,71.000000,11,95.694195,79.763254,-0.323445,-4.989527
1,1,1,71.000000,12,402.541960,409.093904,3.656475,-3.410306
1,1,1,71.000000,13,222.986011,474.520418,1.446529,4.786184
1,1,1,71.000000,14,171.726193,293.728884,4.989439,0.324812
1,1,1,71.000000,15,289.859083,369.519167,0.601275,-4.963715
1,1,1,71.000000,16,1.266523,187.535571,-4.186789,-2.733276
1,1,1,71.000000,17,260.310709,483.243121,0.491064,-4.975827
1,1,1,71.000000,18,418.942864,382.291112,2.318146,4.430146
1,1,1,71.000000,19,418.950726,20.407225,-3.674740,3.390617
1,1,1,71.000000,20,221.668543,209.219451,1.082550,4.881402
1,1,1,71.000000,21,403.469952,93.502646,1.373237,-4.807725
1,1,1,71.000000,22,378.609958,143.616673,4.500926,2.177536
1,1,1,71.000000,23,389.470846,463.541869,-2.409254,4.381267
1,1,1,71.000000,24,432.622774,93.426895,-3.334291,3.725923
1,1,1,71.000000,25,0.886622,247.921111,-4.528671,-2.119232
1,1,1,71.000000,26,369.802150,380.425536,1.917848,4.617560
1,1,1,71.000000,27,8.915451,274.403066,4.995664,-0.208183
1,1,1,71.000000,28,419.539613,394.706622,1.394232,4.801679
1,1,1,71.000000,29,62.319851,241.240672,1.215083,-4.850111
1,1,1,71.000000,30,132.928682,443.759231,4.825813,1.308252
1,1,1,71.000000,31,139.666708,35.525189,-1.336290,4.818125
1,1,1,71.000000,32,3.456908,74.199201,4.863357,-1.160929
1,1,1,71.000000,33,385.012096,374.266784,-0.720095,-4.947875
1,1,1,71.000000,34,491.425200,202.310284,0.867693,4.924135
1,1,1,71.000000,35,284.577954,355.157033,2.163127,4.507869
1,1,1,71.000000,36,290.804882,226.995133,3.073502,-3.943804
1,1,1,71.000000,37,161.018559,279.499518,-4.924757,0.864157
1,1,1,71.000000,38,381.991319,136.539460,1.480913,4.775657
1,1,1,71.000000,39,299.249668,339.490724,-3.078920,-3.939575
1,1,1,71.000000,40,274.579251,278.885649,4.075407,-2.896732
1,1,1,71.000000,41,273.219834,157.621217,-3.466839,3.602919
1,1,1,71.000000,42,279.504656,174.557217,-1.207366,4.852038
1,1,1,71.000000,43,473.235454,403.487553,1.103201,4.876776
1,1,1,71.000000,44,425.854795,152.688983,-1.773442,-4.674923
1,1,1,71.000000,45,382.527282,165.348070,-3.302871,-3.753804
1,1,1,71.000000,46,288.997289,201.497107,-4.514152,-2.149985
1,1,1,71.000000,47,107.689510,479.547807,3.096059,3.926120
1,1,1,71.000000,48,423.253449,398.855618,-0.218531,-4.995222
1,1,1,71.000000,49,256.476351,373.146161,3.761569,3.294025
1,1,1,71.000000,50,494.178077,171.714369,4.982702,-0.415546
1,1,1,71.000000,51,458.744899,107.579809,3.336361,-3.724070
1,1,1,71.000000,52,202.881464,240.458005,-1.920474,-4.616468
1,1,1,71.000000,53,425.896925,13.752246,1.071990,-4.883732
1,1,1,71.000000,54,486.106255,376.404742,-2.651150,4.239269
1,1,1,71.000000,55,129.270368,360.785485,4.533373,2.109155
1,1,1,71.000000,56,394.199895,14.585706,2.152781,4.512819
1,1,1,71.000000,57,225.440703,302.630214,-2.174624,-4.502334
1,1,1,71.000000,58,180.690921,100.621287,-2.869722,4.094471
1,1,1,71.000000,59,4.196779,100.713946,-4.782222,1.459572
1,1,1,71.000000,60,341.166366,215.755606,1.524573,-4.761899
1,1,1,71.000000,61,264.240153,366.371470,-4.597193,-1.966168
1,1,1,71.000000,62,347.803589,115.020275,-2.166395,4.506299
1,1,1,71.000000,63,453.765218,51.797796,-4.600075,-1.959415
1,1,1,71.000000,64,99.996733,13.949738,-4.314263,-2.527279
1,1,1,71.000000,65,321.670252,490.283234,-4.546215,-2.081328
1,1,1,71.000000,66,351.851519,103.083560,1.776005,-4.673950
1,1,1,71.000000,67,281.961151,161.002507,1.532632,-4.759311
1,1,1,71.000000,68,424.263069,320.862423,-0.724269,-4.947265
1,1,1,71.000000,69,77.012989,259.627328,4.814650,-1.348757
1,1,1,71.000000,70,378.548050,398.541677,-4.910269,0.943005
1,1,1,71.000000,71,282.426605,44.283026,-0.669545,-4.954968
1,1,1,71.000000,72,360.631303,293.026742,-3.079333,3.939252
1,1,1,71.000000,73,394.936395,199.863664,2.841004,4.114449
1,1,1,71.000000,74,295.500844,178.319626,4.999081,0.095859
1,1,1,71.000000,75,395.895242,41.666443,-4.721767,-1.644662
1,1,1,71.000000,76,485.700227,425.769783,-0.207110,-4.995709
1,1,1,71.000000,77,82.684982,340.867638,0.011158,4.999988
1,1,1,71.000000,78,4.961790,2.560872,-4.821991,-1.322272
1,1,1,71.000000,79,294.815090,430.217751,4.730613,-1.619044
1,1,1,71.000000,80,466.154601,256.810453,3.829280,-3.215061
1,1,1,71.000000,81,430.909028,226.173497,-4.954435,-0.673478
1,1,1,71.000000,82,314.967895,473.701447,0.423570,-4.982027
1,1,1,71.000000,83,190.677208,383.362136,3.855631,3.183411
1,1,1,71.000000,84,382.166717,343.963670,-1.693038,-4.704638
1,1,1,71.000000,85,138.666560,29.820744,-4.500873,2.177646
1,1,1,71.000000,86,48.421859,391.817197,-4.767801,-1.506014
1,1,1,71.000000,87,462.378391,158.372208,-0.918268,-4.914955
1,1,1,71.000000,88,133.765826,295.888231,-3.882454,-3.150643
1,1,1,71.000000,89,304.934461,422.393869,-4.565330,2.039058
1,1,1,71.000000,90,185.145305,46.287199,4.269194,2.602688
1,1,1,71.000000,91,204.450620,183.816274,-3.782369,3.270120
1,1,1,71.000000,92,198.876527,323.203431,-2.484395,4.339099
1,1,1,71.000000,93,196.355236,217.640155,-1.287747,-4.831326
1,1,1,71.000000,94,71.302802,71.162065,-3.294210,-3.761407
1,1,1,71.000000,95,175.994668,104.732672,-4.987026,0.359958
1,1,1,71.000000,96,123.684142,437.463380,-4.984820,0.389314
1,1,1,71.000000,97,4.460070,304.397015,2.173947,4.502661
1,1,1,71.000000,98,109.694637,340.513413,3.944195,3.072999
1,1,1,71.000000,99,492.418997,194.549377,4.955626,-0.664659
1,1,1,71.000000,100,155.308005,11.565052,-3.600004,-3.469866
1,1,1,71.000000,101,425.044446,21.749820,4.945361,-0.737162
1,1,1,71.000000,102,162.332968,178.441687,-3.031588,-3.976113
1,1,1,71.000000,103,416.987298,362.830619,-4.166075,-2.764746
1,1,1,71.000000,104,202.665923,223.055480,-1.005447,-4.897865
1,1,1,71.000000,105,63.571654,206.076297,0.331567,4.988994
1,1,1,71.000000,106,308.471885,459.975194,-1.899015,-4.625337
1,1,1,71.000000,107,281.764199,496.907227,-4.014887,2.980047
1,1,1,71.000000,108,204.545001,22.726416,4.327565,-2.504432
1,1,1,71.000000,109,492.034271,86.743400,-1.343302,4.816175
1,1,1,71.000000,110,172.744623,56.721174,-0.454081,4.979338
1,1,1,71.000000,111,157.117696,175.957553,-4.996509,0.186796
1,1,1,71.000000,112,225.635416,38.001292,4.580989,-2.003632
1,1,1,71.000000,113,136.350037,315.087141,4.519706,2.138284
1,1,1,71.000000,114,452.177535,60.770619,4.481300,2.217644
1,1,1,71.000000,115,3.822929,482.874047,4.986050,-0.373236
1,1,1,71.000000,116,40.623329,229.770225,-3.842493,3.199257
1,1,1,71.000000,117,84.632484,138.934748,3.671908,3.393684
1,1,1,71.000000,118,1.478648,280.761897,-3.323342,-3.735693
1,1,1,71.000000,119,371.365898,260.884913,4.938358,-0.782703
1,1,1,71.000000,120,462.412950,432.310869,1.146037,-4.866888
1,1,1,71.000000,121,489.356418,390.165063,-4.805850,1.379783
1,1,1,71.000000,122,259.732853,384.474745,-1.910911,4.620435
1,1,1,71.000000,123,347.248537,379.513769,-3.326189,-3.733158
1,1,1,71.000000,124,470.442092,134.960499,4.733371,1.610962
1,1,1,71.000000,125,345.926616,167.783795,2.610706,-4.264295
1,1,1,71.000000,126,53.813472,229.490344,-4.635626,1.873759
1,1,1,71.000000,127,370.406005,246.932673,-4.094012,2.870377
1,1,1,71.000000,128,419.103758,116.468142,-4.001443,2.998075
1,1,1,71.000000,129,387.486348,353.278560,3.628262,-3.440308
1,1,1,71.000000,130,314.299691,379.037772,-4.741641,1.586455
1,1,1,71.000000,131,49.795919,214.345460,-4.138313,2.806131
1,1,1,71.000000,132,349.059663,460.989927,-2.159868,-4.509431
1,1,1,71.000000,133,42.703334,164.478197,2.316283,4.431121
1,1,1,71.000000,134,405.164500,284.605921,4.966830,-0.574974
1,1,1,71.000000,135,437.765209,145.671241,-1.947261,4.605233
1,1,1,71.000000,136,162.179877,448.896177,4.229513,-2.666687
1,1,1,71.000000,137,401.219794,469.557677,-2.968880,4.023152
1,1,1,71.000000,138,18.818024,213.684297,-1.927825,-4.613403
1,1,1,71.000000,139,143.757038,44.854044,-0.981192,-4.902781
1,1,1,71.000000,140,285.084694,324.363768,4.300952,2.549864
1,1,1,71.000000,141,457.335805,363.974799,4.910526,0.941667
1,1,1,71.000000,142,418.290207,449.782521,-2.790565,4.148825
1,1,1,71.000000,143,376.915715,407.148393,-1.290056,-4.830710
1,1,1,71.000000,144,418.712363,434.585365,3.023220,-3.982479
1,1,1,71.000000,145,32.627850,131.150413,4.237909,2.653323
1,1,1,71.000000,146,132.580977,311.984900,-3.798942,-3.250852
1,1,1,71.000000,147,133.704976,312.490918,2.845409,-4.111405
1,1,1,71.000000,148,299.869886,205.886346,-0.181051,-4.996721
1,1,1,71.000000,149,470.193474,480.808402,-3.277494,3.775981
1,1,1,72.000000,0,163.120836,109.664217,-2.668116,-4.228612
1,1,1,72.000000,1,51.595596,44.767606,2.633052,4.250534
1,1,1,72.000000,2,242.457881,366.084256,4.020806,2.972056
1,1,1,72.000000,3,175.070506,376.183306,-4.620278,-1.911291
1,1,1,72.000000,4,490.906780,489.670836,-4.803347,1.388473
1,1,1,72.000000,5,322.580272,312.363190,3.412231,3.654679
1,1,1,72.000000,6,43.795928,222.037135,4.726939,1.629739
1,1,1,72.000000,7,42.968701,443.587150,-1.730129,-4.691125
1,1,1,72.000000,8,48.005040,322.122273,-4.951969,-0.691379
1,1,1,72.000000,9,74.069722,407.304747,2.557735,-4.296277
1,1,1,72.000000,10,329.257957,404.901396,-4.595688,1.969684
1,1,1,72.000000,11,95.370750,74.773726,-1.674037,4.711433
1,1,1,72.000000,12,406.198436,405.683598,-3.995471,-3.006029
1,1,1,72.000000,13,224.432540,479.306602,-2.158093,-4.510281
1,1,1,72.000000,14,176.715631,294.053696,-4.615128,-1.923694
1,1,1,72.000000,15,290.460358,364.555452,4.840841,1.251502
1,1,1,72.000000,16,0.961961,192.526286,-0.304562,4.990716
1,1,1,72.000000,17,260.439840,488.241454,0.129131,4.998332
1,1,1,72.000000,18,421.261010,386.721258,-3.393336,3.672230
1,1,1,72.000000,19,422.117514,16.537928,3.166788,-3.869297
1,1,1,72.000000,20,222.751093,214.100853,4.823209,1.317820
1,1,1,72.000000,21,404.843189,88.694921,0.630934,-4.960032
1,1,1,72.000000,22,383.110884,145.794209,-4.541463,2.091677
1,1,1,72.000000,23,387.061593,467.923135,0.526271,4.972227
1,1,1,72.000000,24,429.288483,97.152818,-1.635832,-4.724834
1,1,1,72.000000,25,4.088050,247.418484,4.974672,-0.502627
1,1,1,72.000000,26,371.719998,385.043095,4.806909,1.376090
1,1,1,72.000000,27,5.638092,270.626967,-3.277359,-3.776099
1,1,1,72.000000,28,420.933844,399.508301,-2.764077,-4.166519
1,1,1,72.000000,29,63.534934,236.390562,0.257626,-4.993358
1,1,1,72.000000,30,137.754495,445.067483,4.773893,1.486588
1,1,1,72.000000,31,138.330418,40.343314,3.693095,-3.370616
1,1,1,72.000000,32,8.061429,76.148147,4.604520,1.948946
1,1,1,72.000000,33,384.292000,369.318909,-4.953265,0.682032
1,1,1,72.000000,34,492.533835,197.434740,1.108635,-4.875544
1,1,1,72.000000,35,286.741081,359.664902,-0.126402,-4.998402
1,1,1,72.000000,36,293.878384,223.051329,-3.662469,-3.403868
1,1,1,72.000000,37,156.093802,280.363675,0.423560,-4.982027
1,1,1,72.000000,38,383.472232,141.315117,-3.191902,3.848605
1,1,1,72.000000,39,296.170747,335.551149,1.875601,4.634881
1,1,1,72.000000,40,278.654658,275.988916,-1.468705,4.779425
1,1,1,72.000000,41,269.752995,161.224136,1.051591,4.888165
1,1,1,72.000000,42,278.297290,179.409254,-4.410969,-2.354433
1,1,1,72.000000,43,471.982216,398.647161,-1.253237,-4.840392
1,1,1,72.000000,44,424.081353,148.014060,-4.953773,0.678334
1,1,1,72.000000,45,379.224411,161.594265,4.723712,-1.639068
1,1,1,72.000000,46,284.483137,199.347122,-4.655490,-1.823844
1,1,1,72.000000,47,110.785569,483.473927,-0.252808,-4.993605
1,1,1,72.000000,48,423.034918,393.860395,-4.928670,0.841554
1,1,1,72.000000,49,260.237919,376.440186,-4.997128,-0.169451
1,1,1,72.000000,50,493.494736,166.761285,-0.683342,-4.953084
1,1,1,72.000000,51,462.081259,103.855738,-4.985414,-0.381634
1,1,1,72.000000,52,200.960990,235.841536,-4.029450,-2.960326
1,1,1,72.000000,53,426.968915,8.868514,4.940447,0.769403
1,1,1,72.000000,54,483.455105,380.644011,-3.214953,-3.829370
1,1,1,72.000000,55,133.803741,362.894640,-3.923548,-3.099317
1,1,1,72.000000,56,396.352676,19.098525,2.756238,4.171709
1,1,1,72.000000,57,223.266080,298.127880,3.958022,3.055170
1,1,1,72.000000,58,177.821198,104.715758,-4.967382,0.570188
1,1,1,72.000000,59,0.062292,97.902182,-4.134487,-2.811763
1,1,1,72.000000,60,342.690939,210.993708,-3.610203,3.459253
1,1,1,72.000000,61,259.642960,364.405302,-3.254990,-3.795397
1,1,1,72.000000,62,345.637194,119.526574,3.121353,3.906041
1,1,1,72.000000,63,451.308215,47.443127,-2.457003,-4.354669
1,1,1,72.000000,64,100.319015,18.939340,0.322283,4.989603
1,1,1,72.000000,65,326.530641,491.456529,4.860389,1.173295
1,1,1,72.000000,66,353.627524,98.409610,-3.803108,-3.245977
1,1,1,72.000000,67,283.493782,156.243196,-4.511199,-2.156174
1,1,1,72.000000,68,423.538800,315.915158,0.537951,-4.970977
1,1,1,72.000000,69,81.827639,258.278571,-2.392524,4.390425
1,1,1,72.000000,70,373.637781,399.484682,-0.585559,-4.965594
1,1,1,72.000000,71,281.757060,39.328058,3.626538,3.442125
1,1,1,72.000000,72,357.551970,296.965994,1.147767,4.866480
1,1,1,72.000000,73,397.777400,203.978113,1.600097,4.737055
1,1,1,72.000000,74,300.499925,178.415485,4.280697,2.583725
1,1,1,72.000000,75,391.173475,40.021781,3.764636,3.290519
1,1,1,72.000000,76,487.302577,430.506076,1.602350,4.736293
1,1,1,72.000000,77,82.696140,345.867626,0.017772,4.999968
1,1,1,72.000000,78,4.535366,7.542655,-0.426424,4.981783
1,1,1,72.000000,79,299.545703,428.598707,-2.018250,-4.574567
1,1,1,72.000000,80,469.983880,253.595392,-3.964593,-3.046638
1,1,1,72.000000,81,425.954592,225.500019,2.325141,-4.426480
1,1,1,72.000000,82,314.951367,468.701474,-0.016529,-4.999973
1,1,1,72.000000,83,194.532840,386.545547,1.388209,4.803423
1,1,1,72.000000,84,380.473678,339.259031,1.610864,-4.733404
1,1,1,72.000000,85,134.165687,31.998391,-3.968636,-3.041370
1,1,1,72.000000,86,43.654059,390.311183,4.402270,-2.370658
1,1,1,72.000000,87,457.795467,156.373006,-4.582924,-1.999202
1,1,1,72.000000,88,129.883372,292.737588,-4.588148,1.987182
1,1,1,72.000000,89,300.369131,424.432928,1.552610,4.752831
1,1,1,72.000000,90,189.414498,48.889887,4.766465,1.510237
1,1,1,72.000000,91,200.668251,187.086394,4.919119,0.895692
1,1,1,72.000000,92,196.392132,327.542529,-1.436310,4.789260
1,1,1,72.000000,93,195.067489,212.808829,3.798829,3.250984
1,1,1,72.000000,94,68.008592,67.400659,0.138325,-4.998086
1,1,1,72.000000,95,171.007641,105.092629,-2.563597,4.292781
1,1,1,72.000000,96,118.699321,437.852694,-0.478002,-4.977099
1,1,1,72.000000,97,5.018424,309.365741,0.558354,4.968726
1,1,1,72.000000,98,113.638832,343.586412,-1.950616,4.603813
1,1,1,72.000000,99,497.374623,193.884718,-2.095639,-4.539636
1,1,1,72.000000,100,156.958088,6.845176,1.650083,-4.719876
1,1,1,72.000000,101,422.417275,17.495649,-2.627171,-4.254171
1,1,1,72.000000,102,159.301380,174.465573,-0.545357,-4.970170
1,1,1,72.000000,103,412.821223,360.065874,2.983204,4.012542
1,1,1,72.000000,104,201.660476,218.157615,3.418541,3.648778
1,1,1,72.000000,105,63.903221,211.065291,-4.969111,0.554924
1,1,1,72.000000,106,306.572870,455.349857,2.227004,4.476657
1,1,1,72.000000,107,286.743719,497.359315,4.979520,0.452088
1,1,1,72.000000,108,208.872567,20.221984,4.804803,1.383425
1,1,1,72.000000,109,496.629592,88.713941,4.595320,1.970541
1,1,1,72.000000,110,172.290543,61.700513,4.316084,-2.524166
1,1,1,72.000000,111,152.121187,176.144350,-4.446198,2.287209
1,1,1,72.000000,112,220.972824,39.806902,-4.662593,1.805610
1,1,1,72.000000,113,140.869743,317.225425,-2.095249,-4.539816
1,1,1,72.000000,114,456.658835,62.988263,4.527439,2.121861
1,1,1,72.000000,115,0.699168,485.007270,4.522097,2.133223
1,1,1,72.000000,116,36.780836,232.969482,-1.193294,-4.855517
1,1,1,72.000000,117,88.304391,142.328432,0.925295,4.913637
1,1,1,72.000000,118,2.087237,277.256977,3.565885,-3.504920
1,1,1,72.000000,119,376.304255,260.102210,-3.967566,3.042765
1,1,1,72.000000,120,463.558987,427.443981,-4.202381,-2.709242
1,1,1,72.000000,121,493.126268,393.449607,3.769850,3.284544
1,1,1,72.000000,122,257.821942,389.095180,-4.091173,2.874423
1,1,1,72.000000,123,343.922348,375.780611,0.460226,4.978774
1,1,1,72.000000,124,475.175463,136.571461,-3.054353,-3.958652
1,1,1,72.000000,125,348.537322,163.519500,4.342067,-2.479205
1,1,1,72.000000,126,49.177846,231.364103,1.601453,4.736597
1,1,1,72.000000,127,366.311993,249.803050,4.982905,-0.413103
1,1,1,72.000000,128,415.102315,119.466217,4.129539,2.819026
1,1,1,72.000000,129,391.114610,349.838253,-4.778474,1.471797
1,1,1,72.000000,130,309.558050,380.624228,0.309589,-4.990406
1,1,1,72.000000,131,45.657606,217.151590,-0.326833,4.989307
1,1,1,72.000000,132,346.899795,456.480496,-2.140827,4.518502
1,1,1,72.000000,133,45.019617,168.909318,3.469491,3.600366
1,1,1,72.000000,134,410.131331,284.030947,0.690296,4.952120
1,1,1,72.000000,135,435.817948,150.276474,4.977073,0.478277
1,1,1,72.000000,136,166.409390,446.229490,-1.701705,-4.701510
1,1,1,72.000000,137,398.250914,473.580829,-4.105567,-2.853825
1,1,1,72.000000,138,14.305287,211.531346,-4.512737,-2.152952
1,1,1,72.000000,139,142.775846,39.951263,3.503652,-3.567130
1,1,1,72.000000,140,289.385647,326.913632,0.213968,4.995420
1,1,1,72.000000,141,462.246331,364.916466,0.892413,4.919715
1,1,1,72.000000,142,415.499642,453.931345,-4.464404,-2.251466
1,1,1,72.000000,143,375.625658,402.317683,0.295366,4.991268
1,1,1,72.000000,144,421.735583,430.602886,2.075279,4.548980
1,1,1,72.000000,145,36.865760,133.803737,-0.890243,4.920109
1,1,1,72.000000,146,128.782035,308.734048,3.955818,-3.058022
1,1,1,72.000000,147,136.550384,308.379514,-3.241489,3.806934
1,1,1,72.000000,148,299.688835,200.889625,-3.502031,-3.568722
1,1,1,72.000000,149,467.683651,485.132843,-2.509823,4.324441
1,1,1,73.000000,0,160.452720,105.435605,-3.595120,-3.474926
1,1,1,73.000000,1,54.228649,49.018140,-1.851238,4.644666
1,1,1,73.000000,2,246.478688,369.056312,-4.405400,-2.364836
1,1,1,73.000000,3,170.450229,374.272015,-3.193071,3.847635
1,1,1,73.000000,4,486.103433,491.059309,-0.411041,4.983076
1,1,1,73.000000,5,325.992502,316.017869,4.867826,-1.142045
1,1,1,73.000000,6,48.522867,223.666874,-4.871729,-1.125279
1,1,1,73.000000,7,38.137133,444.873987,-4.831568,1.286837
1,1,1,73.000000,8,43.053071,321.430894,2.729237,4.189423
1,1,1,73.000000,9,76.627457,403.008471,1.956643,4.601255
1,1,1,73.000000,10,324.662269,406.871080,3.469938,3.599935
1,1,1,73.000000,11,93.696713,79.485159,-4.175519,-2.750461
1,1,1,73.000000,12,402.202964,402.677569,2.397405,-4.387761
1,1,1,73.000000,13,222.274446,474.796321,4.854947,-1.195612
1,1,1,73.000000,14,172.100504,292.130002,-1.993262,-4.585511
1,1,1,73.000000,15,295.301199,365.806954,-4.916013,0.912590
1,1,1,73.000000,16,5.959460,192.684404,4.997499,0.158118
1,1,1,73.000000,17,264.303993,491.414515,3.864154,3.173061
1,1,1,73.000000,18,417.867675,390.393489,-4.888720,1.049008
1,1,1,73.000000,19,426.999603,15.458480,4.882089,-1.079448
1,1,1,73.000000,20,227.574302,215.418673,3.888273,-3.143458
1,1,1,73.000000,21,405.474123,83.734889,4.868946,-1.137264
1,1,1,73.000000,22,378.569421,147.885886,2.743595,-4.180034
1,1,1,73.000000,23,387.587864,472.895362,-4.962184,-0.613784
1,1,1,73.000000,24,427.652651,92.427984,4.744245,-1.578650
1,1,1,73.000000,25,2.084801,251.999641,-2.003249,4.581156
1,1,1,73.000000,26,376.526907,386.419186,4.136397,2.808954
1,1,1,73.000000,27,9.888093,267.993055,4.250001,-2.633912
1,1,1,73.000000,28,418.169767,395.341782,0.510020,-4.973920
1,1,1,73.000000,29,63.792560,231.397203,-3.274994,3.778150
1,1,1,73.000000,30,142.528388,446.554071,3.378615,-3.685778
1,1,1,73.000000,31,142.023512,36.972698,1.350990,4.814024
1,1,1,73.000000,32,3.070744,75.843085,-4.990685,-0.305062
1,1,1,73.000000,33,379.338735,370.000941,1.496734,4.770722
1,1,1,73.000000,34,487.670285,196.274621,-4.863550,-1.160119
1,1,1,73.000000,35,286.614679,354.666500,4.343206,-2.477208
1,1,1,73.000000,36,290.215914,219.647461,-2.834968,-4.118611
1,1,1,73.000000,37,156.517362,275.381648,-1.272766,4.835294
1,1,1,73.000000,38,380.280330,145.163722,4.028461,2.961672
1,1,1,73.000000,39,298.046348,340.186030,-4.999335,-0.081523
1,1,1,73.000000,40,277.185953,280.768341,-2.793414,-4.146907
1,1,1,73.000000,41,270.804586,166.112301,4.703616,1.695876
1,1,1,73.000000,42,273.886321,177.054821,-4.258759,2.619728
1,1,1,73.000000,43,467.205443,397.169854,-4.776773,-1.477307
1,1,1,73.000000,44,419.127581,148.692394,-0.220602,4.995131
1,1,1,73.000000,45,383.948123,159.955197,4.151081,2.787207
1,1,1,73.000000,46,279.827647,197.523277,-4.877904,-1.098206
1,1,1,73.000000,47,110.532760,478.480322,4.741566,-1.586678
1,1,1,73.000000,48,418.106248,394.701949,1.252759,-4.840516
1,1,1,73.000000,49,255.240792,376.270735,-4.187890,2.731588
1,1,1,73.000000,50,491.870157,171.490000,-1.624578,4.728715
1,1,1,73.000000,51,457.095845,103.474104,3.842571,-3.199163
1,1,1,73.000000,52,196.931540,232.881210,-1.756674,4.681249
1,1,1,73.000000,53,431.909362,9.637916,1.691409,-4.705224
1,1,1,73.000000,54,480.240151,376.814641,-1.272943,-4.835247
1,1,1,73.000000,55,129.880192,359.795323,-4.992253,0.278234
1,1,1,73.000000,56,399.108913,23.270234,-4.936544,-0.794063
1,1,1,73.000000,57,227.224101,301.183050,-4.865750,-1.150857
1,1,1,73.000000,58,172.853816,105.285946,-1.056650,4.887074
1,1,1,73.000000,59,4.559934,100.086493,4.497642,2.184311
1,1,1,73.000000,60,339.080736,214.452961,-4.999435,-0.075136
1,1,1,73.000000,61,256.387969,360.609905,3.970405,-3.039059
1,1,1,73.000000,62,348.758547,123.432615,-4.523048,-2.131205
1,1,1,73.000000,63,454.871930,43.936001,3.563715,-3.507126
1,1,1,73.000000,64,95.486039,17.657803,-4.832976,-1.281538
1,1,1,73.000000,65,327.670115,496.324958,1.139474,4.868429
1,1,1,73.000000,66,349.824416,95.163633,-2.120460,-4.528095
1,1,1,73.000000,67,278.982583,154.087023,3.975106,-3.032908
1,1,1,73.000000,68,424.076751,310.944181,-4.299190,2.552835
1,1,1,73.000000,69,79.435115,262.668995,2.313486,-4.432582
1,1,1,73.000000,70,373.052222,394.519088,4.524345,-2.128451
1,1,1,73.000000,71,285.383598,42.770183,-2.589143,4.277422
1,1,1,73.000000,72,358.699738,301.832474,1.838872,4.649575
1,1,1,73.000000,73,399.377497,208.715168,-4.190467,2.727634
1,1,1,73.000000,74,304.780622,180.999209,-2.024426,4.571838
1,1,1,73.000000,75,394.938111,43.312300,4.947206,0.724673
1,1,1,73.000000,76,485.361209,435.113797,-1.941368,4.607721
1,1,1,73.000000,77,82.713912,350.867594,2.350495,-4.413069
1,1,1,73.000000,78,8.787197,4.911697,4.251830,-2.630958
1,1,1,73.000000,79,297.527453,424.024140,-4.214476,-2.690388
1,1,1,73.000000,80,466.019287,250.548754,-4.663307,1.803764
1,1,1,73.000000,81,428.279733,221.073539,4.816975,-1.340430
1,1,1,73.000000,82,319.618508,470.495295,4.667141,1.793821
1,1,1,73.000000,83,195.921049,391.348970,-4.025714,2.965405
1,1,1,73.000000,84,382.084543,334.525627,4.780139,-1.466379
1,1,1,73.000000,85,130.197052,28.957020,-4.689124,-1.735544
1,1,1,73.000000,86,48.056328,387.940525,3.180624,-3.857931
1,1,1,73.000000,87,454.067589,159.705111,-3.727878,3.332105
1,1,1,73.000000,88,125.295223,294.724771,4.376540,2.417830
1,1,1,73.000000,89,301.921741,429.185759,-0.390294,4.984744
1,1,1,73.000000,90,194.180963,50.400124,-0.595382,-4.964425
1,1,1,73.000000,91,205.587371,187.982086,-0.897102,4.918862
1,1,1,73.000000,92,194.955822,332.331790,-3.562059,-3.508808
1,1,1,73.000000,93,198.866318,216.059814,1.046982,-4.889154
1,1,1,73.000000,94,68.146918,62.402572,1.811268,-4.660398
1,1,1,73.000000,95,168.444044,109.385411,1.533967,-4.758881
1,1,1,73.000000,96,118.221319,432.875595,3.243241,-3.805442
1,1,1,73.000000,97,4.247915,314.306016,-0.770508,4.940275
1,1,1,73.000000,98,111.688216,348.190226,-2.215974,-4.482127
1,1,1,73.000000,99,495.278984,189.345081,-3.376058,-3.688121
1,1,1,73.000000,100,161.208136,9.479012,4.250048,2.633836
1,1,1,73.000000,101,417.442083,17.993109,-4.975192,0.497459
1,1,1,73.000000,102,158.756023,169.495404,2.300950,-4.439102
1,1,1,73.000000,103,415.804427,364.078416,-2.896509,-4.075565
1,1,1,73.000000,104,205.079017,221.806393,-0.945606,-4.909769
1,1,1,73.000000,105,58.934111,211.620215,4.072865,2.900305
1,1,1,73.000000,106,308.799874,459.826514,-1.335249,-4.818414
1,1,1,73.000000,107,290.508798,494.069304,3.765080,-3.290011
1,1,1,73.000000,108,213.677370,21.605409,-0.631541,-4.959955
1,1,1,73.000000,109,497.544328,93.629555,0.914736,4.915614
1,1,1,73.000000,110,176.606627,59.176346,4.940177,-0.771135
1,1,1,73.000000,111,147.674989,178.431559,0.368317,-4.986416
1,1,1,73.000000,112,216.669597,37.260876,-4.303226,-2.546025
1,1,1,73.000000,113,138.774494,312.685608,-3.257882,3.792915
1,1,1,73.000000,114,461.186274,65.110124,-4.835062,-1.273648
1,1,1,73.000000,115,0.277960,480.025043,-0.421208,-4.982227
1,1,1,73.000000,116,35.587542,228.113965,-2.416365,4.377349
1,1,1,73.000000,117,89.229687,147.242069,-3.264031,-3.787624
1,1,1,73.000000,118,2.695309,278.715486,4.782547,1.458508
1,1,1,73.000000,119,372.336689,263.144975,3.853112,3.186460
1,1,1,73.000000,120,459.356606,424.734739,2.331268,4.423256
1,1,1,73.000000,121,489.661985,389.844231,-3.464283,-3.605377
1,1,1,73.000000,122,253.730769,391.969603,-2.686715,4.216819
1,1,1,73.000000,123,344.382574,380.759386,-4.063228,-2.913791
1,1,1,73.000000,124,472.121110,132.612809,2.289251,4.445147
1,1,1,73.000000,125,352.879389,161.040295,4.919604,0.893029
1,1,1,73.000000,126,50.779298,236.100699,4.345197,2.473714
1,1,1,73.000000,127,371.294899,249.389947,4.282934,-2.580015
1,1,1,73.000000,128,419.231854,122.285243,3.444632,3.624156
1,1,1,73.000000,129,386.336136,351.310049,-3.288716,-3.766212
1,1,1,73.000000,130,309.867639,375.633821,-4.984091,-0.398542
1,1,1,73.000000,131,45.330773,222.140897,2.743429,4.180143
1,1,1,73.000000,132,344.758968,460.998998,-1.337963,4.817661
1,1,1,73.000000,133,48.489108,172.509684,-0.058729,4.999655
1,1,1,73.000000,134,410.821627,288.983067,3.524334,-3.546698
1,1,1,73.000000,135,440.795020,150.754751,-2.170440,4.504353
1,1,1,73.000000,136,164.707685,441.527980,-4.482686,-2.214843
1,1,1,73.000000,137,394.145347,470.727004,1.279174,-4.833603
1,1,1,73.000000,138,9.346666,210.889411,-4.958621,-0.641935
1,1,1,73.000000,139,146.279499,36.384132,2.333822,-4.421908
1,1,1,73.000000,140,289.599615,331.909052,4.433029,-2.312630
1,1,1,73.000000,141,463.138743,369.836181,2.305771,4.436600
1,1,1,73.000000,142,411.035238,451.679880,2.267051,4.456510
1,1,1,73.000000,143,375.921024,407.308952,4.963283,0.604830
1,1,1,73.000000,144,423.810862,435.151865,-3.359870,-3.702874
1,1,1,73.000000,145,35.975517,138.723845,1.105461,-4.876264
1,1,1,73.000000,146,132.737854,305.676026,2.164158,4.507374
1,1,1,73.000000,147,133.308896,312.186448,1.291180,4.830409
1,1,1,73.000000,148,296.186804,197.320903,-4.833613,1.279136
1,1,1,73.000000,149,464.657450,481.152629,-3.026201,-3.980215
1,1,1,74.000000,0,156.857600,101.960679,2.606735,4.266724
1,1,1,74.000000,1,52.377411,53.662805,-2.616351,4.260834
1,1,1,74.000000,2,242.073287,366.691476,-4.658663,1.815727
1,1,1,74.000000,3,167.257157,378.119650,-4.991428,-0.292662
1,1,1,74.000000,4,485.692392,496.042385,-0.087357,-4.999237
1,1,1,74.000000,5,330.860329,314.875824,2.080360,-4.546658
1,1,1,74.000000,6,43.651138,222.541594,-2.966152,-4.025163
1,1,1,74.000000,7,33.839877,447.430076,-4.297256,2.556089
1,1,1,74.000000,8,45.782308,325.620316,-1.005272,-4.897900
1,1,1,74.000000,9,78.584100,407.609726,4.757469,-1.538341
1,1,1,74.000000,10,328.132207,410.471015,3.734484,3.324700
1,1,1,74.000000,11,89.521193,76.734698,3.066129,3.949538
1,1,1,74.000000,12,404.600370,398.289808,2.848837,4.109030
1,1,1,74.000000,13,227.129393,473.600709,0.836478,4.929534
1,1,1,74.000000,14,170.107242,287.544491,-2.509362,-4.324708
1,1,1,74.000000,15,290.385187,366.719544,3.699618,-3.363455
1,1,1,74.000000,16,3.184016,196.843359,-2.775444,4.158955
1,1,1,74.000000,17,263.012739,486.584125,-1.291255,-4.830389
1,1,1,74.000000,18,412.978955,391.442497,-3.830598,-3.213490
1,1,1,74.000000,19,429.529554,11.145784,2.529952,-4.312696
1,1,1,74.000000,20,231.462576,212.275215,2.097469,4.538791
1,1,1,74.000000,21,410.343069,82.597625,-3.629823,3.438660
1,1,1,74.000000,22,381.313016,143.705852,-4.915692,-0.914314
1,1,1,74.000000,23,382.625680,472.281578,2.602383,4.269380
1,1,1,74.000000,24,432.396897,90.849334,1.993264,4.585510
1,1,1,74.000000,25,0.852284,247.953219,2.937085,-4.046422
1,1,1,74.000000,26,380.663303,389.228140,3.335595,-3.724756
1,1,1,74.000000,27,9.413424,272.970473,-0.474669,4.977418
1,1,1,74.000000,28,418.679787,390.367862,-4.712833,1.670092
1,1,1,74.000000,29,60.517566,235.175353,2.160595,-4.509083
1,1,1,74.000000,30,145.907003,442.868293,-4.123778,-2.827447
1,1,1,74.000000,31,143.374502,41.786722,-1.302528,4.827362
1,1,1,74.000000,32,6.686819,79.296199,3.616075,3.453114
1,1,1,74.000000,33,380.835469,374.771663,-4.973008,0.518834
1,1,1,74.000000,34,483.541557,199.094834,-4.128728,2.820214
1,1,1,74.000000,35,290.957885,352.189292,-4.858131,-1.182609
1,1,1,74.000000,36,287.380947,215.528849,-4.008097,-2.989174
1,1,1,74.000000,37,155.244596,280.216941,-3.955722,-3.058147
1,1,1,74.000000,38,384.308791,148.125394,4.708000,1.683667
1,1,1,74.000000,39,293.047012,340.104507,4.475964,2.228396
1,1,1,74.000000,40,274.392539,276.621434,4.957150,0.653198
1,1,1,74.000000,41,275.508202,167.808177,-3.337152,-3.723361
1,1,1,74.000000,42,269.627563,179.674549,0.873045,4.923189
1,1,1,74.000000,43,462.250793,397.841750,-4.954650,0.671897
1,1,1,74.000000,44,418.906979,153.687525,3.264621,3.787116
1,1,1,74.000000,45,388.099205,162.742404,-4.544151,2.085831
1,1,1,74.000000,46,274.949743,196.425071,2.152783,-4.512818
1,1,1,74.000000,47,115.274327,476.893644,-2.568603,-4.289788
1,1,1,74.000000,48,419.359008,389.861433,-1.211000,4.851132
1,1,1,74.000000,49,251.052901,379.002324,-2.668639,-4.228282
1,1,1,74.000000,50,487.794469,174.386336,-4.075688,2.896336
1,1,1,74.000000,51,460.938416,100.274941,-4.267809,-2.604959
1,1,1,74.000000,52,195.174866,237.562459,-0.649831,4.957592
1,1,1,74.000000,53,433.600771,4.932692,2.862391,4.099600
1,1,1,74.000000,54,478.967208,371.979393,4.916254,0.911290
1,1,1,74.000000,55,124.887940,360.073556,-4.997522,0.157396
1,1,1,74.000000,56,394.172370,22.476171,-0.294737,4.991305
1,1,1,74.000000,57,222.358351,300.032193,4.923412,0.871787
1,1,1,74.000000,58,171.797166,110.173020,2.283057,4.448331
1,1,1,74.000000,59,0.250725,97.550607,-4.309209,-2.535886
1,1,1,74.000000,60,334.081300,214.377825,-1.404841,-4.798585
1,1,1,74.000000,61,260.358375,357.570846,-4.991010,-0.299698
1,1,1,74.000000,62,344.235498,121.301410,-0.081727,-4.999332
1,1,1,74.000000,63,459.254204,46.343423,4.382274,2.407422
1,1,1,74.000000,64,92.354253,21.555484,-3.131786,3.897681
1,1,1,74.000000,65,330.876248,499.838284,3.206133,-3.836758
1,1,1,74.000000,66,347.703956,90.635537,-4.995467,0.212858
1,1,1,74.000000,67,282.957689,151.054114,-3.090985,3.930116
1,1,1,74.000000,68,419.777561,313.497016,1.878137,4.633854
1,1,1,74.000000,69,81.748602,258.236414,4.715203,1.663388
1,1,1,74.000000,70,377.576567,392.390637,0.741664,4.944688
1,1,1,74.000000,71,282.794455,47.047605,-4.238843,-2.651832
1,1,1,74.000000,72,360.538610,306.482050,-2.583086,-4.281082
1,1,1,74.000000,73,395.187030,211.442802,-4.297436,2.555786
1,1,1,74.000000,74,302.756196,185.571047,4.845593,-1.232976
1,1,1,74.000000,75,399.885317,44.036973,0.587247,-4.965394
1,1,1,74.000000,76,486.064360,430.163486,0.703151,-4.950311
1,1,1,74.000000,77,85.064406,346.454526,-1.463873,-4.780907
1,1,1,74.000000,78,7.435101,0.097984,-1.352096,-4.813713
1,1,1,74.000000,79,293.312976,421.333751,-4.339561,-2.483588
1,1,1,74.000000,80,461.355980,252.352519,4.814133,1.350602
1,1,1,74.000000,81,433.096708,219.733110,4.867419,-1.143780
1,1,1,74.000000,82,317.270765,466.080762,-2.347743,-4.414533
1,1,1,74.000000,83,191.895334,394.314375,1.328786,-4.820200
1,1,1,74.000000,84,386.864682,333.059248,4.982269,0.420706
1,1,1,74.000000,85,125.507927,27.221477,-3.091117,-3.930012
1,1,1,74.000000,86,51.236952,384.082594,4.987075,-0.359286
1,1,1,74.000000,87,449.103414,159.107639,-4.964174,-0.597472
1,1,1,74.000000,88,129.671763,297.142600,4.736643,-1.601316
1,1,1,74.000000,89,301.531447,434.170502,4.921294,0.883666
1,1,1,74.000000,90,193.585581,45.435699,2.218184,4.481033
1,1,1,74.000000,91,204.690269,192.900948,2.243697,-4.468313
1,1,1,74.000000,92,191.393763,328.822982,3.315535,3.742623
1,1,1,74.000000,93,199.913300,211.170659,3.837608,-3.205115
1,1,1,74.000000,94,69.958186,57.742175,-1.651770,4.719285
1,1,1,74.000000,95,169.978012,104.626530,4.898223,1.003698
1,1,1,74.000000,96,121.464560,429.070153,-3.281848,3.772198
1,1,1,74.000000,97,0.680604,315.148449,4.928520,0.842433
1,1,1,74.000000,98,109.472243,343.708099,-2.819934,-4.128919
1,1,1,74.000000,99,491.902927,185.656961,2.719228,-4.195926
1,1,1,74.000000,100,156.293649,10.399786,-4.914486,0.920773
1,1,1,74.000000,101,412.826882,16.069591,-4.615201,-1.923517
1,1,1,74.000000,102,161.056973,165.056302,-4.982666,0.415985
1,1,1,74.000000,103,412.907917,360.002851,-2.581024,-4.282326
1,1,1,74.000000,104,204.133410,216.896625,-0.329485,-4.989132
1,1,1,74.000000,105,63.006976,214.520520,4.679716,-1.760755
1,1,1,74.000000,106,307.464625,455.008100,-4.974294,0.506357
1,1,1,74.000000,107,294.698296,491.340181,4.189498,-2.729122
1,1,1,74.000000,108,213.045829,16.645454,2.068175,4.552214
1,1,1,74.000000,109,498.946587,90.067768,-3.509085,-3.561786
1,1,1,74.000000,110,181.546804,58.405211,4.229799,2.666234
1,1,1,74.000000,111,148.043307,173.445143,-2.862251,4.099697
1,1,1,74.000000,112,212.542309,40.083196,-4.127289,2.822320
1,1,1,74.000000,113,135.516612,316.478524,-4.933429,0.813191
1,1,1,74.000000,114,456.351212,63.836476,-2.631192,4.251685
1,1,1,74.000000,115,2.435471,484.224721,2.713431,4.199678
1,1,1,74.000000,116,33.171177,232.491314,-2.656469,4.235938
1,1,1,74.000000,117,85.965655,143.454445,2.389935,-4.391834
1,1,1,74.000000,118,5.977471,274.943561,3.282161,-3.771925
1,1,1,74.000000,119,376.189802,266.331435,-2.490815,4.335417
1,1,1,74.000000,120,461.687873,429.157995,-1.620702,-4.730045
1,1,1,74.000000,121,487.807554,394.487622,-1.854431,4.643392
1,1,1,74.000000,122,251.044054,396.186422,4.287858,2.571823
1,1,1,74.000000,123,340.319346,377.845594,1.665716,-4.714381
1,1,1,74.000000,124,474.410360,137.057956,-3.605906,-3.463732
1,1,1,74.000000,125,357.798992,161.933324,-0.634858,-4.959532
1,1,1,74.000000,126,55.124496,238.574413,4.391449,2.390644
1,1,1,74.000000,127,375.577833,246.809932,-4.541167,-2.092321
1,1,1,74.000000,128,422.676486,125.909399,2.519216,-4.318976
1,1,1,74.000000,129,383.047420,347.543838,4.921750,-0.881120
1,1,1,74.000000,130,304.883548,375.235279,0.871709,4.923426
1,1,1,74.000000,131,48.074201,226.321040,0.126292,-4.998405
1,1,1,74.000000,132,343.421005,465.816658,3.986819,3.017495
1,1,1,74.000000,133,48.430379,177.509339,4.501496,-2.176359
1,1,1,74.000000,134,414.345961,285.436369,3.238158,3.809768
1,1,1,74.000000,135,438.624581,155.259104,0.123373,4.998478
1,1,1,74.000000,136,160.224999,439.313137,1.656455,4.717643
1,1,1,74.000000,137,395.424521,465.893401,1.132479,-4.870061
1,1,1,74.000000,138,13.321980,207.856775,3.975314,-3.032636
1,1,1,74.000000,139,148.613321,31.962224,3.201822,-3.840357
1,1,1,74.000000,140,294.032644,329.596422,-2.335241,4.421159
1,1,1,74.000000,141,465.444515,374.272781,1.394793,-4.801516
1,1,1,74.000000,142,413.302290,456.136389,4.978986,-0.457924
1,1,1,74.000000,143,380.884307,407.913782,-4.233803,2.659871
1,1,1,74.000000,144,420.450992,431.448992,-3.450582,-3.618492
1,1,1,74.000000,145,37.080978,133.847581,-2.986802,4.009864
1,1,1,74.000000,146,134.902012,310.183400,-4.621464,-1.908422
1,1,1,74.000000,147,134.600076,317.016857,4.382442,2.407114
1,1,1,74.000000,148,291.353191,198.600039,3.011540,3.991319
1,1,1,74.000000,149,464.372315,486.144492,-0.285135,4.991863
1,1,1,75.000000,0,159.464335,106.227403,-4.373414,-2.423480
1,1,1,75.000000,1,49.761060,57.923640,-4.539497,-2.095940
1,1,1,75.000000,2,237.414625,368.507203,3.513627,3.557306
1,1,1,75.000000,3,162.265730,377.826988,1.609383,4.733908
1,1,1,75.000000,4,485.605036,491.043148,-4.104006,-2.856069
1,1,1,75.000000,5,332.940689,310.329166,-0.225331,-4.994920
1,1,1,75.000000,6,40.684986,218.516431,-3.931002,3.089858
1,1,1,75.000000,7,29.137291,449.128807,-4.702586,1.698731
1,1,1,75.000000,8,44.777036,320.722416,4.234017,2.659529
1,1,1,75.000000,9,83.341569,406.071385,3.035264,3.973308
1,1,1,75.000000,10,331.866691,413.795715,-1.046627,-4.889230
1,1,1,75.000000,11,92.587323,80.684236,-1.024683,-4.893876
1,1,1,75.000000,12,407.449207,402.398838,4.446662,-2.286306
1,1,1,75.000000,13,227.965871,478.530243,-4.988230,0.342867
1,1,1,75.000000,14,167.597880,283.219783,4.588037,-1.987440
1,1,1,75.000000,15,294.084805,363.356089,-2.345631,-4.415655
1,1,1,75.000000,16,5.221215,201.409520,2.037199,4.566160
1,1,1,75.000000,17,267.234552,489.262985,4.221813,2.678860
1,1,1,75.000000,18,409.148357,388.229006,2.236953,4.471693
1,1,1,75.000000,19,424.539848,11.466463,-4.989706,0.320679
1,1,1,75.000000,20,233.560045,216.814006,-4.706248,1.688559
1,1,1,75.000000,21,406.713246,86.036285,-3.974256,-3.034022
1,1,1,75.000000,22,376.397324,142.791538,-3.403676,3.662648
1,1,1,75.000000,23,385.228063,476.550957,4.380725,2.410238
1,1,1,75.000000,24,434.390160,95.434844,-4.728578,-1.624978
1,1,1,75.000000,25,5.023833,250.709697,4.171550,2.756478
1,1,1,75.000000,26,383.998899,385.503384,-4.964009,-0.598848
1,1,1,75.000000,27,14.413287,273.007475,4.999863,0.037002
1,1,1,75.000000,28,413.966954,392.037954,-4.608247,-1.940118
1,1,1,75.000000,29,62.678161,230.666270,-4.869482,1.134966
1,1,1,75.000000,30,141.783225,440.040846,2.157816,-4.510413
1,1,1,75.000000,31,142.071974,46.614084,-0.387290,4.984978
1,1,1,75.000000,32,7.417393,74.349861,0.730574,-4.946338
1,1,1,75.000000,33,375.862461,375.290497,-2.970512,4.021947
1,1,1,75.000000,34,483.701154,194.097382,0.159597,-4.997452
1,1,1,75.000000,35,286.099754,351.006683,4.744530,-1.577795
1,1,1,75.000000,36,283.372850,212.539675,-1.223322,4.848039
1,1,1,75.000000,37,151.288874,277.158795,0.910340,-4.916430
1,1,1,75.000000,38,389.016791,149.809061,4.479353,2.221576
1,1,1,75.000000,39,297.522976,342.332903,4.883754,1.071889
1,1,1,75.000000,40,279.349689,277.274632,4.999712,-0.053647
1,1,1,75.000000,41,272.171050,164.084816,4.315947,2.524401
1,1,1,75.000000,42,270.500608,184.597739,4.854998,1.195405
1,1,1,75.000000,43,459.923799,402.267256,-2.326994,4.425506
1,1,1,75.000000,44,422.171600,157.474641,-2.425239,4.372438
1,1,1,75.000000,45,383.555053,164.828235,-4.163142,2.769160
1,1,1,75.000000,46,277.102526,191.912254,-3.330117,3.729654
1,1,1,75.000000,47,112.705724,472.603857,-4.817628,-1.338080
1,1,1,75.000000,48,418.148007,394.712565,-4.988408,-0.340277
1,1,1,75.000000,49,248.384262,374.774042,1.393732,4.801824
1,1,1,75.000000,50,492.437247,176.242303,4.642778,1.855967
1,1,1,75.000000,51,456.670608,97.669982,4.807839,-1.372840
1,1,1,75.000000,52,194.525035,242.520052,2.537704,4.308138
1,1,1,75.000000,53,436.463162,9.032292,-2.320427,-4.428952
1,1,1,75.000000,54,483.883462,372.890684,-1.376686,-4.806739
1,1,1,75.000000,55,119.890418,360.230953,0.798212,-4.935875
1,1,1,75.000000,56,393.877633,27.467476,-2.846840,4.110414
1,1,1,75.000000,57,227.281763,300.903980,-0.039235,-4.999846
1,1,1,75.000000,58,174.080223,114.621351,2.953689,4.034318
1,1,1,75.000000,59,1.476823,102.242683,1.727548,4.692076
1,1,1,75.000000,60,332.676459,209.579240,-0.526355,-4.972218
1,1,1,75.000000,61,255.367365,357.271148,4.273266,2.595996
1,1,1,75.000000,62,344.153771,116.302078,2.575736,-4.285509
1,1,1,75.000000,63,460.286537,51.235691,1.032334,4.892268
1,1,1,75.000000,64,88.662714,24.927803,-3.691539,3.372319
1,1,1,75.000000,65,332.715068,495.188688,1.838820,-4.649596
1,1,1,75.000000,66,342.708488,90.848395,2.168029,4.505513
1,1,1,75.000000,67,279.866705,154.984231,4.467144,2.246025
1,1,1,75.000000,68,421.655698,318.130870,-2.050262,-4.560310
1,1,1,75.000000,69,86.463805,259.899802,4.727651,-1.627672
1,1,1,75.000000,70,378.318231,397.335325,1.018166,4.895236
1,1,1,75.000000,71,278.555612,44.395773,4.919603,0.893031
1,1,1,75.000000,72,357.955524,302.200967,-1.566409,-4.748301
1,1,1,75.000000,73,390.889594,213.998588,-3.567718,-3.503055
1,1,1,75.000000,74,307.601789,184.338072,3.581559,3.488902
1,1,1,75.000000,75,400.472564,39.071578,4.759092,1.533311
1,1,1,75.000000,76,486.602253,435.134469,0.537893,4.970983
1,1,1,75.000000,77,83.600533,341.673618,0.011856,-4.999986
1,1,1,75.000000,78,10.892715,3.709758,3.457613,3.611774
1,1,1,75.000000,79,288.973415,418.850163,-4.770657,1.496940
1,1,1,75.000000,80,466.170113,253.703121,-4.710641,-1.676263
1,1,1,75.000000,81,437.964127,218.589329,2.345762,-4.415586
1,1,1,75.000000,82,322.176297,467.048109,4.905532,0.967347
1,1,1,75.000000,83,193.224120,389.494175,2.899652,-4.073330
1,1,1,75.000000,84,391.846951,333.479953,-1.131052,-4.870392
1,1,1,75.000000,85,122.416810,23.291465,2.138659,-4.519528
1,1,1,75.000000,86,56.224027,383.723307,4.974019,0.509052
1,1,1,75.000000,87,452.830039,155.774132,3.726624,-3.333507
1,1,1,75.000000,88,134.408406,295.541284,4.293703,2.562052
1,1,1,75.000000,89,306.452741,435.054169,-4.381651,2.408554
1,1,1,75.000000,90,195.803765,49.916732,-4.999807,-0.043877
1,1,1,75.000000,91,206.933966,188.432635,4.986759,-0.363638
1,1,1,75.000000,92,194.709299,332.565604,1.450546,-4.784968
1,1,1,75.000000,93,203.750909,207.965544,2.867426,4.096080
1,1,1,75.000000,94,68.306415,62.461460,-3.052304,-3.960232
1,1,1,75.000000,95,174.876235,105.630228,-4.877449,-1.100224
1,1,1,75.000000,96,118.182712,432.842351,-0.727029,-4.946861
1,1,1,75.000000,97,0.315001,310.248575,0.995605,-4.899874
1,1,1,75.000000,98,106.652309,339.579180,0.512317,-4.973684
1,1,1,75.000000,99,494.622155,181.461035,4.994850,-0.226875
1,1,1,75.000000,100,160.191221,13.531708,3.897571,3.131922
1,1,1,75.000000,101,413.674387,20.997241,0.847505,4.927650
1,1,1,75.000000,102,156.074308,165.472287,-3.926923,-3.095040
1,1,1,75.000000,103,410.326893,355.720525,-2.709862,4.201981
1,1,1,75.000000,104,203.803926,211.907492,4.999595,-0.063653
1,1,1,75.000000,105,67.686692,212.759765,-3.792765,3.258056
1,1,1,75.000000,106,302.490331,455.514457,-3.552732,3.518252
1,1,1,75.000000,107,289.765449,492.156891,-4.932848,0.816710
1,1,1,75.000000,108,215.114004,21.197668,-4.705819,1.689753
1,1,1,75.000000,109,496.923151,87.249801,-4.130262,-2.817967
1,1,1,75.000000,110,185.776603,61.071445,-0.763300,-4.941394
1,1,1,75.000000,111,145.181056,177.544841,0.719063,4.948025
1,1,1,75.000000,112,216.508311,43.127999,3.966002,3.044803
1,1,1,75.000000,113,130.583183,317.291715,-1.895981,4.626581
1,1,1,75.000000,114,453.720020,68.088162,-4.227924,-2.669206
1,1,1,75.000000,115,6.679797,486.867768,4.244326,2.643047
1,1,1,75.000000,116,30.514709,236.727252,3.999566,-3.000579
1,1,1,75.000000,117,88.355590,139.062610,3.389287,3.675967
1,1,1,75.000000,118,2.120685,271.761548,-3.856786,-3.182012
1,1,1,75.000000,119,373.698986,270.666852,4.999965,-0.018693
1,1,1,75.000000,120,460.067171,424.427950,-3.632840,3.435473
1,1,1,75.000000,121,492.706481,395.487880,4.898927,1.000258
1,1,1,75.000000,122,255.331912,398.758244,-4.869434,1.135170
1,1,1,75.000000,123,341.985062,373.131213,3.733723,-3.325554
1,1,1,75.000000,124,470.804454,133.594224,-2.865704,-4.097284
1,1,1,75.000000,125,357.164134,156.973792,4.871237,1.127409
1,1,1,75.000000,126,59.515945,240.965057,2.809303,4.136160
1,1,1,75.000000,127,371.036666,244.717612,-4.117048,2.837237
1,1,1,75.000000,128,425.195702,121.590424,-4.960328,0.628609
1,1,1,75.000000,129,387.969170,346.662718,0.042178,-4.999822
1,1,1,75.000000,130,305.755256,380.158705,4.941522,0.762473
1,1,1,75.000000,131,48.200494,221.322636,-4.640339,-1.862055
1,1,1,75.000000,132,347.407824,468.834153,-1.491296,4.772425
1,1,1,75.000000,133,52.931875,175.332980,-4.990521,0.307736
1,1,1,75.000000,134,417.584119,289.246137,4.505507,-2.168042
1,1,1,75.000000,135,438.747954,160.257581,-2.751290,4.174973
1,1,1,75.000000,136,161.881454,444.030780,2.605203,-4.267660
1,1,1,75.000000,137,396.557000,461.023340,-2.545703,-4.303417
1,1,1,75.000000,138,12.555195,202.915921,-0.766786,-4.940854
1,1,1,75.000000,139,151.815142,28.121867,4.041014,2.944522
1,1,1,75.000000,140,291.697402,334.017581,4.529369,-2.117739
1,1,1,75.000000,141,466.839308,369.471266,-0.750762,-4.943314
1,1,1,75.000000,142,418.281276,455.678465,-4.202581,-2.708932
1,1,1,75.000000,143,376.650505,410.573653,1.327316,4.820605
1,1,1,75.000000,144,417.000410,427.830500,-4.926826,0.852282
1,1,1,75.000000,145,34.094176,137.857445,3.417653,-3.649610
1,1,1,75.000000,146,130.280548,308.274978,-3.534513,3.536555
1,1,1,75.000000,147,138.982518,319.423971,-2.569966,-4.288971
1,1,1,75.000000,148,294.364731,202.591358,0.750621,-4.943336
1,1,1,75.000000,149,469.332374,485.513768,4.960059,-0.630724
1,1,1,76.000000,0,155.090921,103.803923,-4.168194,-2.761550
1,1,1,76.000000,1,45.221563,55.827700,-2.961104,4.028879
1,1,1,76.000000,2,240.928252,372.064509,-3.275066,-3.778087
1,1,1,76.000000,3,163.875113,382.560896,2.726760,4.191036
1,1,1,76.000000,4,481.501030,488.187079,0.191241,4.996341
1,1,1,76.000000,5,332.715357,305.334246,1.442964,-4.787260
1,1,1,76.000000,6,36.753983,221.606289,-2.789217,4.149731
1,1,1,76.000000,7,24.339624,450.536780,-4.797667,1.407973
1,1,1,76.000000,8,49.011053,323.381946,-0.018282,-4.999967
1,1,1,76.000000,9,86.376833,410.044693,-4.673590,-1.776952
1,1,1,76.000000,10,330.820064,408.906485,-4.650578,-1.836334
1,1,1,76.000000,11,91.562640,75.790360,4.082179,-2.887180
1,1,1,76.000000,12,411.895869,400.112531,3.857953,-3.180597
1,1,1,76.000000,13,222.977641,478.873109,4.983093,0.410828
1,1,1,76.000000,14,172.185917,281.232343,4.257483,-2.621801
1,1,1,76.000000,15,291.739173,358.940434,-0.151492,-4.997704
1,1,1,76.000000,16,0.705872,199.262038,-4.515343,-2.147481
1,1,1,76.000000,17,267.199360,484.263109,-0.035192,-4.999876
1,1,1,76.000000,18,411.385310,392.700700,4.568723,-2.031446
1,1,1,76.000000,19,423.448848,16.345983,-1.091000,4.879520
1,1,1,76.000000,20,228.853797,218.502565,2.740111,4.182319
1,1,1,76.000000,21,402.738990,83.002262,-3.545138,-3.525904
1,1,1,76.000000,22,372.993648,146.454185,0.632828,4.959791
1,1,1,76.000000,23,389.608788,478.961196,-0.714114,-4.948741
1,1,1,76.000000,24,429.661583,93.809866,-4.998111,-0.137413
1,1,1,76.000000,25,5.521867,255.684831,0.498033,4.975134
1,1,1,76.000000,26,379.034890,384.904536,4.775759,-1.480582
1,1,1,76.000000,27,17.932652,269.455846,3.519365,-3.551629
1,1,1,76.000000,28,409.358707,390.097836,-2.886078,-4.082959
1,1,1,76.000000,29,57.808679,231.801236,0.667980,4.955179
1,1,1,76.000000,30,143.941042,435.530433,-1.796387,4.666154
1,1,1,76.000000,31,141.684684,51.599062,-4.022909,-2.969210
1,1,1,76.000000,32,11.698936,76.932183,4.281543,2.582322
1,1,1,76.000000,33,372.891949,379.312444,-2.979147,4.015555
1,1,1,76.000000,34,480.065719,190.664655,-3.635435,-3.432727
1,1,1,76.000000,35,290.844284,349.428888,-3.201080,3.840975
1,1,1,76.000000,36,282.149528,217.387715,4.940167,-0.771202
1,1,1,76.000000,37,152.199214,272.242365,0.414173,-4.982817
1,1,1,76.000000,38,393.496144,152.030636,3.811518,3.236098
1,1,1,76.000000,39,302.406730,343.404792,1.740889,4.687143
1,1,1,76.000000,40,284.349401,277.220985,4.459231,2.261694
1,1,1,76.000000,41,276.486997,166.609217,-2.581027,-4.282324
1,1,1,76.000000,42,275.355606,185.793144,-1.510491,-4.766384
1,1,1,76.000000,43,462.842929,406.326650,2.919130,4.059394
1,1,1,76.000000,44,419.746361,161.847079,2.597280,4.272486
1,1,1,76.000000,45,379.391911,167.597395,1.998171,-4.583374
1,1,1,76.000000,46,273.772409,195.641908,0.034256,-4.999883
1,1,1,76.000000,47,107.888095,471.265777,3.417009,3.650213
1,1,1,76.000000,48,413.159599,394.372288,-3.287332,3.767420
1,1,1,76.000000,49,249.777995,379.575866,-2.958083,-4.031097
1,1,1,76.000000,50,492.714309,181.234621,0.277062,4.992318
1,1,1,76.000000,51,461.478446,96.297143,-4.722463,1.642663
1,1,1,76.000000,52,197.062740,246.828190,1.220100,-4.848851
1,1,1,76.000000,53,434.142734,4.603340,4.990421,0.309343
1,1,1,76.000000,54,482.506776,368.083945,4.984244,0.396624
1,1,1,76.000000,55,120.688630,355.295078,-2.284896,-4.447387
1,1,1,76.000000,56,391.030793,31.577890,1.158939,4.863832
1,1,1,76.000000,57,227.242528,295.904134,1.038802,4.890899
1,1,1,76.000000,58,177.033911,118.655669,1.950655,-4.603797
1,1,1,76.000000,59,0.098368,107.048915,-1.378455,4.806232
1,1,1,76.000000,60,332.150104,204.607022,-3.742722,-3.315423
1,1,1,76.000000,61,259.640631,359.867144,2.620042,4.258566
1,1,1,76.000000,62,346.729507,112.016570,-2.740624,-4.181983
1,1,1,76.000000,63,455.368353,50.334881,-4.918185,-0.900810
1,1,1,76.000000,64,87.226360,20.138556,-1.436354,-4.789247
1,1,1,76.000000,65,335.052941,490.768921,2.337873,-4.419768
1,1,1,76.000000,66,344.876517,95.353908,-4.887757,1.053485
1,1,1,76.000000,67,284.333848,157.230256,0.764358,4.941230
1,1,1,76.000000,68,419.605436,313.570560,-3.044576,-3.966177
1,1,1,76.000000,69,91.191456,258.272129,3.560208,-3.510686
1,1,1,76.000000,70,379.336397,402.230561,-2.207730,4.486193
1,1,1,76.000000,71,283.475216,45.288804,3.308415,-3.748918
1,1,1,76.000000,72,356.389114,297.452666,0.499394,4.974998
1,1,1,76.000000,73,387.321876,210.495534,-3.698309,3.364894
1,1,1,76.000000,74,311.183347,187.826973,-1.171653,-4.860785
1,1,1,76.000000,75,405.231656,40.604890,-0.123489,-4.998475
1,1,1,76.000000,76,489.279895,430.911883,2.677642,-4.222586
1,1,1,76.000000,77,83.612389,336.673632,-1.043684,4.889859
1,1,1,76.000000,78,9.381748,8.475991,-1.510966,4.766233
1,1,1,76.000000,79,284.202758,420.347103,1.056392,-4.887130
1,1,1,76.000000,80,461.459471,252.026858,1.341841,-4.816582
1,1,1,76.000000,81,440.309888,214.173743,4.956476,0.658287
1,1,1,76.000000,82,319.970237,471.535123,-2.206060,4.487015
1,1,1,76.000000,83,196.123772,385.420844,-2.747955,4.177169
1,1,1,76.000000,84,390.715899,328.609561,-1.323474,-4.821661
1,1,1,76.000000,85,124.555469,18.771936,4.819200,1.332408
1,1,1,76.000000,86,61.198046,384.232359,-4.672913,-1.778730
1,1,1,76.000000,87,457.151331,153.258892,4.321292,-2.515241
1,1,1,76.000000,88,138.702109,298.103336,-4.987003,0.360275
1,1,1,76.000000,89,302.071090,437.462723,-0.466948,-4.978148
1,1,1,76.000000,90,190.803958,49.872855,4.403125,2.369069
1,1,1,76.000000,91,211.920725,188.068997,-3.343396,3.717755
1,1,1,76.000000,92,196.159845,327.780637,-1.600406,-4.736951
1,1,1,76.000000,93,206.618335,212.061624,-3.505126,-3.565682
1,1,1,76.000000,94,65.254111,58.501228,-4.993600,-0.252893
1,1,1,76.000000,95,169.998786,104.530004,4.879328,-1.091860
1,1,1,76.000000,96,117.455684,427.895491,-1.240233,-4.843740
1,1,1,76.000000,97,3.402931,306.905376,3.717932,-3.343199
1,1,1,76.000000,98,107.164626,334.605496,3.705155,3.357355
1,1,1,76.000000,99,499.617005,181.234160,-1.715248,-4.696586
1,1,1,76.000000,100,165.073352,12.452453,4.882132,-1.079255
1,1,1,76.000000,101,409.113943,18.947278,-4.560444,-2.049963
1,1,1,76.000000,102,152.147384,162.377247,4.270666,-2.600272
1,1,1,76.000000,103,407.617031,359.922506,4.110578,2.846603
1,1,1,76.000000,104,208.803521,211.843839,-2.732567,-4.187252
1,1,1,76.000000,105,63.893927,216.017821,4.999454,0.073905
1,1,1,76.000000,106,298.937599,459.032709,0.755805,-4.942546
1,1,1,76.000000,107,293.773574,489.167756,4.008125,-2.989135
1,1,1,76.000000,108,210.408185,22.887421,1.098447,-4.877849
1,1,1,76.000000,109,498.766513,89.783771,-4.310336,2.533970
1,1,1,76.000000,110,185.013303,56.130051,-3.644026,3.423605
1,1,1,76.000000,111,145.900118,182.492866,-4.991118,-0.297901
1,1,1,76.000000,112,217.614114,48.004186,1.105803,4.876187
1,1,1,76.000000,113,128.687202,321.918296,1.118476,4.873296
1,1,1,76.000000,114,449.492096,65.418956,-2.476035,-4.343875
1,1,1,76.000000,115,11.179460,484.687623,4.499663,-2.180145
1,1,1,76.000000,116,34.514274,233.726673,4.971574,0.532404
1,1,1,76.000000,117,91.744878,142.738577,4.669882,-1.786675
1,1,1,76.000000,118,2.248758,269.330916,4.369442,-2.430632
1,1,1,76.000000,119,378.698951,270.648159,-4.882242,1.078755
1,1,1,76.000000,120,456.434331,427.863423,-3.742159,3.316059
1,1,1,76.000000,121,487.813174,394.460481,-4.893307,-1.027399
1,1,1,76.000000,122,250.462478,399.893414,-2.503204,4.328275
1,1,1,76.000000,123,345.718786,369.805659,4.998375,0.127473
1,1,1,76.000000,124,467.938750,129.496939,0.827390,4.931067
1,1,1,76.000000,125,362.035371,158.101201,-2.219703,-4.480281
1,1,1,76.000000,126,62.325247,245.101217,-3.446532,3.622350
1,1,1,76.000000,127,366.919618,247.554849,0.452679,-4.979466
1,1,1,76.000000,128,420.235374,122.219032,4.919495,0.893625
1,1,1,76.000000,129,388.011349,341.662896,0.355273,-4.987362
1,1,1,76.000000,130,310.696778,380.921178,4.679637,1.760965
1,1,1,76.000000,131,43.560154,219.460580,4.567258,2.034737
1,1,1,76.000000,132,345.916528,473.606578,4.242002,-2.646775
1,1,1,76.000000,133,47.941354,175.640717,-1.856624,4.642515
1,1,1,76.000000,134,422.089626,287.078095,4.769782,1.499728
1,1,1,76.000000,135,435.996664,164.432555,-4.772679,-1.490480
1,1,1,76.000000,136,164.486657,439.763121,-0.235751,-4.994439
1,1,1,76.000000,137,394.011297,456.719924,2.678887,-4.221796
1,1,1,76.000000,138,8.094949,200.656228,-4.460245,-2.259693
1,1,1,76.000000,139,155.856156,31.066389,4.898634,-1.001689
1,1,1,76.000000,140,296.226771,331.899842,-1.276818,4.834225
1,1,1,76.000000,141,466.088546,364.527951,1.795782,-4.666387
1,1,1,76.000000,142,414.078695,452.969533,-4.996330,0.191538
1,1,1,76.000000,143,377.977821,415.394258,0.950660,4.908793
1,1,1,76.000000,144,412.073584,428.682782,-4.339495,2.483703
1,1,1,76.000000,145,37.511829,134.207836,0.393378,-4.984501
1,1,1,76.000000,146,126.746035,311.811533,-3.760773,3.294933
1,1,1,76.000000,147,136.412552,315.135000,-1.901435,4.624343
1,1,1,76.000000,148,295.115353,197.648023,-3.463993,3.605656
1,1,1,76.000000,149,474.007880,487.285673,4.675506,1.771905
1,1,1,77.000000,0,150.922727,101.042373,-4.289302,-2.569414
1,1,1,77.000000,1,42.260459,59.856578,2.468195,4.348334
1,1,1,77.000000,2,237.653186,368.286422,0.516796,-4.973221
1,1,1,77.000000,3,166.601873,386.751931,-0.784651,-4.938049
1,1,1,77.000000,4,481.692271,493.183420,-2.734281,-4.186133
1,1,1,77.000000,5,334.158321,300.546986,4.194160,-2.721952
1,1,1,77.000000,6,33.964766,225.756020,3.705378,-3.357108
1,1,1,77.000000,7,19.744670,452.508175,-4.594954,1.971395
1,1,1,77.000000,8,48.992771,318.381979,4.996788,-0.179197
1,1,1,77.000000,9,81.703243,408.267741,-4.072609,-2.900665
1,1,1,77.000000,10,326.169486,407.070151,-4.376033,-2.418746
1,1,1,77.000000,11,95.644819,72.903179,0.738850,-4.945109
1,1,1,77.000000,12,415.753823,396.931935,-1.622773,-4.729335
1,1,1,77.000000,13,227.960734,479.283938,1.217060,4.849615
1,1,1,77.000000,14,176.443399,278.610542,-4.134703,2.811446
1,1,1,77.000000,15,291.587681,353.942729,-2.406711,-4.382664
1,1,1,77.000000,16,4.269392,198.765300,4.975264,-0.496738
1,1,1,77.000000,17,262.752920,486.549848,-4.446440,2.286739
1,1,1,77.000000,18,415.954033,390.669253,4.706176,-1.688760
1,1,1,77.000000,19,428.282101,15.065491,4.833253,-1.280492
1,1,1,77.000000,20,231.593908,222.684883,3.023560,3.982221
1,1,1,77.000000,21,399.193852,79.476359,-0.441646,-4.980457
1,1,1,77.000000,22,373.626476,151.413977,4.817013,1.340294
1,1,1,77.000000,23,388.894674,474.012454,2.728108,4.190158
1,1,1,77.000000,24,424.663471,93.672453,1.921398,-4.616084
1,1,1,77.000000,25,1.639629,252.533922,-3.882238,-3.150909
1,1,1,77.000000,26,383.810649,383.423954,-4.847568,1.225188
1,1,1,77.000000,27,13.060047,270.577325,-4.872606,1.121479
1,1,1,77.000000,28,406.472629,386.014877,3.625308,-3.443420
1,1,1,77.000000,29,58.476660,236.756415,3.714972,3.346488
1,1,1,77.000000,30,142.144654,440.196587,-0.717351,4.948273
1,1,1,77.000000,31,137.661775,48.629852,2.671463,4.226498
1,1,1,77.000000,32,6.702698,77.126112,-4.996238,0.193929
1,1,1,77.000000,33,369.912802,383.327999,-0.984776,-4.902062
1,1,1,77.000000,34,484.819109,192.215552,4.753390,1.550896
1,1,1,77.000000,35,287.643204,353.269863,4.569947,-2.028689
1,1,1,77.000000,36,287.089695,216.616513,3.540107,-3.530955
1,1,1,77.000000,37,152.613386,267.259548,-2.379451,4.397523
1,1,1,77.000000,38,397.307663,155.266734,1.244522,-4.842640
1,1,1,77.000000,39,304.147619,348.091935,-0.911480,-4.916219
1,1,1,77.000000,40,288.808632,279.482679,3.321790,3.737072
1,1,1,77.000000,41,273.905970,162.326893,4.309987,2.534564
1,1,1,77.000000,42,273.845115,181.026760,-1.074622,4.883153
1,1,1,77.000000,43,462.868791,401.326717,0.025862,-4.999933
1,1,1,77.000000,44,422.343641,166.119565,-0.119909,4.998562
1,1,1,77.000000,45,381.390082,163.014021,4.463584,2.253090
1,1,1,77.000000,46,273.806665,190.642025,3.821806,-3.223942
1,1,1,77.000000,47,111.305104,474.915990,-2.670560,4.227069
1,1,1,77.000000,48,409.872268,398.139707,0.977718,-4.903475
1,1,1,77.000000,49,246.819912,375.544768,0.214087,4.995415
1,1,1,77.000000,50,497.692417,180.767242,4.978108,-0.467379
1,1,1,77.000000,51,456.755983,97.939806,-2.197051,-4.491433
1,1,1,77.000000,52,198.282839,241.979339,0.988363,4.901340
1,1,1,77.000000,53,439.133156,4.912683,-4.886817,-1.057838
1,1,1,77.000000,54,487.491020,368.480569,-4.816982,1.340405
1,1,1,77.000000,55,118.403734,350.847691,-2.020847,4.573421
1,1,1,77.000000,56,392.189731,36.441722,-4.482356,-2.215511
1,1,1,77.000000,57,228.281330,300.795033,-4.994042,-0.244024
1,1,1,77.000000,58,178.984566,114.051872,4.885170,1.065417
1,1,1,77.000000,59,0.114571,102.053451,0.212939,-4.995464
1,1,1,77.000000,60,328.407382,201.291599,-4.979326,0.454219
1,1,1,77.000000,61,262.260673,364.125709,4.071348,2.902434
1,1,1,77.000000,62,343.988883,107.834587,4.684277,-1.748584
1,1,1,77.000000,63,458.585655,46.507485,3.217303,-3.827397
1,1,1,77.000000,64,92.160503,19.329708,4.934143,-0.808848
1,1,1,77.000000,65,334.080014,495.673348,-0.972927,4.904428
1,1,1,77.000000,66,339.988760,96.407393,-4.535041,-2.105565
1,1,1,77.000000,67,285.098207,162.171486,1.615004,-4.731993
1,1,1,77.000000,68,416.560860,309.604383,2.427222,4.371338
1,1,1,77.000000,69,94.751664,254.761443,3.577903,3.492651
1,1,1,77.000000,70,377.128667,406.716754,-0.912031,4.916116
1,1,1,77.000000,71,286.783631,41.539885,4.989176,-0.328816
1,1,1,77.000000,72,356.888508,302.427664,-1.554077,4.752352
1,1,1,77.000000,73,383.623568,213.860428,-4.840424,1.253114
1,1,1,77.000000,74,310.011694,182.966189,-0.712993,-4.948903
1,1,1,77.000000,75,405.108166,35.606415,3.206708,-3.836277
1,1,1,77.000000,76,484.837301,428.617682,-4.442594,-2.294200
1,1,1,77.000000,77,82.568705,341.563492,1.168953,4.861435
1,1,1,77.000000,78,5.957520,12.119431,-3.424229,3.643441
1,1,1,77.000000,79,285.259150,415.459973,-4.840396,1.253224
1,1,1,77.000000,80,462.801312,247.210275,-3.246629,-3.802552
1,1,1,77.000000,81,445.266365,214.832030,3.662739,-3.403578
1,1,1,77.000000,82,322.859003,475.616181,2.888766,4.081057
1,1,1,77.000000,83,193.375816,389.598013,-3.675472,-3.389824
1,1,1,77.000000,84,389.392425,323.787900,-1.465532,-4.780399
1,1,1,77.000000,85,129.374669,20.104345,-4.923710,0.870104
1,1,1,77.000000,86,56.525133,382.453629,3.992552,3.009906
1,1,1,77.000000,87,458.206795,158.146222,1.055464,4.887330
1,1,1,77.000000,88,133.715106,298.463611,2.014425,4.576253
1,1,1,77.000000,89,301.604142,432.484575,-0.349593,-4.987763
1,1,1,77.000000,90,195.207083,52.241925,-4.892467,1.031390
1,1,1,77.000000,91,208.577329,191.786752,-3.090714,3.930329
1,1,1,77.000000,92,194.559439,323.043686,4.499617,-2.180240
1,1,1,77.000000,93,203.113208,208.495942,4.635526,1.874005
1,1,1,77.000000,94,60.260511,58.248335,-0.706076,4.949895
1,1,1,77.000000,95,174.878114,103.438144,4.841866,1.247531
1,1,1,77.000000,96,116.215450,423.051750,2.071202,4.550837
1,1,1,77.000000,97,0.262126,310.795793,-3.140805,3.890417
1,1,1,77.000000,98,110.869780,337.962850,2.663996,4.231209
1,1,1,77.000000,99,497.901757,176.537573,-0.194974,4.996197
1,1,1,77.000000,100,168.952737,9.298032,3.879385,-3.154421
1,1,1,77.000000,101,404.304358,17.580571,-4.809585,-1.366707
1,1,1,77.000000,102,156.418050,159.776975,-2.789641,-4.149446
1,1,1,77.000000,103,411.727609,362.769109,-4.999839,0.040128
1,1,1,77.000000,104,206.070954,207.656587,4.751369,1.557079
1,1,1,77.000000,105,68.893381,216.091726,-4.665595,-1.797837
1,1,1,77.000000,106,299.693405,454.090163,-1.881997,-4.632287
1,1,1,77.000000,107,297.589242,492.398960,3.815668,3.231204
1,1,1,77.000000,108,211.506632,18.009572,-2.698161,4.209504
1,1,1,77.000000,109,494.314218,92.059089,-4.452295,2.275318
1,1,1,77.000000,110,181.369277,59.553656,-0.910850,4.916335
1,1,1,77.000000,111,140.909001,182.194965,-0.621575,4.961214
1,1,1,77.000000,112,222.613592,47.931921,4.999478,-0.072265
1,1,1,77.000000,113,129.805678,326.791592,3.403446,3.662862
1,1,1,77.000000,114,447.016061,61.075081,1.429249,-4.791372
1,1,1,77.000000,115,16.119871,483.917985,4.940411,-0.769638
1,1,1,77.000000,116,39.485848,234.259077,1.622422,-4.729455
1,1,1,77.000000,117,96.414759,140.951903,-4.842969,-1.243244
1,1,1,77.000000,118,0.004215,273.794560,2.252973,4.463644
1,1,1,77.000000,119,373.816709,271.726914,-4.927979,-0.845590
1,1,1,77.000000,120,452.692172,431.179481,-3.011313,-3.991491
1,1,1,77.000000,121,491.146098,398.187628,3.332924,3.727146
1,1,1,77.000000,122,247.959274,404.221690,-4.863529,-1.160208
1,1,1,77.000000,123,350.717161,369.933132,3.424495,3.643190
1,1,1,77.000000,124,468.766140,134.428007,4.971613,0.532035
1,1,1,77.000000,125,359.815668,153.620920,-4.998206,-0.133937
1,1,1,77.000000,126,58.878715,248.723567,-2.289275,4.445135
1,1,1,77.000000,127,367.372297,242.575383,-4.905421,-0.967910
1,1,1,77.000000,128,425.154870,123.112657,4.811722,-1.359165
1,1,1,77.000000,129,388.366621,336.675534,1.378136,4.806323
1,1,1,77.000000,130,315.376415,382.682144,0.396624,-4.984244
1,1,1,77.000000,131,48.127412,221.495317,4.910684,0.940844
1,1,1,77.000000,132,350.158530,470.959802,-2.639241,4.246694
1,1,1,77.000000,133,46.084730,180.283232,2.013670,4.576585
1,1,1,77.000000,134,426.859408,288.577822,4.606174,-1.945035
1,1,1,77.000000,135,431.223985,162.942074,0.161935,-4.997377
1,1,1,77.000000,136,164.250906,434.768682,-4.041131,-2.944361
1,1,1,77.000000,137,396.690185,452.498127,4.871097,1.128014
1,1,1,77.000000,138,10.220843,196.130681,2.125893,-4.525547
1,1,1,77.000000,139,160.754790,30.064699,2.436370,-4.366246
1,1,1,77.000000,140,294.949953,336.734067,-4.841980,1.247090
1,1,1,77.000000,141,467.884327,359.861564,-4.999756,0.049365
1,1,1,77.000000,142,409.082365,453.161070,-4.301511,2.548922
1,1,1,77.000000,143,378.928481,420.303050,-2.523913,-4.316232
1,1,1,77.000000,144,407.734089,431.166485,-4.755142,1.545516
1,1,1,77.000000,145,37.905207,129.223334,3.728989,-3.330862
1,1,1,77.000000,146,122.985262,315.106466,-4.990541,-0.307412
1,1,1,77.000000,147,134.511117,319.759343,1.554352,-4.752262
1,1,1,77.000000,148,291.651360,201.253679,-4.298807,2.553479
1,1,1,77.000000,149,469.303560,485.591751,-4.704320,-1.693922
1,1,1,78.000000,0,146.633425,98.472959,4.093086,2.871698
1,1,1,78.000000,1,44.728654,64.204912,-3.106869,-3.917571
1,1,1,78.000000,2,238.169981,363.313201,2.841818,4.113887
1,1,1,78.000000,3,165.817222,381.813883,-3.528724,-3.542330
1,1,1,78.000000,4,478.957990,488.997288,-2.771182,-4.161796
1,1,1,78.000000,5,338.352481,297.825034,-3.437548,-3.630876
1,1,1,78.000000,6,37.670144,222.398912,4.807157,1.375224
1,1,1,78.000000,7,22.991409,456.310633,3.246739,3.802458
1,1,1,78.000000,8,53.989559,318.202782,4.992479,-0.274145
1,1,1,78.000000,9,77.630634,405.367076,4.730385,-1.619710
1,1,1,78.000000,10,321.793452,404.651405,4.641217,-1.859866
1,1,1,78.000000,11,96.383669,67.958071,-3.910164,3.116186
1,1,1,78.000000,12,414.131050,392.202600,1.208638,-4.851721
1,1,1,78.000000,13,229.177795,484.133553,-3.514328,3.556613
1,1,1,78.000000,14,172.308696,281.421988,-4.559696,-2.051627
1,1,1,78.000000,15,289.180971,349.560066,0.792970,4.936719
1,1,1,78.000000,16,6.912283,203.009723,2.642891,4.244423
1,1,1,78.000000,17,259.032349,483.209586,-3.720571,-3.340262
1,1,1,78.000000,18,420.660209,388.980493,-4.088017,-2.878909
1,1,1,78.000000,19,432.369030,12.185037,4.086929,-2.880454
1,1,1,78.000000,20,234.617468,226.667104,-4.014831,2.980122
1,1,1,78.000000,21,398.752207,74.495902,3.637820,-3.430199
1,1,1,78.000000,22,378.443489,152.754271,4.537109,-2.101106
1,1,1,78.000000,23,391.622782,478.202613,4.976559,-0.483592
1,1,1,78.000000,24,426.584869,89.056369,-4.376296,2.418271
1,1,1,78.000000,25,2.739914,247.656487,1.100285,-4.877435
1,1,1,78.000000,26,378.963081,384.649142,1.938956,-4.608736
1,1,1,78.000000,27,14.294704,265.732160,1.234657,-4.845165
1,1,1,78.000000,28,410.097937,382.571457,-3.551707,3.519286
1,1,1,78.000000,29,62.191632,240.102903,-4.824610,-1.312685
1,1,1,78.000000,30,141.427303,445.144860,3.486118,3.584269
1,1,1,78.000000,31,140.333239,52.856350,2.914749,-4.062541
1,1,1,78.000000,32,10.679831,74.095862,3.977133,-3.030249
1,1,1,78.000000,33,368.928025,378.425936,-2.873914,4.091530
1,1,1,78.000000,34,488.715853,189.082599,3.896744,-3.132952
1,1,1,78.000000,35,292.213152,351.241173,4.880198,-1.087963
1,1,1,78.000000,36,290.629802,213.085558,3.368492,-3.695032
1,1,1,78.000000,37,150.233935,271.657072,-3.546940,-3.524091
1,1,1,78.000000,38,398.552185,150.424094,-4.571126,2.026032
1,1,1,78.000000,39,303.236139,343.175716,-2.881083,4.086485
1,1,1,78.000000,40,292.130422,283.219751,4.371306,2.427279
1,1,1,78.000000,41,278.215957,164.861457,-0.721796,-4.947627
1,1,1,78.000000,42,272.770492,185.909913,0.367918,4.986445
1,1,1,78.000000,43,461.423178,406.113177,-1.445613,4.786460
1,1,1,78.000000,44,422.223732,171.118127,2.236681,-4.471829
1,1,1,78.000000,45,385.853666,165.267111,-1.473033,4.778093
1,1,1,78.000000,46,277.628470,187.418083,-1.240064,4.843784
1,1,1,78.000000,47,108.634544,479.143059,0.269347,-4.992740
1,1,1,78.000000,48,410.849985,393.236232,-3.832747,3.210926
1,1,1,78.000000,49,247.033998,380.540183,1.453234,-4.784152
1,1,1,78.000000,50,498.402349,175.817899,0.709933,-4.949343
1,1,1,78.000000,51,454.558933,93.448373,-3.002202,-3.998348
1,1,1,78.000000,52,199.271203,246.880679,2.346640,-4.415120
1,1,1,78.000000,53,434.246339,3.854845,-4.202488,2.709076
1,1,1,78.000000,54,482.674038,369.820975,2.851980,-4.106849
1,1,1,78.000000,55,116.382887,355.421112,1.093706,-4.878914
1,1,1,78.000000,56,387.707376,34.226211,-4.615173,-1.923585
1,1,1,78.000000,57,223.287288,300.551009,-4.995752,-0.206067
1,1,1,78.000000,58,183.869736,115.117289,-4.983252,0.408904
1,1,1,78.000000,59,1.036045,106.919259,1.150616,4.865808
1,1,1,78.000000,60,323.428056,201.745818,4.472638,2.235063
1,1,1,78.000000,61,266.332021,367.028143,4.759959,1.530618
1,1,1,78.000000,62,348.673160,106.086003,-1.879831,-4.633167
1,1,1,78.000000,63,462.693522,43.656970,4.107866,-2.850515
1,1,1,78.000000,64,88.162714,16.326761,-3.997789,-3.002946
1,1,1,78.000000,65,337.341100,491.883188,3.261086,-3.790161
1,1,1,78.000000,66,335.453719,94.301828,-1.983800,-4.589612
1,1,1,78.000000,67,286.713211,157.439492,-2.603089,4.268950
1,1,1,78.000000,68,418.988082,313.975721,4.471189,-2.237960
1,1,1,78.000000,69,98.329567,258.254094,0.989163,4.901179
1,1,1,78.000000,70,376.216636,411.632870,-2.938812,-4.045168
1,1,1,78.000000,71,291.772807,41.211069,4.815716,1.344947
1,1,1,78.000000,72,355.334432,307.180016,4.653408,1.829152
1,1,1,78.000000,73,378.783144,215.113542,-3.422826,-3.644758
1,1,1,78.000000,74,309.298700,178.017286,4.927907,-0.846013
1,1,1,78.000000,75,408.314875,31.770138,-1.784004,-4.670903
1,1,1,78.000000,76,488.693072,425.434441,3.855772,-3.183241
1,1,1,78.000000,77,83.737658,346.424926,4.620902,-1.909782
1,1,1,78.000000,78,4.063825,7.491914,-1.893695,-4.627518
1,1,1,78.000000,79,280.418754,416.713197,-2.020294,4.573665
1,1,1,78.000000,80,459.554683,243.407724,3.844556,3.196777
1,1,1,78.000000,81,448.929104,211.428452,-3.763310,3.292036
1,1,1,78.000000,82,317.954513,474.643569,-4.904490,-0.972612
1,1,1,78.000000,83,189.700344,386.208190,0.213643,-4.995434
1,1,1,78.000000,84,387.926894,319.007501,-3.572727,-3.497945
1,1,1,78.000000,85,124.450959,20.974449,-3.097337,-3.925112
1,1,1,78.000000,86,60.517684,385.463535,-2.355618,-4.410336
1,1,1,78.000000,87,459.641188,153.356387,1.434393,-4.789835
1,1,1,78.000000,88,135.729531,303.039864,4.829511,1.294535
1,1,1,78.000000,89,301.254549,427.496811,1.899988,-4.624937
1,1,1,78.000000,90,190.314616,53.273315,1.341331,-4.816724
1,1,1,78.000000,91,205.486615,195.717081,4.862244,-1.165584
1,1,1,78.000000,92,199.059056,320.863446,-1.100669,4.877348
1,1,1,78.000000,93,207.748735,210.369947,-3.659677,3.406870
1,1,1,78.000000,94,59.554435,63.198229,-4.741990,1.585412
1,1,1,78.000000,95,179.719980,104.685675,-3.615445,-3.453775
1,1,1,78.000000,96,118.286653,427.602587,3.084951,-3.934854
1,1,1,78.000000,97,0.649210,305.810799,0.387084,-4.984994
1,1,1,78.000000,98,113.533776,342.194059,4.727139,1.629160
1,1,1,78.000000,99,497.706783,181.533771,-4.146158,-2.794526
1,1,1,78.000000,100,163.954047,9.412461,-4.998690,0.114428
1,1,1,78.000000,101,407.155867,21.687746,2.851509,4.107176
1,1,1,78.000000,102,153.628409,155.627529,-3.436995,3.631400
1,1,1,78.000000,103,406.727770,362.809237,4.282695,2.580412
1,1,1,78.000000,104,210.822323,209.213666,-0.013676,-4.999981
1,1,1,78.000000,105,64.227785,214.293889,-4.738105,-1.596986
1,1,1,78.000000,106,297.811407,449.457876,-4.956848,-0.655485
1,1,1,78.000000,107,299.671021,496.944969,2.081779,4.546009
1,1,1,78.000000,108,208.808471,22.219077,3.258172,-3.792666
1,1,1,78.000000,109,490.214095,89.197448,-4.100123,-2.861641
1,1,1,78.000000,110,180.458426,64.469991,2.471441,4.346491
1,1,1,78.000000,111,140.287426,187.156179,-3.621731,-3.447183
1,1,1,78.000000,112,225.560074,51.971506,2.946481,4.039585
1,1,1,78.000000,113,133.209123,330.454454,4.987645,0.351281
1,1,1,78.000000,114,448.445310,56.283709,4.964478,-0.594944
1,1,1,78.000000,115,19.930500,487.155130,3.810629,3.237144
1,1,1,78.000000,116,41.108270,229.529622,4.853616,-1.201006
1,1,1,78.000000,117,91.571791,139.708659,-1.987458,-4.588029
1,1,1,78.000000,118,4.004432,276.794271,4.000216,2.999711
1,1,1,78.000000,119,368.888730,270.881324,4.791262,1.429618
1,1,1,78.000000,120,449.680860,427.187991,1.035743,-4.891548
1,1,1,78.000000,121,486.156603,397.863687,-4.989495,-0.323940
1,1,1,78.000000,122,243.095745,403.061481,-4.983183,0.409741
1,1,1,78.000000,123,354.141656,373.576322,-3.653130,3.413889
1,1,1,78.000000,124,473.737753,134.960041,4.971904,0.529312
1,1,1,78.000000,125,354.817462,153.486983,0.593164,4.964691
1,1,1,78.000000,126,56.589441,253.168701,4.383998,2.404281
1,1,1,78.000000,127,362.466877,241.607474,4.990832,0.302654
1,1,1,78.000000,128,429.966592,121.753492,0.103859,4.998921
1,1,1,78.000000,129,389.744757,341.481857,-4.946852,0.727090
1,1,1,78.000000,130,315.773039,377.697899,4.254637,2.626417
1,1,1,78.000000,131,53.038096,222.436161,4.564511,-2.040892
1,1,1,78.000000,132,347.519289,475.206496,-4.969347,-0.552800
1,1,1,78.000000,133,48.098400,184.859817,0.613578,4.962209
1,1,1,78.000000,134,431.465582,286.632788,4.042164,2.942942
1,1,1,78.000000,135,431.385919,157.944697,-2.686362,-4.217044
1,1,1,78.000000,136,160.209775,431.824321,4.063652,-2.913200
1,1,1,78.000000,137,401.561281,453.626141,4.911057,-0.938894
1,1,1,78.000000,138,10.709539,201.106741,0.488696,4.976060
1,1,1,78.000000,139,163.191160,25.698454,-2.846966,-4.110327
1,1,1,78.000000,140,290.107974,337.981157,-1.965472,4.597491
1,1,1,78.000000,141,462.884571,359.910930,4.910850,0.939974
1,1,1,78.000000,142,404.780854,455.709992,4.958253,-0.644773
1,1,1,78.000000,143,376.404568,415.986818,4.800347,1.398810
1,1,1,78.000000,144,402.978946,432.712001,-4.574061,-2.019397
1,1,1,78.000000,145,41.634195,125.892472,-1.144810,-4.867177
1,1,1,78.000000,146,117.994721,314.799054,1.924805,4.614664
1,1,1,78.000000,147,136.065469,315.007082,-3.194782,3.846215
1,1,1,78.000000,148,287.352553,203.807158,-3.780418,-3.272375
1,1,1,78.000000,149,467.545359,480.911075,-1.758200,-4.680676
1,1,1,79.000000,0,150.726511,101.344658,4.999982,-0.013398
1,1,1,79.000000,1,41.621784,60.287341,4.014676,-2.980331
1,1,1,79.000000,2,241.011799,367.427089,4.934032,-0.809521
1,1,1,79.000000,3,162.288498,378.271552,4.926075,-0.856613
1,1,1,79.000000,4,476.186807,484.835491,4.759128,1.533200
1,1,1,79.000000,5,334.914933,294.194158,-3.700643,3.362327
1,1,1,79.000000,6,42.477301,223.774136,1.694389,4.704152
1,1,1,79.000000,7,24.373280,461.115883,1.381871,4.805251
1,1,1,79.000000,8,58.982038,317.928637,2.348729,4.414009
1,1,1,79.000000,9,82.361019,403.747366,-3.111520,-3.913878
1,1,1,79.000000,10,326.434670,402.791539,-1.862516,4.640155
1,1,1,79.000000,11,92.473505,71.074257,0.389893,4.984775
1,1,1,79.000000,12,415.339688,387.350879,1.094026,4.878843
1,1,1,79.000000,13,225.663466,487.690166,-4.452546,2.274827
1,1,1,79.000000,14,167.749000,279.370361,-0.104242,4.998913
1,1,1,79.000000,15,289.973941,354.496785,-4.276153,-2.591239
1,1,1,79.000000,16,9.501754,207.286947,2.589471,4.277223
1,1,1,79.000000,17,254.814238,480.524900,-4.218111,-2.684686
1,1,1,79.000000,18,416.572192,386.101584,-1.241926,-4.843307
1,1,1,79.000000,19,437.317016,12.904363,4.947986,0.719326
1,1,1,79.000000,20,230.602637,229.647226,-4.999864,0.036827
1,1,1,79.000000,21,402.390027,71.065703,-4.720659,1.647840
1,1,1,79.000000,22,382.980597,150.653165,-4.008078,2.989200
1,1,1,79.000000,23,396.599341,477.719021,4.304345,2.544133
1,1,1,79.000000,24,422.208573,91.474640,-4.053517,-2.927285
1,1,1,79.000000,25,1.359190,244.793385,4.099104,-2.863102
1,1,1,79.000000,26,380.902037,380.040405,-4.860430,-1.173123
1,1,1,79.000000,27,18.267589,262.696343,3.972885,-3.035817
1,1,1,79.000000,28,406.546230,386.090743,-1.206479,4.852258
1,1,1,79.000000,29,57.367022,238.790219,4.970524,0.542117
1,1,1,79.000000,30,144.913421,448.729129,2.755162,4.172419
1,1,1,79.000000,31,143.247988,48.793809,4.003488,-2.995343
1,1,1,79.000000,32,7.395431,70.325887,-3.284401,-3.769975
1,1,1,79.000000,33,366.054111,382.517466,2.790650,4.148768
1,1,1,79.000000,34,485.881521,193.201648,-2.834332,4.119049
1,1,1,79.000000,35,297.093350,350.153210,-4.396430,2.381471
1,1,1,79.000000,36,293.998294,209.390526,-2.662212,4.232331
1,1,1,79.000000,37,146.686995,268.132980,-2.564405,4.292299
1,1,1,79.000000,38,393.981059,152.450126,1.719854,-4.694902
1,1,1,79.000000,39,300.355056,347.262202,4.999634,0.060463
1,1,1,79.000000,40,296.501728,285.647030,-2.164354,-4.507280
1,1,1,79.000000,41,277.494160,159.913830,2.167726,-4.505659
1,1,1,79.000000,42,273.138411,190.896358,-2.288018,-4.445782
1,1,1,79.000000,43,456.446888,405.626822,-4.976290,-0.486355
1,1,1,79.000000,44,424.460413,166.646298,-0.193225,-4.996265
1,1,1,79.000000,45,384.380633,170.045205,-4.803812,-1.386863
1,1,1,79.000000,46,276.388406,192.261867,-1.728565,4.691702
1,1,1,79.000000,47,108.903892,474.150319,-1.424939,-4.792656
1,1,1,79.000000,48,407.017238,396.447159,-3.325641,-3.733646
1,1,1,79.000000,49,248.487232,375.756031,-4.397750,2.379032
1,1,1,79.000000,50,496.160629,171.348593,-2.241720,-4.469305
1,1,1,79.000000,51,451.556731,89.450025,4.850553,-1.213315
1,1,1,79.000000,52,201.617842,242.465560,-4.530585,2.115137
1,1,1,79.000000,53,430.043851,6.563922,3.126051,-3.902282
1,1,1,79.000000,54,485.526018,365.714125,3.428162,3.639740
1,1,1,79.000000,55,117.476593,350.542197,2.566096,-4.291288
1,1,1,79.000000,56,383.092203,32.302626,-3.035134,3.973407
1,1,1,79.000000,57,218.291536,300.344941,-3.849552,3.190760
1,1,1,79.000000,58,178.886484,115.526193,3.790007,-3.261265
1,1,1,79.000000,59,5.407405,109.346440,4.371360,2.427181
1,1,1,79.000000,60,327.900695,203.980881,-4.817041,1.340194
1,1,1,79.000000,61,271.091980,368.558761,3.258659,3.792247
1,1,1,79.000000,62,346.793329,101.452836,-4.970969,0.538019
1,1,1,79.000000,63,458.740065,46.718045,-3.953457,3.061075
1,1,1,79.000000,64,91.484253,20.064057,3.321539,3.737296
1,1,1,79.000000,65,341.744235,489.514137,4.403135,-2.369051
1,1,1,79.000000,66,333.469919,89.712217,-2.067479,-4.552530
1,1,1,79.000000,67,284.110122,161.708442,-4.714160,-1.666341
1,1,1,79.000000,68,423.459271,311.737761,4.366181,-2.436486
1,1,1,79.000000,69,99.318730,263.155273,3.675529,3.389762
1,1,1,79.000000,70,373.277824,407.587702,-4.087436,2.879733
1,1,1,79.000000,71,296.588523,42.556016,3.337421,-3.723120
1,1,1,79.000000,72,359.987840,309.009168,0.775534,4.939489
1,1,1,79.000000,73,375.360318,211.468784,4.700560,1.704329
1,1,1,79.000000,74,314.226607,177.171273,3.086314,-3.933785
1,1,1,79.000000,75,406.530871,27.099235,-1.453798,4.783981
1,1,1,79.000000,76,486.315664,429.833069,-2.377409,4.398628
1,1,1,79.000000,77,88.358560,344.515144,2.188323,4.495692
1,1,1,79.000000,78,8.094204,10.450975,4.030379,2.959061
1,1,1,79.000000,79,278.398460,421.286862,-1.643962,-4.722011
1,1,1,79.000000,80,463.399239,246.604501,4.586672,1.990588
1,1,1,79.000000,81,445.165794,214.720488,-2.446932,4.360335
1,1,1,79.000000,82,322.063815,477.492013,4.109302,2.848444
1,1,1,79.000000,83,189.913988,381.212756,0.715378,4.948559
1,1,1,79.000000,84,384.354166,315.509556,4.078079,2.892969
1,1,1,79.000000,85,121.353622,17.049337,-4.312537,2.530222
1,1,1,79.000000,86,58.162066,381.053199,-4.501996,-2.175324
1,1,1,79.000000,87,463.196135,149.840373,3.554947,-3.516014
1,1,1,79.000000,88,140.559042,304.334399,-2.713885,-4.199384
1,1,1,79.000000,89,303.154537,422.871874,1.004052,-4.898151
1,1,1,79.000000,90,191.655947,48.456591,1.328164,4.820371
1,1,1,79.000000,91,210.348858,194.551497,1.459471,-4.782253
1,1,1,79.000000,92,197.958387,325.740794,2.232405,4.473965
1,1,1,79.000000,93,204.089058,213.776817,2.566542,-4.291021
1,1,1,79.000000,94,54.812445,64.783641,1.603078,-4.736047
1,1,1,79.000000,95,176.104535,101.231901,-4.430141,2.318156
1,1,1,79.000000,96,121.371604,423.667733,0.603440,-4.963452
1,1,1,79.000000,97,5.367956,307.464109,4.718746,1.653310
1,1,1,79.000000,98,118.260915,343.823218,-1.912933,-4.619598
1,1,1,79.000000,99,493.560625,178.739245,3.311114,-3.746535
1,1,1,79.000000,100,165.528678,14.158041,1.574631,4.745581
1,1,1,79.000000,101,411.971732,23.032159,4.815865,1.344413
1,1,1,79.000000,102,150.191415,159.258929,4.825166,1.310637
1,1,1,79.000000,103,411.010464,365.389649,1.458236,4.782630
1,1,1,79.000000,104,210.808647,204.213684,-4.580802,2.004059
1,1,1,79.000000,105,59.489681,212.696902,2.123220,-4.526802
1,1,1,79.000000,106,292.854560,448.802391,-2.684026,4.218531
1,1,1,79.000000,107,297.270188,498.669145,-2.400833,-4.385887
1,1,1,79.000000,108,212.066643,18.426410,3.728535,3.331370
1,1,1,79.000000,109,491.276721,94.083225,1.062626,4.885778
1,1,1,79.000000,110,182.929867,68.816482,4.038530,2.947927
1,1,1,79.000000,111,136.665695,183.708996,2.532357,-4.311284
1,1,1,79.000000,112,222.805449,47.798731,-2.754624,-4.172774
1,1,1,79.000000,113,138.196768,330.805735,-4.884255,1.069606
1,1,1,79.000000,114,453.409788,55.688765,1.901261,4.624414
1,1,1,79.000000,115,23.567339,490.586369,3.636838,3.431240
1,1,1,79.000000,116,45.961886,228.328616,4.905924,-0.965354
1,1,1,79.000000,117,89.584333,135.120630,-3.740154,-3.318320
1,1,1,79.000000,118,6.362249,281.203432,2.357817,4.409161
1,1,1,79.000000,119,373.679992,272.310942,2.013034,4.576865
1,1,1,79.000000,120,450.716602,422.296443,-4.894265,1.022823
1,1,1,79.000000,121,488.428999,393.409901,2.272396,-4.453787
1,1,1,79.000000,122,238.112562,403.471222,2.968685,-4.023296
1,1,1,79.000000,123,350.488525,376.990211,4.650732,1.835945
1,1,1,79.000000,124,478.709657,135.489354,3.376861,3.687385
1,1,1,79.000000,125,355.410627,158.451674,-2.660667,4.233303
1,1,1,79.000000,126,60.973438,255.572982,3.251232,3.798617
1,1,1,79.000000,127,367.457708,241.910128,-4.995798,-0.204956
1,1,1,79.000000,128,430.070451,126.752414,-0.546509,-4.970043
1,1,1,79.000000,129,384.797906,342.208947,4.587538,1.988590
1,1,1,79.000000,130,320.027676,380.324317,-3.605601,-3.464050
1,1,1,79.000000,131,57.602607,220.395269,-4.255977,2.624245
1,1,1,79.000000,132,342.549942,474.653696,-2.251488,-4.464393
1,1,1,79.000000,133,48.711978,189.822026,1.187720,4.856884
1,1,1,79.000000,134,435.507746,289.575730,4.941055,0.765493
1,1,1,79.000000,135,428.699557,153.727653,-4.954588,0.672355
1,1,1,79.000000,136,164.273426,428.911121,-4.989663,-0.321345
1,1,1,79.000000,137,406.472338,452.687248,-1.340806,4.816870
1,1,1,79.000000,138,15.577544,202.248027,4.868004,1.141286
1,1,1,79.000000,139,160.344195,21.588127,-2.734158,4.186213
1,1,1,79.000000,140,288.142502,342.578648,-3.461108,3.608425
1,1,1,79.000000,141,467.795421,360.850903,1.160661,4.863421
1,1,1,79.000000,142,409.739107,455.065220,3.654858,3.412039
1,1,1,79.000000,143,381.204915,417.385628,0.897326,-4.918822
1,1,1,79.000000,144,398.404885,430.692604,3.490931,3.579581
1,1,1,79.000000,145,40.489386,121.025295,3.126817,3.901669
1,1,1,79.000000,146,119.919526,319.413718,2.328203,-4.424869
1,1,1,79.000000,147,132.870687,318.853297,-2.534247,-4.310173
1,1,1,79.000000,148,283.572135,200.534782,-2.418877,-4.375961
1,1,1,79.000000,149,462.545397,480.930554,-4.999962,0.019479
1,1,1,80.000000,0,155.726493,101.331260,-4.582042,-2.001223
1,1,1,80.000000,1,45.636461,57.307010,1.804143,4.663161
1,1,1,80.000000,2,245.945832,366.617568,-4.669102,1.788711
1,1,1,80.000000,3,167.214573,377.414939,1.651823,-4.719267
1,1,1,80.000000,4,480.945935,486.368691,1.965454,-4.597498
1,1,1,80.000000,5,331.214290,297.556485,-0.406700,-4.983432
1,1,1,80.000000,6,44.171691,228.478288,2.372100,4.401493
1,1,1,80.000000,7,25.094916,456.168233,0.721636,-4.947650
1,1,1,80.000000,8,61.330767,322.342646,-4.597677,1.965035
1,1,1,80.000000,9,79.249499,399.833488,-3.887348,3.144602
1,1,1,80.000000,10,324.572154,407.431694,-2.918350,4.059955
1,1,1,80.000000,11,92.863398,76.059032,0.437422,4.980829
1,1,1,80.000000,12,416.433714,392.229722,0.224044,-4.994978
1,1,1,80.000000,13,221.210920,489.964992,-3.575690,-3.494916
1,1,1,80.000000,14,167.644759,284.369274,-4.732966,1.612151
1,1,1,80.000000,15,285.697788,351.905546,-4.164073,-2.767760
1,1,1,80.000000,16,13.635802,210.099356,4.134048,2.812409
1,1,1,80.000000,17,253.035344,475.852049,-1.778895,-4.672851
1,1,1,80.000000,18,415.330266,381.258278,4.862613,-1.164044
1,1,1,80.000000,19,441.647470,15.403797,4.330453,2.499435
1,1,1,80.000000,20,225.602772,229.684054,3.007920,3.994048
1,1,1,80.000000,21,397.669368,72.713543,-1.624615,-4.728702
1,1,1,80.000000,22,378.972520,153.642365,-0.191390,4.996336
1,1,1,80.000000,23,400.903686,480.263154,1.843611,4.647698
1,1,1,80.000000,24,418.155056,88.547355,3.865196,-3.171792
1,1,1,80.000000,25,1.671925,248.769859,3.031115,3.976474
1,1,1,80.000000,26,376.041607,378.867282,2.604301,4.268210
1,1,1,80.000000,27,22.820369,260.629415,4.552780,-2.066928
1,1,1,80.000000,28,405.339750,390.943001,0.031787,4.999899
1,1,1,80.000000,29,62.337546,239.332335,2.675580,4.223893
1,1,1,80.000000,30,147.668583,452.901548,0.721570,-4.947660
1,1,1,80.000000,31,147.251476,45.798466,-4.154248,-2.782485
1,1,1,80.000000,32,2.726351,72.114655,-4.669080,1.788768
1,1,1,80.000000,33,368.844761,386.666234,-1.326526,4.820822
1,1,1,80.000000,34,481.903886,196.231238,-3.977636,3.029590
1,1,1,80.000000,35,292.696920,352.534681,-0.408616,4.983275
1,1,1,80.000000,36,291.336082,213.622857,4.476688,2.226941
1,1,1,80.000000,37,144.122591,272.425279,-3.007298,-3.994516
1,1,1,80.000000,38,395.700913,147.755224,-4.755492,1.544439
1,1,1,80.000000,39,305.354691,347.322665,2.898997,-4.073797
1,1,1,80.000000,40,294.337374,281.139751,2.930975,-4.050850
1,1,1,80.000000,41,279.661887,155.408171,-4.276046,2.591415
1,1,1,80.000000,42,270.850393,186.450577,4.965761,-0.584143
1,1,1,80.000000,43,459.112936,401.396906,2.666048,-4.229916
1,1,1,80.000000,44,424.267188,161.650033,1.332449,-4.819189
1,1,1,80.000000,45,379.576821,168.658342,1.862622,4.640112
1,1,1,80.000000,46,274.659841,196.953568,-3.777351,-3.275915
1,1,1,80.000000,47,107.478953,469.357663,-0.257742,4.993352
1,1,1,80.000000,48,403.691597,392.713512,-4.667931,1.791766
1,1,1,80.000000,49,244.089482,378.135063,0.317440,-4.989913
1,1,1,80.000000,50,498.975565,170.189545,-4.863806,-1.159048
1,1,1,80.000000,51,456.407284,88.236710,0.261314,-4.993167
1,1,1,80.000000,52,197.087258,244.580697,-4.180619,2.742705
1,1,1,80.000000,53,433.169902,2.661640,-1.605038,-4.735383
1,1,1,80.000000,54,488.954180,369.353865,-2.481981,-4.340481
1,1,1,80.000000,55,120.042689,346.250909,-1.109208,-4.875414
1,1,1,80.000000,56,380.057069,36.276034,4.689003,1.735872
1,1,1,80.000000,57,214.441984,303.535701,-4.391210,2.391083
1,1,1,80.000000,58,182.676491,112.264928,4.743000,1.582388
1,1,1,80.000000,59,8.127158,105.150854,2.719753,-4.195586
1,1,1,80.000000,60,323.083654,205.321075,-0.633917,4.959652
1,1,1,80.000000,61,274.350639,372.351009,-4.690403,-1.732086
1,1,1,80.000000,62,341.822360,101.990855,-2.222683,4.478803
1,1,1,80.000000,63,463.041679,49.266793,4.301614,2.548748
1,1,1,80.000000,64,93.303660,15.406831,1.819407,-4.657226
1,1,1,80.000000,65,339.818116,484.900021,-1.926119,-4.614116
1,1,1,80.000000,66,331.402439,85.159687,-3.827187,3.217552
1,1,1,80.000000,67,279.395962,160.042101,0.082984,4.999311
1,1,1,80.000000,68,427.825453,309.301276,-3.638558,3.429416
1,1,1,80.000000,69,102.994258,266.545036,-3.019469,-3.985324
1,1,1,80.000000,70,369.190388,410.467435,-0.937909,-4.911245
1,1,1,80.000000,71,299.925943,38.832896,4.461283,-2.257643
1,1,1,80.000000,72,360.763374,313.948656,4.955617,0.664728
1,1,1,80.000000,73,380.060878,213.173113,2.927007,-4.053718
1,1,1,80.000000,74,317.312921,173.237488,0.037872,-4.999857
1,1,1,80.000000,75,405.077073,31.883216,4.212504,2.693475
1,1,1,80.000000,76,489.287853,433.853776,2.972190,4.020708
1,1,1,80.000000,77,90.546882,349.010836,0.147333,-4.997829
1,1,1,80.000000,78,4.250009,7.253763,-3.844195,-3.197213
1,1,1,80.000000,79,276.754498,416.564851,4.957123,0.653397
1,1,1,80.000000,80,467.985911,248.595089,2.915399,4.062074
1,1,1,80.000000,81,442.718863,219.080823,3.554972,3.515989
1,1,1,80.000000,82,322.439207,472.506125,0.375392,-4.985888
1,1,1,80.000000,83,190.629365,386.161315,4.955769,0.663591
1,1,1,80.000000,84,388.432245,318.402525,-1.808102,4.661627
1,1,1,80.000000,85,117.041085,19.579559,4.960261,0.629135
1,1,1,80.000000,86,53.660070,378.877875,-4.999465,-0.073164
1,1,1,80.000000,87,460.777077,145.464512,-2.419058,-4.375861
1,1,1,80.000000,88,137.845157,300.135015,2.702095,-4.206980
1,1,1,80.000000,89,304.158589,417.973723,4.166644,-2.763888
1,1,1,80.000000,90,192.984111,53.276962,4.996780,-0.179421
1,1,1,80.000000,91,211.808329,189.769244,4.535335,-2.104932
1,1,1,80.000000,92,200.190792,330.214760,4.362470,-2.443123
1,1,1,80.000000,93,206.655600,209.485796,-2.883893,4.084503
1,1,1,80.000000,94,56.415523,60.047594,-0.455028,4.979252
1,1,1,80.000000,95,171.674394,103.550057,4.904317,-0.973487
1,1,1,80.000000,96,121.975044,418.704281,-3.904502,-3.123278
1,1,1,80.000000,97,0.381138,307.101272,-4.986818,-0.362837
1,1,1,80.000000,98,116.347982,339.203620,1.407599,4.797777
1,1,1,80.000000,99,496.871739,174.992710,-4.864531,1.156001
1,1,1,80.000000,100,169.969716,16.455253,4.441038,2.297211
1,1,1,80.000000,101,410.925919,18.142755,-1.045813,-4.889404
1,1,1,80.000000,102,155.016581,160.569566,-0.569838,-4.967422
1,1,1,80.000000,103,412.468701,370.172279,-4.991997,0.282785
1,1,1,80.000000,104,206.227845,206.217743,4.996783,0.179323
1,1,1,80.000000,105,61.612901,208.170100,-4.766955,-1.508689
1,1,1,80.000000,106,290.170533,453.020922,3.787690,3.263955
1,1,1,80.000000,107,296.009167,493.830775,-1.261021,-4.838370
1,1,1,80.000000,108,215.795178,21.757780,4.908615,-0.951576
1,1,1,80.000000,109,486.698810,96.093880,-4.577911,2.010655
1,1,1,80.000000,110,186.968397,71.764409,-4.135420,2.810391
1,1,1,80.000000,111,139.198052,179.397712,-4.939779,0.773682
1,1,1,80.000000,112,218.373086,45.484826,-4.432363,-2.313905
1,1,1,80.000000,113,133.312514,331.875342,-4.025597,-2.965563
1,1,1,80.000000,114,455.311049,60.313179,4.731080,1.617677
1,1,1,80.000000,115,20.019309,487.063376,-3.548030,-3.522994
1,1,1,80.000000,116,50.867810,227.363262,3.346079,3.715341
1,1,1,80.000000,117,85.844178,131.802310,4.624354,1.901407
1,1,1,80.000000,118,10.938595,279.189220,4.576347,-2.014212
1,1,1,80.000000,119,375.693026,276.887807,3.053325,3.959445
1,1,1,80.000000,120,445.822337,423.319266,4.720680,-1.647780
1,1,1,80.000000,121,488.142237,398.401671,-0.286761,4.991770
1,1,1,80.000000,122,241.081247,399.447926,0.289544,-4.991609
1,1,1,80.000000,123,355.139257,378.826156,-2.537469,-4.308277
1,1,1,80.000000,124,482.086518,139.176739,4.848068,-1.223206
1,1,1,80.000000,125,352.749960,162.684977,2.166657,-4.506173
1,1,1,80.000000,126,64.224670,259.371599,-0.832536,-4.930201
1,1,1,80.000000,127,362.461911,241.705172,3.563501,3.507343
1,1,1,80.000000,128,429.523942,121.782371,-4.757389,1.538586
1,1,1,80.000000,129,389.385444,344.197537,0.385301,-4.985132
1,1,1,80.000000,130,316.422074,376.860267,-3.810620,-3.237156
1,1,1,80.000000,131,53.346630,223.019514,-2.686013,4.217266
1,1,1,80.000000,132,340.298454,470.189303,-2.065350,-4.553497
1,1,1,80.000000,133,49.899698,194.678910,-1.639484,4.723568
1,1,1,80.000000,134,440.448801,290.341222,2.792327,4.147639
1,1,1,80.000000,135,423.744970,154.400009,2.455802,4.355346
1,1,1,80.000000,136,159.283763,428.589776,1.403979,-4.798838
1,1,1,80.000000,137,405.131532,457.504118,-4.356983,2.452897
1,1,1,80.000000,138,18.354944,198.090378,2.777401,-4.157649
1,1,1,80.000000,139,157.610037,25.774340,-0.089101,4.999206
1,1,1,80.000000,140,284.681394,346.187073,-4.497981,2.183614
1,1,1,80.000000,141,468.956083,365.714324,-4.915083,-0.917581
1,1,1,80.000000,142,413.393965,458.477259,4.995044,-0.222568
1,1,1,80.000000,143,382.102241,412.466806,-1.902111,-4.624064
1,1,1,80.000000,144,401.895816,434.272185,-0.442779,-4.980356
1,1,1,80.000000,145,43.616202,124.926964,4.895576,1.016531
1,1,1,80.000000,146,122.247729,314.988849,2.050274,-4.560304
1,1,1,80.000000,147,130.336441,314.543123,4.044998,-2.939047
1,1,1,80.000000,148,281.153258,196.158821,-4.617942,-1.916927
1,1,1,80.000000,149,459.734131,476.795728,-2.811266,-4.134826
1,1,1,81.000000,0,151.144451,99.330037,1.148758,-4.866247
1,1,1,81.000000,1,47.440604,61.970171,4.878940,1.093594
1,1,1,81.000000,2,241.276730,368.406278,-1.626642,4.728006
1,1,1,81.000000,3,168.866395,372.695672,-2.444994,-4.361422
1,1,1,81.000000,4,482.911389,481.771193,-2.864896,4.097849
1,1,1,81.000000,5,330.807589,292.573053,2.235037,4.472651
1,1,1,81.000000,6,46.543791,232.879781,4.441336,2.296636
1,1,1,81.000000,7,29.108362,453.186246,4.013446,-2.981988
1,1,1,81.000000,8,56.733090,324.307681,4.411438,2.353553
1,1,1,81.000000,9,75.362150,402.978091,-4.467529,-2.245257
1,1,1,81.000000,10,321.653804,411.491649,-4.855758,-1.192313
1,1,1,81.000000,11,93.300820,81.039861,3.327709,-3.731803
1,1,1,81.000000,12,416.657758,387.234744,1.071787,4.883776
1,1,1,81.000000,13,217.635230,486.470076,-1.581423,4.743322
1,1,1,81.000000,14,162.911792,285.981425,-4.441102,-2.297088
1,1,1,81.000000,15,281.533715,349.137786,4.926521,-0.854046
1,1,1,81.000000,16,13.658229,215.099306,0.022427,4.999950
1,1,1,81.000000,17,250.236584,471.708748,-2.798760,-4.143301
1,1,1,81.000000,18,420.192879,380.094233,3.237977,3.809922
1,1,1,81.000000,19,436.664744,15.819061,-4.982726,0.415264
1,1,1,81.000000,20,228.610692,233.678102,4.751177,1.557665
1,1,1,81.000000,21,396.044753,67.984841,-1.082441,-4.881426
1,1,1,81.000000,22,378.781130,158.638700,-0.453294,-4.979410
1,1,1,81.000000,23,402.747297,484.910852,4.786475,-1.445563
1,1,1,81.000000,24,422.020252,85.375563,-1.155441,-4.864664
1,1,1,81.000000,25,0.836061,253.095366,2.507986,4.325506
1,1,1,81.000000,26,378.645908,383.135492,-1.261449,-4.838259
1,1,1,81.000000,27,26.622785,263.876203,3.802416,3.246788
1,1,1,81.000000,28,405.371537,395.942900,-2.617032,-4.260416
1,1,1,81.000000,29,65.013126,243.556228,-4.985408,0.381712
1,1,1,81.000000,30,148.390153,447.953888,4.973011,0.518805
1,1,1,81.000000,31,143.097228,43.015980,-4.236715,-2.655229
1,1,1,81.000000,32,2.268694,67.135644,-0.457657,-4.979011
1,1,1,81.000000,33,367.518234,391.487057,-4.960804,0.624843
1,1,1,81.000000,34,485.388919,192.645915,3.485033,-3.585323
1,1,1,81.000000,35,292.288304,357.517956,4.921289,0.883695
1,1,1,81.000000,36,295.812770,215.849798,4.859940,-1.175152
1,1,1,81.000000,37,141.115292,268.430763,-4.081162,-2.888619
1,1,1,81.000000,38,390.945420,149.299663,0.166377,-4.997231
1,1,1,81.000000,39,308.253688,343.248868,3.395438,3.670286
1,1,1,81.000000,40,297.268349,277.088901,-3.031818,-3.975937
1,1,1,81.000000,41,275.385841,157.999586,3.558431,3.512488
1,1,1,81.000000,42,275.816153,185.866434,-4.875190,1.110189
1,1,1,81.000000,43,462.448710,397.672311,3.335774,-3.724595
1,1,1,81.000000,44,425.599637,156.830844,4.199560,2.713614
1,1,1,81.000000,45,381.439443,173.298454,4.405025,-2.365535
1,1,1,81.000000,46,270.882490,193.677653,-2.854953,4.104783
1,1,1,81.000000,47,107.221211,474.351015,4.495650,-2.188409
1,1,1,81.000000,48,399.023667,394.505278,-3.470280,3.599605
1,1,1,81.000000,49,244.406923,373.145150,2.523435,4.316512
1,1,1,81.000000,50,499.457383,175.166276,0.481818,4.976731
1,1,1,81.000000,51,456.668598,83.243543,4.989206,-0.328371
1,1,1,81.000000,52,192.906639,247.323401,-4.476876,-2.226562
1,1,1,81.000000,53,431.564864,2.073743,-1.605038,4.735383
1,1,1,81.000000,54,486.472199,365.013384,-4.933734,0.811338
1,1,1,81.000000,55,118.933482,341.375496,4.981109,0.434228
1,1,1,81.000000,56,384.746072,38.011905,-4.982068,0.423085
1,1,1,81.000000,57,210.050775,305.926784,-4.540205,2.094407
1,1,1,81.000000,58,187.419491,113.847316,-4.778708,-1.471037
1,1,1,81.000000,59,3.919183,107.851399,-4.207975,2.700545
1,1,1,81.000000,60,322.449737,210.280727,4.264928,-2.609672
1,1,1,81.000000,61,269.660237,370.618923,-3.269739,-3.782699
1,1,1,81.000000,62,339.599677,106.469658,-4.996239,-0.193886
1,1,1,81.000000,63,466.388446,52.981514,3.346767,3.714721
1,1,1,81.000000,64,92.893680,10.423668,-0.409981,-4.983163
1,1,1,81.000000,65,344.121212,487.446266,4.303096,2.546245
1,1,1,81.000000,66,327.575253,88.377239,2.925205,4.055019
1,1,1,81.000000,67,279.478946,165.041412,-2.223323,4.478486
1,1,1,81.000000,68,424.186895,312.730692,4.007242,2.990319
1,1,1,81.000000,69,99.974789,262.559712,2.492487,-4.334456
1,1,1,81.000000,70,368.252478,405.556190,4.939649,0.774510
1,1,1,81.000000,71,304.387227,36.575253,-2.207163,4.486472
1,1,1,81.000000,72,365.718991,314.613385,-3.521012,3.549996
1,1,1,81.000000,73,382.987885,209.119395,1.038091,-4.891050
1,1,1,81.000000,74,317.350794,168.237632,3.118054,3.908675
1,1,1,81.000000,75,409.289577,34.576691,0.545962,4.970103
1,1,1,81.000000,76,492.578743,430.089465,3.290890,-3.764312
1,1,1,81.000000,77,90.694216,344.013007,4.974570,-0.503638
1,1,1,81.000000,78,0.664014,6.330523,4.914024,-0.923240
1,1,1,81.000000,79,281.711621,417.218249,-4.977815,-0.470491
1,1,1,81.000000,80,470.901311,252.657163,2.806033,4.138379
1,1,1,81.000000,81,446.273834,222.596812,0.984783,-4.902061
1,1,1,81.000000,82,319.739943,476.714922,-2.699264,4.208797
1,1,1,81.000000,83,195.585134,386.824906,4.568339,-2.032308
1,1,1,81.000000,84,386.624143,323.064152,-3.078494,-3.939908
1,1,1,81.000000,85,122.001346,20.208694,-1.105265,-4.876309
1,1,1,81.000000,86,48.660605,378.804711,1.158582,-4.863917
1,1,1,81.000000,87,457.103738,148.856647,-3.673339,3.392135
1,1,1,81.000000,88,140.547252,295.928035,4.972405,0.524584
1,1,1,81.000000,89,308.325233,415.209836,-4.868244,-1.140265
1,1,1,81.000000,90,197.980891,53.097541,4.365261,2.438133
1,1,1,81.000000,91,216.343664,187.664312,2.883885,4.084509
1,1,1,81.000000,92,204.553262,327.771636,0.063398,4.999598
1,1,1,81.000000,93,203.771707,213.570299,4.040474,-2.945262
1,1,1,81.000000,94,55.960495,65.026846,4.799266,1.402513
1,1,1,81.000000,95,176.578711,102.576570,4.660344,1.811407
1,1,1,81.000000,96,118.070542,415.581003,-3.460487,3.609020
1,1,1,81.000000,97,3.952386,304.607165,4.333524,-2.494107
1,1,1,81.000000,98,117.755581,344.001397,-0.550447,4.969608
1,1,1,81.000000,99,492.007208,176.148710,4.492713,2.194431
1,1,1,81.000000,100,165.194501,17.937589,-4.775215,1.482337
1,1,1,81.000000,101,409.832214,13.263840,-1.093705,-4.878915
1,1,1,81.000000,102,154.446743,155.602144,-4.771164,-1.495324
1,1,1,81.000000,103,407.476704,370.455064,-3.604425,-3.465274
1,1,1,81.000000,104,211.224628,206.397067,-0.607963,4.962901
1,1,1,81.000000,105,56.845946,206.661412,4.980761,-0.438200
1,1,1,81.000000,106,293.958224,456.284877,-4.583284,-1.998375
1,1,1,81.000000,107,292.105739,496.955395,-3.903428,3.124620
1,1,1,81.000000,108,220.703793,20.806205,-4.546577,2.080538
1,1,1,81.000000,109,481.913986,97.544901,-4.784824,1.451021
1,1,1,81.000000,110,182.832977,74.574801,4.226905,2.670818
1,1,1,81.000000,111,134.258273,180.171394,1.568788,-4.747515
1,1,1,81.000000,112,214.948778,49.128192,-3.424308,3.643366
1,1,1,81.000000,113,129.286916,328.909778,-4.980100,-0.445653
1,1,1,81.000000,114,460.042129,61.930857,-4.447134,-2.285388
1,1,1,81.000000,115,18.497927,491.826295,-1.521382,4.762919
1,1,1,81.000000,116,54.213889,231.078603,0.781110,-4.938610
1,1,1,81.000000,117,90.468533,133.703717,1.501139,4.769338
1,1,1,81.000000,118,13.438548,283.519374,2.499953,4.330154
1,1,1,81.000000,119,378.746351,280.847253,-4.797142,1.409761
1,1,1,81.000000,120,450.543017,421.671486,3.048216,-3.963379
1,1,1,81.000000,121,489.856121,393.704586,1.713884,-4.697085
1,1,1,81.000000,122,241.370790,394.456317,4.927344,-0.849283
1,1,1,81.000000,123,352.601788,374.517879,-4.008496,-2.988638
1,1,1,81.000000,124,486.934586,137.953533,4.958907,0.639722
1,1,1,81.000000,125,354.916616,158.178804,3.435998,-3.632343
1,1,1,81.000000,126,63.392135,254.441397,2.009552,-4.578395
1,1,1,81.000000,127,366.025412,245.212516,-4.999961,-0.019753
1,1,1,81.000000,128,424.766553,123.320957,4.107669,2.850799
1,1,1,81.000000,129,389.770745,339.212405,-2.521524,-4.317629
1,1,1,81.000000,130,312.611455,373.623111,-4.735886,1.603553
1,1,1,81.000000,131,50.660617,227.236780,4.333679,-2.493838
1,1,1,81.000000,132,338.233104,465.635806,-0.319755,-4.989765
1,1,1,81.000000,133,48.260214,199.402478,-3.092487,3.928935
1,1,1,81.000000,134,443.241127,294.488862,-2.575337,-4.285748
1,1,1,81.000000,135,426.200772,158.755354,4.856858,1.187825
1,1,1,81.000000,136,160.687742,423.790938,-3.974302,3.033961
1,1,1,81.000000,137,400.774550,459.957015,-4.193957,2.722265
1,1,1,81.000000,138,18.551792,193.094254,0.196848,-4.996124
1,1,1,81.000000,139,157.520936,30.773546,4.991188,0.296723
1,1,1,81.000000,140,280.183413,348.370687,3.875797,3.158829
1,1,1,81.000000,141,464.040999,364.796743,-4.919971,0.891003
1,1,1,81.000000,142,418.389009,458.254691,3.814031,-3.233136
1,1,1,81.000000,143,380.200130,407.842742,-4.485077,-2.209996
1,1,1,81.000000,144,401.453037,429.291829,2.057973,4.556835
1,1,1,81.000000,145,48.511778,125.943494,-1.125691,-4.871634
1,1,1,81.000000,146,124.298003,310.428544,0.209613,4.995604
1,1,1,81.000000,147,134.381438,311.604077,-1.250686,-4.841052
1,1,1,81.000000,148,276.535316,194.241894,4.897696,-1.006268
1,1,1,81.000000,149,464.265007,474.681217,4.530876,-2.114512
1,1,1,82.000000,0,152.293209,94.463790,-4.320977,2.515782
1,1,1,82.000000,1,52.319543,63.063765,-2.434943,-4.367042
1,1,1,82.000000,2,239.650088,373.134284,-1.153082,-4.865224
1,1,1,82.000000,3,166.421401,368.334250,4.938420,0.782307
1,1,1,82.000000,4,480.046492,485.869042,0.170665,4.997086
1,1,1,82.000000,5,333.042627,297.045704,3.128468,-3.900345
1,1,1,82.000000,6,50.985127,235.176418,-3.495686,-3.574937
1,1,1,82.000000,7,25.950678,457.062975,-3.157684,3.876730
1,1,1,82.000000,8,61.144528,326.661234,-4.216220,2.687655
1,1,1,82.000000,9,70.894621,400.732833,-3.321859,3.737011
1,1,1,82.000000,10,316.798046,410.299336,0.513385,-4.973574
1,1,1,82.000000,11,96.628529,77.308058,1.868585,-4.637714
1,1,1,82.000000,12,417.729545,392.118520,4.831257,1.288005
1,1,1,82.000000,13,216.053807,491.213398,3.379121,3.685314
1,1,1,82.000000,14,158.470690,283.684337,-4.964218,0.597107
1,1,1,82.000000,15,286.460235,348.283741,-2.509897,4.324398
1,1,1,82.000000,16,9.304056,217.557186,-4.354173,2.457880
1,1,1,82.000000,17,247.285898,475.745263,-2.950686,4.036515
1,1,1,82.000000,18,423.430856,383.904155,4.343124,2.477353
1,1,1,82.000000,19,435.675078,10.917983,-0.989666,-4.901078
1,1,1,82.000000,20,233.361869,235.235767,-0.307048,4.990563
1,1,1,82.000000,21,394.962312,63.103415,2.327771,-4.425097
1,1,1,82.000000,22,378.327836,153.659290,4.997783,0.148882
1,1,1,82.000000,23,407.533773,483.465289,1.476247,4.777101
1,1,1,82.000000,24,420.864810,80.510899,-4.762780,1.521816
1,1,1,82.000000,25,2.499696,256.819976,3.335758,3.724610
1,1,1,82.000000,26,377.384459,378.297234,-1.509927,-4.766563
1,1,1,82.000000,27,25.675356,258.966786,-0.947428,-4.909417
1,1,1,82.000000,28,402.754505,391.682484,1.978196,-4.592030
1,1,1,82.000000,29,60.027717,243.937941,4.732905,-1.612332
1,1,1,82.000000,30,153.363165,448.472693,-4.996339,-0.191299
1,1,1,82.000000,31,138.860513,40.360751,-0.663597,-4.955768
1,1,1,82.000000,32,6.885664,69.054913,4.616969,1.919269
1,1,1,82.000000,33,362.557431,392.111899,4.444909,-2.289713
1,1,1,82.000000,34,488.724376,196.370794,3.335457,3.724880
1,1,1,82.000000,35,297.209593,358.401651,4.554819,2.062431
1,1,1,82.000000,36,300.672710,214.674647,2.796456,4.144856
1,1,1,82.000000,37,137.034130,265.542145,4.908402,-0.952676
1,1,1,82.000000,38,391.111797,144.302432,-2.636359,4.248483
1,1,1,82.000000,39,311.649125,346.919154,0.513362,-4.973576
1,1,1,82.000000,40,294.236531,273.112964,-3.861822,-3.175899
1,1,1,82.000000,41,278.944271,161.512074,4.176859,2.748427
1,1,1,82.000000,42,270.940963,186.976623,2.271010,4.454494
1,1,1,82.000000,43,467.374908,398.528218,4.926198,0.855907
1,1,1,82.000000,44,429.799197,159.544457,3.808511,-3.239636
1,1,1,82.000000,45,385.844468,170.932919,-3.705742,-3.356706
1,1,1,82.000000,46,268.027537,197.782436,4.891188,1.037439
1,1,1,82.000000,47,111.716861,472.162606,-3.098743,3.924002
1,1,1,82.000000,48,395.553387,398.104883,-3.136610,3.893800
1,1,1,82.000000,49,246.930358,377.461662,4.782121,-1.459905
1,1,1,82.000000,50,498.001050,170.860415,-2.541567,-4.305861
1,1,1,82.000000,51,461.657804,82.915172,-4.242258,-2.646365
1,1,1,82.000000,52,188.429763,245.096839,3.696018,-3.367410
1,1,1,82.000000,53,431.520618,2.926061,-0.044246,4.999804
1,1,1,82.000000,54,481.538465,365.824723,-0.155308,4.997587
1,1,1,82.000000,55,123.914591,341.809723,-3.626092,3.442594
1,1,1,82.000000,56,379.764004,38.434990,-1.013642,4.896175
1,1,1,82.000000,57,205.510570,308.021191,-4.732644,-1.613097
1,1,1,82.000000,58,182.640783,112.376279,-4.817241,1.339473
1,1,1,82.000000,59,2.157068,103.172195,-1.762115,-4.679204
1,1,1,82.000000,60,326.714665,207.671055,-4.418684,2.339921
1,1,1,82.000000,61,266.390498,366.836224,-2.348686,4.414031
1,1,1,82.000000,62,334.603438,106.275773,-2.940306,4.044082
1,1,1,82.000000,63,462.561455,56.199300,-3.826990,3.217786
1,1,1,82.000000,64,96.004903,14.337782,3.111224,3.914114
1,1,1,82.000000,65,339.215801,486.478308,-4.905411,-0.967958
1,1,1,82.000000,66,330.500458,92.432257,3.906777,-3.120432
1,1,1,82.000000,67,277.255623,169.519898,-4.046086,-2.937548
1,1,1,82.000000,68,428.194137,315.721011,-0.684187,-4.952968
1,1,1,82.000000,69,102.467276,258.225256,-4.998175,-0.135065
1,1,1,82.000000,70,373.192127,406.330701,-1.866182,-4.638681
1,1,1,82.000000,71,302.180064,41.061725,-1.285142,4.832019
1,1,1,82.000000,72,362.197979,318.163381,-1.490238,4.772755
1,1,1,82.000000,73,384.025975,204.228345,2.145817,4.516134
1,1,1,82.000000,74,320.468848,172.146306,2.784116,4.153155
1,1,1,82.000000,75,409.835540,39.546794,4.283593,-2.578920
1,1,1,82.000000,76,494.791124,425.605564,2.212381,-4.483901
1,1,1,82.000000,77,95.668786,343.509369,3.935730,3.083833
1,1,1,82.000000,78,1.828064,11.193134,1.164050,4.862611
1,1,1,82.000000,79,276.733806,416.747757,4.547656,2.078178
1,1,1,82.000000,80,473.707343,256.795542,-0.766518,-4.940896
1,1,1,82.000000,81,447.258617,217.694751,3.718800,-3.342234
1,1,1,82.000000,82,321.831596,481.256396,2.091653,4.541474
1,1,1,82.000000,83,200.153473,384.792598,-1.658485,-4.716930
1,1,1,82.000000,84,383.545650,319.124244,-4.994716,-0.229807
1,1,1,82.000000,85,120.896082,15.332385,4.321631,-2.514658
1,1,1,82.000000,86,49.819187,373.940794,4.994782,0.228375
1,1,1,82.000000,87,459.990394,144.774097,2.886657,-4.082550
1,1,1,82.000000,88,145.519657,296.452618,3.305879,-3.751155
1,1,1,82.000000,89,303.456990,414.069571,2.933726,-4.048858
1,1,1,82.000000,90,202.346152,55.535674,4.994869,0.226450
1,1,1,82.000000,91,219.227548,191.748820,-4.545110,-2.083741
1,1,1,82.000000,92,204.616660,332.771234,2.850653,-4.107770
1,1,1,82.000000,93,207.812181,210.625037,3.516804,-3.554165
1,1,1,82.000000,94,60.759762,66.429359,-4.464127,2.252014
1,1,1,82.000000,95,181.239054,104.387977,-2.312102,4.433304
1,1,1,82.000000,96,114.610054,419.190024,-4.545306,-2.083312
1,1,1,82.000000,97,1.029086,308.663557,-2.923300,4.056392
1,1,1,82.000000,98,117.205134,348.971006,-0.339844,4.988437
1,1,1,82.000000,99,496.499921,178.343142,-2.737731,4.183877
1,1,1,82.000000,100,160.402726,19.365489,-4.791775,1.427899
1,1,1,82.000000,101,413.466048,16.698261,3.633834,3.434421
1,1,1,82.000000,102,149.675579,154.106819,0.916647,-4.915258
1,1,1,82.000000,103,403.872279,366.989790,-4.984757,0.390128
1,1,1,82.000000,104,210.616665,211.359967,4.749691,1.562188
1,1,1,82.000000,105,61.826707,206.223212,-0.936711,-4.911474
1,1,1,82.000000,106,289.374939,454.286501,2.753862,4.173277
1,1,1,82.000000,107,294.218376,498.512854,2.112637,-4.531751
1,1,1,82.000000,108,216.157217,22.886743,-1.191865,-4.855868
1,1,1,82.000000,109,478.524926,101.221077,-3.389060,3.676176
1,1,1,82.000000,110,187.059883,77.245619,-3.233320,3.813875
1,1,1,82.000000,111,135.827061,175.423879,1.058970,4.886572
1,1,1,82.000000,112,219.470886,46.994993,4.522108,-2.133199
1,1,1,82.000000,113,124.306817,328.464125,4.072957,2.900176
1,1,1,82.000000,114,455.594995,59.645468,-4.729245,-1.623035
1,1,1,82.000000,115,19.660644,496.689225,1.162717,4.862930
1,1,1,82.000000,116,54.994998,226.139993,-1.945111,4.606142
1,1,1,82.000000,117,91.969671,138.473054,2.558070,-4.296077
1,1,1,82.000000,118,12.338995,278.641774,-1.099553,-4.877600
1,1,1,82.000000,119,373.949209,282.257014,2.802988,4.140442
1,1,1,82.000000,120,453.591234,417.708107,1.720396,-4.694703
1,1,1,82.000000,121,490.437972,388.738557,0.581851,-4.966029
1,1,1,82.000000,122,246.298134,393.607034,-4.983530,0.405503
1,1,1,82.000000,123,348.593292,371.529241,0.482776,-4.976638
1,1,1,82.000000,124,491.893493,138.593255,0.350490,4.987701
1,1,1,82.000000,125,358.352614,154.546460,2.084433,4.544792
1,1,1,82.000000,126,65.401686,249.863002,-4.983482,0.406086
1,1,1,82.000000,127,361.025451,245.192762,-3.191748,-3.848733
1,1,1,82.000000,128,428.874222,126.171756,-0.828446,-4.930890
1,1,1,82.000000,129,387.249221,334.894776,1.849089,4.645521
1,1,1,82.000000,130,307.875568,375.226664,-4.962597,0.610432
1,1,1,82.000000,131,54.994296,224.742942,-3.093206,-3.928368
1,1,1,82.000000,132,337.913349,460.646041,-4.362521,-2.443034
1,1,1,82.000000,133,45.167728,203.331413,-2.355468,4.410416
1,1,1,82.000000,134,440.665790,290.203113,0.541747,-4.970564
1,1,1,82.000000,135,431.057630,159.943179,-3.307636,3.749606
1,1,1,82.000000,136,156.713440,426.824899,-3.463231,-3.606388
1,1,1,82.000000,137,396.580593,462.679279,-2.100876,-4.537215
1,1,1,82.000000,138,23.500343,193.809687,4.948551,0.715433
1,1,1,82.000000,139,162.512124,31.070269,-4.536951,2.101446
1,1,1,82.000000,140,284.059210,351.529516,2.473089,4.345553
1,1,1,82.000000,141,459.121028,365.687746,0.155981,4.997566
1,1,1,82.000000,142,422.203040,455.021555,3.854560,-3.184708
1,1,1,82.000000,143,375.715053,405.632746,4.404192,-2.367085
1,1,1,82.000000,144,403.511011,433.848664,-1.576878,-4.744835
1,1,1,82.000000,145,47.386087,121.071860,0.055433,4.999693
1,1,1,82.000000,146,124.507616,315.424149,2.316068,4.431234
1,1,1,82.000000,147,133.130753,306.763025,-0.747730,4.943774
1,1,1,82.000000,148,281.433012,193.235626,-2.892420,4.078468
1,1,1,82.000000,149,466.499968,470.208527,2.234960,-4.472690
1,1,1,83.000000,0,147.972232,96.979572,-4.922075,0.879306
1,1,1,83.000000,1,49.884601,58.696724,-3.837941,3.204717
1,1,1,83.000000,2,238.497005,368.269060,-3.108232,-3.916490
1,1,1,83.000000,3,171.359821,369.116558,-4.669029,-1.788900
1,1,1,83.000000,4,480.217158,490.866128,1.715703,-4.696420
1,1,1,83.000000,5,336.171095,293.145359,-2.357067,-4.409562
1,1,1,83.000000,6,47.489440,231.601480,-3.893822,3.136582
1,1,1,83.000000,7,27.896942,461.668630,1.946264,4.605655
1,1,1,83.000000,8,56.928308,329.348889,2.833134,4.119873
1,1,1,83.000000,9,67.572762,404.469845,4.440274,2.298688
1,1,1,83.000000,10,317.311431,405.325762,-2.835915,4.117959
1,1,1,83.000000,11,98.497114,72.670344,2.272104,4.453936
1,1,1,83.000000,12,422.560802,393.406526,2.648926,-4.240659
1,1,1,83.000000,13,219.432929,494.898712,1.690949,-4.705390
1,1,1,83.000000,14,153.506472,284.281444,-3.568306,-3.502455
1,1,1,83.000000,15,283.950339,352.608139,-3.702590,3.360183
1,1,1,83.000000,16,4.317758,217.187275,-4.986298,-0.369911
1,1,1,83.000000,17,243.309357,478.776289,-3.976541,3.031026
1,1,1,83.000000,18,427.773980,386.381508,1.426069,-4.792319
1,1,1,83.000000,19,432.179638,14.493162,-3.495440,3.575178
1,1,1,83.000000,20,233.054821,240.226330,-0.721552,-4.947662
1,1,1,83.000000,21,397.290083,58.678318,-4.240369,-2.649391
1,1,1,83.000000,22,383.325619,153.808172,-0.668122,-4.955160
1,1,1,83.000000,23,409.010020,488.242390,-0.260166,4.993227
1,1,1,83.000000,24,416.102030,82.032716,-4.599493,1.960782
1,1,1,83.000000,25,0.623358,252.185393,-1.876338,-4.634583
1,1,1,83.000000,26,375.874532,373.530671,4.033083,2.955375
1,1,1,83.000000,27,27.357776,254.258340,1.682419,-4.708446
1,1,1,83.000000,28,404.732701,387.090454,-1.478901,-4.776280
1,1,1,83.000000,29,64.760622,242.325609,-1.084599,4.880947
1,1,1,83.000000,30,148.366825,448.281394,-3.975042,-3.032991
1,1,1,83.000000,31,138.196916,35.404983,-2.515443,-4.321174
1,1,1,83.000000,32,11.873980,69.396522,4.988317,0.341608
1,1,1,83.000000,33,367.002340,389.822187,4.567129,-2.035027
1,1,1,83.000000,34,493.724039,196.312786,4.999663,-0.058008
1,1,1,83.000000,35,301.764412,360.464083,-2.391563,4.390949
1,1,1,83.000000,36,303.469166,218.819503,-2.510203,4.324220
1,1,1,83.000000,37,141.942532,264.589468,-1.323864,-4.821554
1,1,1,83.000000,38,388.475438,148.550916,-4.305064,-2.542917
1,1,1,83.000000,39,312.162488,341.945578,1.811277,4.660394
1,1,1,83.000000,40,290.374709,269.937065,2.489523,-4.336159
1,1,1,83.000000,41,283.121130,164.260500,0.973577,4.904299
1,1,1,83.000000,42,273.211973,191.431117,-4.987764,-0.349584
1,1,1,83.000000,43,472.230981,399.719246,4.856074,1.191028
1,1,1,83.000000,44,433.607708,156.304821,4.306216,2.540964
1,1,1,83.000000,45,382.138726,167.576213,-4.963444,-0.603513
1,1,1,83.000000,46,272.918725,198.819875,1.355080,-4.812874
1,1,1,83.000000,47,108.618118,476.086608,0.874923,4.922856
1,1,1,83.000000,48,392.416777,401.998684,4.475989,-2.228346
1,1,1,83.000000,49,251.712479,376.001757,-3.894895,-3.135250
1,1,1,83.000000,50,495.730527,166.405673,-2.270524,-4.454742
1,1,1,83.000000,51,457.415546,80.268807,1.496719,-4.770726
1,1,1,83.000000,52,192.125781,241.729429,1.374837,-4.807268
1,1,1,83.000000,53,436.460843,3.696888,4.940225,0.770826
1,1,1,83.000000,54,481.383158,370.822310,-4.722116,-1.643661
1,1,1,83.000000,55,120.288498,345.252318,-4.488596,-2.202841
1,1,1,83.000000,56,378.750362,43.331165,-0.539981,-4.970756
1,1,1,83.000000,57,200.777926,306.408093,-3.211544,-3.832230
1,1,1,83.000000,58,177.823542,113.715752,1.522360,4.762607
1,1,1,83.000000,59,3.779897,98.442880,1.622830,-4.729315
1,1,1,83.000000,60,322.295980,210.010976,-2.031049,-4.568899
1,1,1,83.000000,61,264.041812,371.250256,3.967656,-3.042647
1,1,1,83.000000,62,331.663131,110.319855,4.964673,0.593318
1,1,1,83.000000,63,467.554605,56.460937,4.993150,0.261637
1,1,1,83.000000,64,94.335763,9.624612,-1.669140,-4.713170
1,1,1,83.000000,65,343.906440,484.746863,4.690640,-1.731445
1,1,1,83.000000,66,334.407235,89.311826,-4.613224,-1.928255
1,1,1,83.000000,67,273.209538,166.582350,2.662516,-4.232140
1,1,1,83.000000,68,427.509949,310.768043,-1.064827,4.885299
1,1,1,83.000000,69,97.469101,258.090190,-0.411495,4.983038
1,1,1,83.000000,70,371.325945,401.692020,0.624807,4.960808
1,1,1,83.000000,71,300.894922,45.893744,-4.067177,2.908277
1,1,1,83.000000,72,360.707741,322.936136,-1.673254,4.711711
1,1,1,83.000000,73,386.171793,208.744479,2.328916,-4.424494
1,1,1,83.000000,74,323.252963,176.299462,4.985280,0.383378
1,1,1,83.000000,75,414.119133,36.967874,0.994527,-4.900093
1,1,1,83.000000,76,499.585669,427.024133,4.794545,1.418569
1,1,1,83.000000,77,99.604516,346.593202,-0.968889,4.905227
1,1,1,83.000000,78,2.861843,12.926560,4.689908,1.733426
1,1,1,83.000000,79,281.281463,418.825935,-2.280262,4.449765
1,1,1,83.000000,80,472.940825,251.854646,-1.538194,4.757516
1,1,1,83.000000,81,450.977417,214.352517,4.524787,2.127512
1,1,1,83.000000,82,319.123418,485.459463,-2.708178,4.203067
1,1,1,83.000000,83,198.494988,380.075669,4.934501,-0.806658
1,1,1,83.000000,84,378.550934,318.894437,-3.186015,3.853480
1,1,1,83.000000,85,125.217712,12.817726,-3.203649,-3.838832
1,1,1,83.000000,86,54.813969,374.169169,4.999995,0.007051
1,1,1,83.000000,87,456.660722,148.504149,-3.329672,3.730051
1,1,1,83.000000,88,148.825536,292.701463,2.057155,4.557204
1,1,1,83.000000,89,306.390716,410.020713,4.749098,1.563992
1,1,1,83.000000,90,207.341022,55.762124,1.535189,-4.758486
1,1,1,83.000000,91,214.682438,189.665080,4.566139,-2.037247
1,1,1,83.000000,92,207.467314,328.663464,-3.732797,-3.326594
1,1,1,83.000000,93,211.328986,207.070872,4.819797,1.330248
1,1,1,83.000000,94,56.295634,68.681373,-2.896997,4.075219
1,1,1,83.000000,95,178.926953,108.821281,-4.217938,-2.684957
1,1,1,83.000000,96,110.064748,417.106712,1.933227,4.611142
1,1,1,83.000000,97,5.685261,306.841462,4.656175,-1.822096
1,1,1,83.000000,98,116.865290,353.959443,-0.421215,4.982226
1,1,1,83.000000,99,493.762190,182.527019,1.745853,4.685296
1,1,1,83.000000,100,156.666764,16.042450,-3.735962,-3.323039
1,1,1,83.000000,101,415.394925,21.311225,1.928876,4.612964
1,1,1,83.000000,102,150.592226,149.191561,-0.685323,-4.952811
1,1,1,83.000000,103,398.887522,367.379918,-0.718673,4.948081
1,1,1,83.000000,104,215.366357,212.922156,0.874948,-4.922851
1,1,1,83.000000,105,60.889997,201.311738,4.115907,2.838892
1,1,1,83.000000,106,292.128801,458.459779,-3.750499,3.306623
1,1,1,83.000000,107,297.637888,497.839278,3.419512,-3.647867
1,1,1,83.000000,108,214.965351,18.030875,3.934928,3.084857
1,1,1,83.000000,109,480.961934,96.855188,2.437008,-4.365890
1,1,1,83.000000,110,183.826563,81.059494,-4.120087,2.832822
1,1,1,83.000000,111,136.886031,180.310450,-4.229887,-2.666094
1,1,1,83.000000,112,224.296176,45.684811,4.825290,-1.310182
1,1,1,83.000000,113,128.379774,331.364301,3.083409,3.936063
1,1,1,83.000000,114,450.865750,58.022433,-3.846299,3.194681
1,1,1,83.000000,115,22.932541,492.908393,3.271897,-3.780832
1,1,1,83.000000,116,53.049887,230.746134,-3.899250,-3.129832
1,1,1,83.000000,117,94.527741,134.176977,-2.922699,-4.056825
1,1,1,83.000000,118,16.260898,281.743173,3.921903,3.101399
1,1,1,83.000000,119,376.752196,286.397456,3.185323,-3.854052
1,1,1,83.000000,120,455.311630,413.013404,1.517273,4.764229
1,1,1,83.000000,121,490.503450,383.738985,0.065478,-4.999571
1,1,1,83.000000,122,241.314604,394.012537,3.554715,3.516248
1,1,1,83.000000,123,349.076068,366.552603,4.898312,-1.003264
1,1,1,83.000000,124,492.243983,143.580956,-4.126973,-2.822781
1,1,1,83.000000,125,360.437048,159.091253,0.802073,-4.935249
1,1,1,83.000000,126,60.418204,250.269088,2.900906,4.072437
1,1,1,83.000000,127,357.833703,241.344029,3.179479,-3.858874
1,1,1,83.000000,128,428.045776,121.240866,1.232804,-4.845637
1,1,1,83.000000,129,389.098310,339.540298,4.373398,2.423507
1,1,1,83.000000,130,302.912971,375.837096,4.895618,1.016330
1,1,1,83.000000,131,51.901089,220.814575,-1.938184,-4.609061
1,1,1,83.000000,132,333.550828,458.203008,-4.968396,0.561289
1,1,1,83.000000,133,42.812260,207.741829,0.089950,-4.999191
1,1,1,83.000000,134,441.207537,285.232549,-1.440353,4.788046
1,1,1,83.000000,135,427.749995,163.692785,3.304882,3.752033
1,1,1,83.000000,136,153.250209,423.218511,-4.436274,-2.306398
1,1,1,83.000000,137,394.479717,458.142064,-4.922016,0.879636
1,1,1,83.000000,138,27.907015,191.447221,4.406672,-2.362466
1,1,1,83.000000,139,157.975173,33.171715,4.993937,-0.246160
1,1,1,83.000000,140,286.532299,355.875069,-3.285663,3.768875
1,1,1,83.000000,141,459.277010,370.685312,-4.770488,-1.497480
1,1,1,83.000000,142,426.057600,451.836847,-4.538014,-2.099149
1,1,1,83.000000,143,380.119245,403.265660,4.083900,-2.884746
1,1,1,83.000000,144,401.934133,429.103829,4.494577,-2.190612
1,1,1,83.000000,145,47.441520,126.071553,-3.503643,3.567140
1,1,1,83.000000,146,126.823684,319.855382,-4.952962,0.684228
1,1,1,83.000000,147,132.383023,311.706798,4.204959,-2.705239
1,1,1,83.000000,148,278.540591,197.314094,-3.642951,-3.424750
1,1,1,83.000000,149,469.631542,474.106378,3.131574,3.897851
1,1,1,84.000000,0,143.050157,97.858878,-3.748622,3.308751
1,1,1,84.000000,1,46.046660,61.901441,4.998143,-0.136272
1,1,1,84.000000,2,235.388773,364.352570,4.663378,-1.803581
1,1,1,84.000000,3,166.690792,367.327657,-4.873238,1.118727
1,1,1,84.000000,4,481.932861,486.169708,-0.510963,4.973823
1,1,1,84.000000,5,333.814028,288.735798,-1.342378,4.816432
1,1,1,84.000000,6,43.595618,234.738062,-2.076141,4.548586
1,1,1,84.000000,7,28.546455,466.626264,0.649512,4.957634
1,1,1,84.000000,8,59.761442,333.468762,4.051435,2.930166
1,1,1,84.000000,9,72.013036,406.768532,4.923615,-0.870643
1,1,1,84.000000,10,314.475515,409.443721,-4.993741,-0.250105
1,1,1,84.000000,11,100.769218,77.124280,-4.749487,1.562809
1,1,1,84.000000,12,425.209728,389.165866,3.436155,3.632195
1,1,1,84.000000,13,221.123878,490.193322,-0.910470,-4.916406
1,1,1,84.000000,14,149.938166,280.778989,4.753472,-1.550646
1,1,1,84.000000,15,280.247749,355.968322,4.792807,-1.424429
1,1,1,84.000000,16,0.046224,214.588430,-4.271534,-2.598846
1,1,1,84.000000,17,242.547797,483.717951,-0.761560,4.941662
1,1,1,84.000000,18,429.200049,381.589188,4.727585,1.627863
1,1,1,84.000000,19,434.318889,19.012410,2.139251,4.519248
1,1,1,84.000000,20,232.333269,235.278668,4.992210,0.278997
1,1,1,84.000000,21,393.049715,56.028927,-4.975056,-0.498818
1,1,1,84.000000,22,382.657497,148.853011,4.963944,0.599385
1,1,1,84.000000,23,408.749854,493.235617,3.188046,3.851800
1,1,1,84.000000,24,411.502537,83.993498,0.097332,-4.999053
1,1,1,84.000000,25,1.677231,247.297720,1.053873,-4.887673
1,1,1,84.000000,26,379.907615,376.486046,3.275630,-3.777598
1,1,1,84.000000,27,23.066914,256.825148,-4.290862,2.566808
1,1,1,84.000000,28,403.253800,382.314174,-0.659797,4.956276
1,1,1,84.000000,29,63.676023,247.206556,1.460680,-4.781884
1,1,1,84.000000,30,144.391783,445.248402,1.057959,4.886791
1,1,1,84.000000,31,135.681473,31.083809,4.283715,2.578718
1,1,1,84.000000,32,10.973072,74.314688,-0.900908,4.918167
1,1,1,84.000000,33,371.569469,387.787160,3.319315,-3.739271
1,1,1,84.000000,34,498.608834,197.379924,4.884794,1.067138
1,1,1,84.000000,35,299.372849,364.855031,4.496754,2.186140
1,1,1,84.000000,36,300.958963,223.143723,-0.622642,-4.961080
1,1,1,84.000000,37,140.618668,259.767914,-4.107452,2.851112
1,1,1,84.000000,38,384.170375,146.007999,-4.133280,-2.813539
1,1,1,84.000000,39,313.973765,346.605973,-1.122515,-4.872367
1,1,1,84.000000,40,292.864233,265.600906,-0.372398,4.986113
1,1,1,84.000000,41,284.094707,169.164799,-4.968684,0.558731
1,1,1,84.000000,42,268.224209,191.081533,1.062074,4.885898
1,1,1,84.000000,43,467.278060,399.034727,-4.952922,-0.684519
1,1,1,84.000000,44,437.913924,158.845786,1.923764,-4.615098
1,1,1,84.000000,45,377.175282,166.972700,2.059601,-4.556100
1,1,1,84.000000,46,274.273805,194.007001,1.286653,-4.831617
1,1,1,84.000000,47,109.493041,481.009464,-4.852134,-1.206977
1,1,1,84.000000,48,396.892766,399.770338,4.958132,0.645701
1,1,1,84.000000,49,247.817584,372.866507,4.999918,-0.028599
1,1,1,84.000000,50,492.696505,170.379930,-3.034022,3.974256
1,1,1,84.000000,51,458.912265,75.498081,1.382880,-4.804960
1,1,1,84.000000,52,193.500618,236.922161,-3.730017,-3.329711
1,1,1,84.000000,53,441.081731,1.787072,4.620888,-1.909815
1,1,1,84.000000,54,476.661042,369.178649,-4.330417,-2.499497
1,1,1,84.000000,55,115.799903,343.049476,-3.090631,3.930394
1,1,1,84.000000,56,378.210381,38.360409,0.538240,4.970945
1,1,1,84.000000,57,197.566382,302.575864,2.982286,4.013224
1,1,1,84.000000,58,179.345902,118.478359,4.666713,1.794934
1,1,1,84.000000,59,2.532988,93.600854,-1.246909,-4.842026
1,1,1,84.000000,60,320.264931,205.442077,-2.855940,4.104096
1,1,1,84.000000,61,268.009468,368.207608,-3.589362,-3.480873
1,1,1,84.000000,62,336.627804,110.913173,-1.494693,4.771362
1,1,1,84.000000,63,469.730434,51.959185,2.175828,-4.501752
1,1,1,84.000000,64,91.962068,5.223979,-2.373695,-4.400633
1,1,1,84.000000,65,341.784846,489.274427,-2.121594,4.527564
1,1,1,84.000000,66,329.794011,87.383571,0.219009,-4.995201
1,1,1,84.000000,67,275.872053,162.350210,-3.700903,-3.362040
1,1,1,84.000000,68,426.445122,315.653342,-2.336743,-4.420366
1,1,1,84.000000,69,97.057606,263.073229,-1.539775,-4.757005
1,1,1,84.000000,70,371.950752,406.652828,-0.273023,4.992540
1,1,1,84.000000,71,296.827745,48.802021,-0.286782,4.991769
1,1,1,84.000000,72,359.034487,327.647847,1.424590,-4.792759
1,1,1,84.000000,73,388.500709,204.319985,-1.808054,-4.661646
1,1,1,84.000000,74,328.238244,176.682839,-1.636026,-4.724767
1,1,1,84.000000,75,415.113660,32.067781,4.352797,-2.460316
1,1,1,84.000000,76,497.738966,422.377663,-1.846704,-4.646470
1,1,1,84.000000,77,98.635627,351.498430,4.984878,-0.388577
1,1,1,84.000000,78,0.246827,8.664907,-2.615016,-4.261654
1,1,1,84.000000,79,279.001201,423.275700,-0.057093,-4.999674
1,1,1,84.000000,80,471.402631,256.612162,-4.971839,0.529922
1,1,1,84.000000,81,455.502203,216.480028,2.690972,-4.214104
1,1,1,84.000000,82,314.418546,483.767074,-4.704872,-1.692389
1,1,1,84.000000,83,203.429489,379.269010,2.865516,4.097416
1,1,1,84.000000,84,375.364919,322.747917,4.889980,-1.043116
1,1,1,84.000000,85,122.014064,8.978894,-4.270060,-2.601267
1,1,1,84.000000,86,59.813964,374.176220,4.982764,-0.414801
1,1,1,84.000000,87,451.799472,149.673868,-4.861250,1.169720
1,1,1,84.000000,88,150.882691,297.258667,-4.240473,2.649225
1,1,1,84.000000,89,311.139813,411.584705,1.640604,-4.723179
1,1,1,84.000000,90,208.876211,51.003637,4.984283,-0.396132
1,1,1,84.000000,91,219.248577,187.627833,-4.421069,2.335411
1,1,1,84.000000,92,203.734517,325.336870,4.102826,2.857765
1,1,1,84.000000,93,216.148782,208.401120,-4.759132,-1.533186
1,1,1,84.000000,94,53.398637,72.756592,3.868582,-3.167661
1,1,1,84.000000,95,174.709014,106.136324,-4.976509,0.484107
1,1,1,84.000000,96,111.997975,421.717854,-3.576113,3.494484
1,1,1,84.000000,97,2.468752,303.013398,-3.216509,-3.828064
1,1,1,84.000000,98,116.444075,358.941669,2.886580,4.082604
1,1,1,84.000000,99,495.508043,187.212315,-4.854952,-1.195593
1,1,1,84.000000,100,159.429966,20.209549,2.763202,4.167099
1,1,1,84.000000,101,411.461004,18.225084,-3.933921,-3.086141
1,1,1,84.000000,102,149.906903,144.238751,-3.958666,3.054336
1,1,1,84.000000,103,398.168850,372.327999,2.954945,4.033398
1,1,1,84.000000,104,216.241305,207.999304,-4.999161,-0.091567
1,1,1,84.000000,105,65.005904,204.150630,1.663826,4.715048
1,1,1,84.000000,106,288.378302,461.766401,-3.583506,-3.486902
1,1,1,84.000000,107,292.849176,499.277415,-4.788712,1.438136
1,1,1,84.000000,108,218.900279,21.115732,4.624264,1.901626
1,1,1,84.000000,109,476.034366,96.007208,-4.927568,-0.847979
1,1,1,84.000000,110,179.706475,83.892316,3.384446,3.680425
1,1,1,84.000000,111,132.656144,177.644356,1.093431,4.878976
1,1,1,84.000000,112,219.636910,47.498989,-4.659266,1.814178
1,1,1,84.000000,113,131.463183,335.300364,2.007949,-4.579098
1,1,1,84.000000,114,447.019451,61.217114,3.164231,3.871387
1,1,1,84.000000,115,17.947530,492.521524,-4.985011,-0.386869
1,1,1,84.000000,116,49.150637,227.616302,4.752515,1.553577
1,1,1,84.000000,117,91.605043,130.120152,2.723362,4.193245
1,1,1,84.000000,118,11.553980,280.056485,-4.706919,-1.686688
1,1,1,84.000000,119,379.937519,282.543403,-4.802438,1.391613
1,1,1,84.000000,120,456.828903,417.777633,2.106320,-4.534690
1,1,1,84.000000,121,487.338454,379.868223,-3.164996,-3.870762
1,1,1,84.000000,122,244.869319,397.528785,-3.314065,-3.743925
1,1,1,84.000000,123,353.974380,365.549338,0.399491,4.984015
1,1,1,84.000000,124,488.117010,140.758174,2.475333,4.344275
1,1,1,84.000000,125,361.239121,154.156004,-3.646971,3.420468
1,1,1,84.000000,126,63.319110,254.341525,-4.222810,2.677290
1,1,1,84.000000,127,361.013182,237.485155,1.385070,4.804330
1,1,1,84.000000,128,429.278580,116.395229,-2.777989,-4.157256
1,1,1,84.000000,129,393.471708,341.963805,-1.893414,-4.627632
1,1,1,84.000000,130,307.808589,376.853426,-1.230669,4.846179
1,1,1,84.000000,131,49.962906,216.205513,4.988547,0.338227
1,1,1,84.000000,132,328.582433,458.764297,4.994922,0.225279
1,1,1,84.000000,133,42.902210,202.742638,-0.716395,-4.948412
1,1,1,84.000000,134,439.767184,290.020595,-1.715476,-4.696503
1,1,1,84.000000,135,431.054877,167.444818,3.278762,-3.774880
1,1,1,84.000000,136,148.813935,420.912114,4.888475,-1.050148
1,1,1,84.000000,137,389.557701,459.021701,1.590150,4.740403
1,1,1,84.000000,138,23.389185,189.304976,-4.517830,-2.142245
1,1,1,84.000000,139,162.969109,32.925555,-4.837097,1.265896
1,1,1,84.000000,140,283.246635,359.643944,-4.870159,1.132054
1,1,1,84.000000,141,454.506522,369.187832,-1.092429,-4.879201
1,1,1,84.000000,142,421.519586,449.737698,4.254623,2.626439
1,1,1,84.000000,143,384.203145,400.380915,-4.782893,1.457373
1,1,1,84.000000,144,406.428710,426.913217,-4.187141,2.732736
1,1,1,84.000000,145,43.937877,129.638692,2.935192,-4.047796
1,1,1,84.000000,146,121.870722,320.539610,-4.606773,-1.943615
1,1,1,84.000000,147,136.587982,309.001559,-1.386329,-4.803966
1,1,1,84.000000,148,274.897641,193.889344,2.833795,4.119418
1,1,1,84.000000,149,465.617813,477.087985,-4.013729,2.981607
1,1,1,85.000000,0,139.301535,101.167629,-2.607905,-4.266009
1,1,1,85.000000,1,51.044803,61.765169,3.455277,3.614009
1,1,1,85.000000,2,240.052151,362.548989,-0.087828,4.999229
1,1,1,85.000000,3,161.817554,368.446384,0.934364,-4.911921
1,1,1,85.000000,4,481.421898,491.143531,4.969968,0.547195
1,1,1,85.000000,5,332.471649,293.552230,-4.969358,0.552702
1,1,1,85.000000,6,41.519477,239.286649,2.606444,-4.266902
1,1,1,85.000000,7,33.192072,468.475112,4.645617,1.848848
1,1,1,85.000000,8,63.812877,336.398928,-4.817842,1.337309
1,1,1,85.000000,9,76.936651,405.897889,3.136346,3.894012
1,1,1,85.000000,10,309.481774,409.193616,4.173142,-2.754068
1,1,1,85.000000,11,96.019730,78.687089,-3.085682,3.934281
1,1,1,85.000000,12,428.645883,392.798061,-1.989203,4.587273
1,1,1,85.000000,13,220.213408,485.276917,-4.343861,-2.476061
1,1,1,85.000000,14,154.691638,279.228344,-3.451092,3.618006
1,1,1,85.000000,15,285.040557,354.543893,0.027725,-4.999923
1,1,1,85.000000,16,1.383235,209.797120,1.429459,-4.791309
1,1,1,85.000000,17,243.846092,488.546453,1.298294,4.828502
1,1,1,85.000000,18,433.927634,383.217051,4.597757,1.964848
1,1,1,85.000000,19,437.956501,15.581991,3.637612,-3.430419
1,1,1,85.000000,20,237.325479,235.557665,1.813890,4.659378
1,1,1,85.000000,21,388.074659,55.530109,-4.926717,-0.852911
1,1,1,85.000000,22,387.621441,149.452396,-4.198601,-2.715096
1,1,1,85.000000,23,411.937900,497.087417,-3.347578,-3.713990
1,1,1,85.000000,24,411.599869,78.994445,4.039321,-2.946844
1,1,1,85.000000,25,3.092796,245.798774,4.770028,-1.498946
1,1,1,85.000000,26,383.183246,372.708447,-1.902450,4.623925
1,1,1,85.000000,27,23.515693,251.845329,0.448779,-4.979819
1,1,1,85.000000,28,402.594003,387.270449,-4.486849,2.206397
1,1,1,85.000000,29,65.136703,242.424673,1.885492,-4.630866
1,1,1,85.000000,30,145.449742,450.135193,0.603461,4.963450
1,1,1,85.000000,31,139.965188,33.662526,-4.953632,-0.679358
1,1,1,85.000000,32,13.576303,70.045826,2.603232,-4.268862
1,1,1,85.000000,33,374.888784,384.047889,3.247260,-3.802013
1,1,1,85.000000,34,499.279812,201.912273,-2.111355,4.532348
1,1,1,85.000000,35,303.869603,367.041171,-3.852157,3.187615
1,1,1,85.000000,36,300.336321,218.182643,4.792443,1.425654
1,1,1,85.000000,37,136.511217,262.619026,-2.794250,4.146344
1,1,1,85.000000,38,380.037095,143.194460,-4.879729,-1.090069
1,1,1,85.000000,39,312.851250,341.733606,-1.919391,-4.616919
1,1,1,85.000000,40,292.491835,270.587019,-4.943060,-0.752436
1,1,1,85.000000,41,279.126023,169.723530,2.606536,-4.266845
1,1,1,85.000000,42,269.286284,195.967431,1.660165,-4.716339
1,1,1,85.000000,43,472.040119,400.558799,4.762059,1.524072
1,1,1,85.000000,44,439.837689,154.230688,-2.712564,4.200238
1,1,1,85.000000,45,379.234883,162.416600,2.301508,4.438813
1,1,1,85.000000,46,275.560458,189.175384,-2.122502,4.527139
1,1,1,85.000000,47,104.640907,479.802487,2.971966,4.020873
1,1,1,85.000000,48,401.850898,400.416038,-3.641615,3.426170
1,1,1,85.000000,49,252.817502,372.837908,-3.679117,-3.385867
1,1,1,85.000000,50,490.930831,165.702067,-1.765673,-4.677863
1,1,1,85.000000,51,460.295146,70.693121,4.955041,0.669008
1,1,1,85.000000,52,189.770602,233.592450,-1.271389,-4.835656
1,1,1,85.000000,53,444.466875,5.466855,3.385144,3.679783
1,1,1,85.000000,54,472.330624,366.679152,3.863252,-3.174159
1,1,1,85.000000,55,112.709272,346.979871,-0.345077,4.988078
1,1,1,85.000000,56,378.748621,43.331354,-4.895389,1.017430
1,1,1,85.000000,57,200.548668,306.589088,-1.596240,-4.738356
1,1,1,85.000000,58,184.012615,120.273293,-3.266985,-3.785078
1,1,1,85.000000,59,2.388894,94.481239,4.921882,0.880385
1,1,1,85.000000,60,317.408991,209.546173,3.956424,-3.057239
1,1,1,85.000000,61,264.420106,364.726735,0.566872,4.967762
1,1,1,85.000000,62,335.133111,115.684535,2.462007,-4.351841
1,1,1,85.000000,63,465.696785,54.913788,-4.033648,2.954603
1,1,1,85.000000,64,87.239185,6.865437,-4.722882,1.641458
1,1,1,85.000000,65,345.374438,485.793790,3.589592,-3.480637
1,1,1,85.000000,66,330.013020,82.388369,2.545012,-4.303826
1,1,1,85.000000,67,272.171150,158.988169,-0.067995,-4.999538
1,1,1,85.000000,68,424.108380,311.232976,-0.486810,4.976245
1,1,1,85.000000,69,95.517831,258.316224,-4.268189,-2.604335
1,1,1,85.000000,70,371.677729,411.645368,2.346353,4.415272
1,1,1,85.000000,71,296.540962,53.793790,4.302249,2.547676
1,1,1,85.000000,72,360.459077,322.855088,-4.913451,0.926284
1,1,1,85.000000,73,386.692655,199.658339,4.965167,-0.589167
1,1,1,85.000000,74,326.602218,171.958073,-0.742429,4.944573
1,1,1,85.000000,75,419.466457,29.607465,4.992494,0.273861
1,1,1,85.000000,76,492.959280,420.909806,-4.779686,-1.467857
1,1,1,85.000000,77,103.620505,351.109853,-4.494880,-2.189989
1,1,1,85.000000,78,0.231805,13.664884,-0.015022,4.999977
1,1,1,85.000000,79,278.944108,418.276026,2.601801,-4.269734
1,1,1,85.000000,80,466.430792,257.142085,2.997327,-4.002003
1,1,1,85.000000,81,458.193175,212.265924,-4.998507,0.122167
1,1,1,85.000000,82,311.394988,479.784851,-3.023558,-3.982223
1,1,1,85.000000,83,206.295006,383.366426,-3.621007,3.447943
1,1,1,85.000000,84,380.254899,321.704801,4.982342,-0.419849
1,1,1,85.000000,85,117.744004,6.377627,-1.875203,-4.635042
1,1,1,85.000000,86,64.796728,373.761419,-4.848054,-1.223262
1,1,1,85.000000,87,446.918779,150.759611,-4.880693,1.085743
1,1,1,85.000000,88,146.642218,299.907892,-4.999524,-0.068985
1,1,1,85.000000,89,312.780418,406.861526,-0.189255,-4.996417
1,1,1,85.000000,90,213.860494,50.607505,-4.760866,1.527795
1,1,1,85.000000,91,214.827508,189.963244,-1.546662,-4.754770
1,1,1,85.000000,92,207.837342,328.194636,2.074390,4.549385
1,1,1,85.000000,93,211.389650,206.867934,-4.971955,0.528834
1,1,1,85.000000,94,57.267219,69.588932,3.642713,3.425003
1,1,1,85.000000,95,169.732506,106.620431,2.524984,-4.315606
1,1,1,85.000000,96,108.421862,425.212338,-3.457989,-3.611415
1,1,1,85.000000,97,2.258188,308.008962,-0.210565,4.995564
1,1,1,85.000000,98,119.330655,363.024273,3.886242,3.145969
1,1,1,85.000000,99,490.653091,186.016721,-4.253973,-2.627493
1,1,1,85.000000,100,164.034541,18.260733,4.604575,-1.948816
1,1,1,85.000000,101,409.501201,22.824994,-1.959803,4.599910
1,1,1,85.000000,102,145.948238,147.293087,3.666958,-3.399032
1,1,1,85.000000,103,401.123795,376.361397,-0.954821,-4.907985
1,1,1,85.000000,104,211.242144,207.907737,4.925890,-0.857677
1,1,1,85.000000,105,66.669731,208.865679,-2.710967,4.201269
1,1,1,85.000000,106,284.794796,458.279499,-4.936158,0.796456
1,1,1,85.000000,107,296.410220,495.767576,3.561044,-3.509838
1,1,1,85.000000,108,223.524543,23.017358,-0.832320,4.930238
1,1,1,85.000000,109,471.735549,93.453744,-4.298816,-2.553464
1,1,1,85.000000,110,183.090921,87.572740,4.588564,-1.986223
1,1,1,85.000000,111,133.749576,182.523332,-4.966515,-0.577696
1,1,1,85.000000,112,219.291303,42.510948,-0.345607,-4.988041
1,1,1,85.000000,113,133.471132,330.721266,4.777285,1.475652
1,1,1,85.000000,114,450.183683,65.088501,-4.950578,-0.701268
1,1,1,85.000000,115,14.115729,495.733579,-3.831801,3.212056
1,1,1,85.000000,116,53.903152,229.169879,2.761416,4.168282
1,1,1,85.000000,117,94.328404,134.313396,4.770442,-1.497625
1,1,1,85.000000,118,10.215199,275.239052,-1.338781,-4.817433
1,1,1,85.000000,119,375.135081,283.935017,-1.565897,-4.748470
1,1,1,85.000000,120,458.935223,413.242943,-3.366003,-3.697300
1,1,1,85.000000,121,491.629168,377.301168,4.290714,-2.567055
1,1,1,85.000000,122,241.555254,393.784860,-0.832290,-4.930243
1,1,1,85.000000,123,354.373870,370.533353,-4.831995,1.285234
1,1,1,85.000000,124,490.592343,145.102449,4.459660,-2.260847
1,1,1,85.000000,125,357.592150,157.576473,0.234021,4.994520
1,1,1,85.000000,126,59.096300,257.018815,4.573844,-2.019888
1,1,1,85.000000,127,362.398252,242.289485,-3.393621,3.671966
1,1,1,85.000000,128,426.500592,112.237973,-0.886894,4.920713
1,1,1,85.000000,129,391.578294,337.336173,-3.115369,3.910815
1,1,1,85.000000,130,306.577919,381.699605,-4.999496,0.070963
1,1,1,85.000000,131,54.951453,216.543741,-2.876553,-4.089675
1,1,1,85.000000,132,333.577355,458.989576,4.817708,1.337794
1,1,1,85.000000,133,42.185816,197.794226,2.165713,4.506627
1,1,1,85.000000,134,438.051708,285.324092,-4.539552,-2.095822
1,1,1,85.000000,135,434.333639,163.669938,-2.526830,4.314526
1,1,1,85.000000,136,153.702410,419.861966,3.153422,3.880197
1,1,1,85.000000,137,391.147851,463.762104,3.086215,-3.933863
1,1,1,85.000000,138,23.047620,184.316656,-0.341564,-4.988320
1,1,1,85.000000,139,158.132012,34.191451,-4.955430,-0.666118
1,1,1,85.000000,140,278.376476,360.775998,-0.183228,4.996642
1,1,1,85.000000,141,453.414093,364.308632,-0.605910,4.963152
1,1,1,85.000000,142,425.774209,452.364137,-4.940791,-0.767195
1,1,1,85.000000,143,379.420252,401.838288,-1.666236,4.714198
1,1,1,85.000000,144,402.241568,429.645953,-1.349198,4.814526
1,1,1,85.000000,145,46.873069,125.590897,3.269547,3.782864
1,1,1,85.000000,146,117.263948,318.595995,-0.999307,4.899121
1,1,1,85.000000,147,135.201653,304.197593,-1.935775,4.610073
1,1,1,85.000000,148,277.731436,198.008762,-4.614650,-1.924839
1,1,1,85.000000,149,461.625365,480.098028,-3.992448,3.010043
1,1,1,86.000000,0,136.693629,96.901620,-2.768175,-4.163797
1,1,1,86.000000,1,54.500080,65.379178,4.999878,0.034900
1,1,1,86.000000,2,239.964323,367.548218,-2.324078,-4.427038
1,1,1,86.000000,3,162.751918,363.534464,4.177350,2.747680
1,1,1,86.000000,4,486.391866,491.690726,3.092162,-3.929190
1,1,1,86.000000,5,327.502291,294.104932,-4.931398,-0.825419
1,1,1,86.000000,6,44.125921,235.019747,-4.888479,-1.050132
1,1,1,86.000000,7,28.951335,471.123913,-4.240737,2.648801
1,1,1,86.000000,8,58.995035,337.736237,-3.794833,3.255647
1,1,1,86.000000,9,80.072997,409.791902,0.071657,-4.999487
1,1,1,86.000000,10,313.654916,406.439548,-4.640252,-1.862273
1,1,1,86.000000,11,92.934048,82.621370,-4.174410,2.752144
1,1,1,86.000000,12,426.656680,397.385334,-4.847154,1.226825
1,1,1,86.000000,13,215.869548,482.800856,-4.663004,1.804547
1,1,1,86.000000,14,151.240547,282.846349,-4.985505,-0.380452
1,1,1,86.000000,15,285.068281,349.543970,-4.810566,-1.363251
1,1,1,86.000000,16,3.512693,208.782287,4.895928,-1.014834
1,1,1,86.000000,17,241.963607,493.178542,-1.882485,4.632089
1,1,1,86.000000,18,438.525392,385.181899,4.788468,-1.438949
1,1,1,86.000000,19,441.968157,18.566387,4.011656,2.984396
1,1,1,86.000000,20,239.139368,240.217043,4.981760,0.426694
1,1,1,86.000000,21,383.147942,54.677198,1.737319,-4.688467
1,1,1,86.000000,22,383.422840,146.737300,-3.739377,-3.319196
1,1,1,86.000000,23,408.590322,493.373426,4.531374,-2.113444
1,1,1,86.000000,24,415.639190,76.047601,0.045204,-4.999796
1,1,1,86.000000,25,0.452190,249.324831,3.544986,3.526057
1,1,1,86.000000,26,381.280796,377.332373,3.968363,3.041725
1,1,1,86.000000,27,21.563259,247.242286,-1.952434,-4.603043
1,1,1,86.000000,28,398.107155,389.476847,-4.944504,-0.742885
1,1,1,86.000000,29,67.022195,237.793806,4.465513,2.249264
1,1,1,86.000000,30,146.053202,455.098643,2.996286,-4.002783
1,1,1,86.000000,31,135.011556,32.983168,-4.997262,-0.165455
1,1,1,86.000000,32,11.635219,74.653666,-1.941084,4.607840
1,1,1,86.000000,33,378.136044,380.245876,-4.822294,-1.321166
1,1,1,86.000000,34,495.053058,204.583331,-4.226754,2.671058
1,1,1,86.000000,35,300.017446,370.228785,2.226221,4.477046
1,1,1,86.000000,36,305.128764,219.608297,-4.869545,-1.134695
1,1,1,86.000000,37,133.716966,266.765370,-0.214986,-4.995376
1,1,1,86.000000,38,375.157366,142.104391,4.013889,-2.981392
1,1,1,86.000000,39,310.931860,337.116687,-1.624996,4.728572
1,1,1,86.000000,40,287.548775,269.834583,-4.995657,0.208344
1,1,1,86.000000,41,281.732559,165.456685,-4.982349,0.419763
1,1,1,86.000000,42,270.946448,191.251092,-4.933390,-0.813430
1,1,1,86.000000,43,467.550592,402.759742,-4.489527,2.200943
1,1,1,86.000000,44,437.125125,158.430925,-4.988099,-0.344767
1,1,1,86.000000,45,381.536391,166.855413,-2.767825,-4.164030
1,1,1,86.000000,46,273.437956,193.702522,0.650827,-4.957461
1,1,1,86.000000,47,107.612872,483.823360,3.061032,3.953490
1,1,1,86.000000,48,398.209283,403.842208,4.965675,-0.584869
1,1,1,86.000000,49,249.138385,369.452041,3.910819,3.115365
1,1,1,86.000000,50,493.626550,161.490998,2.695718,-4.211069
1,1,1,86.000000,51,465.250186,71.362129,0.957635,4.907437
1,1,1,86.000000,52,188.499213,228.756794,3.725700,3.334540
1,1,1,86.000000,53,444.032365,0.485771,-0.434510,-4.981084
1,1,1,86.000000,54,476.193876,363.504992,-4.405236,-2.365143
1,1,1,86.000000,55,112.364194,351.967949,4.648181,1.842394
1,1,1,86.000000,56,373.853232,44.348784,4.201606,-2.710443
1,1,1,86.000000,57,198.952429,301.850732,2.362613,4.406593
1,1,1,86.000000,58,180.745630,116.488215,-1.529279,-4.760389
1,1,1,86.000000,59,2.851116,89.502649,0.462223,-4.978589
1,1,1,86.000000,60,321.365415,206.488934,3.917141,3.107412
1,1,1,86.000000,61,264.986978,369.694497,-4.638006,-1.867859
1,1,1,86.000000,62,337.595117,111.332693,3.023262,-3.982447
1,1,1,86.000000,63,470.409245,56.584931,4.712460,1.671143
1,1,1,86.000000,64,88.882880,11.587541,1.643695,4.722104
1,1,1,86.000000,65,343.231366,490.311228,-2.143072,4.517437
1,1,1,86.000000,66,332.558032,78.084544,3.705802,-3.356640
1,1,1,86.000000,67,272.103155,153.988631,0.317120,4.989933
1,1,1,86.000000,68,423.621569,316.209221,4.971635,0.531831
1,1,1,86.000000,69,91.249642,255.711889,1.588495,-4.740958
1,1,1,86.000000,70,374.024082,416.060640,-2.716548,4.197662
1,1,1,86.000000,71,300.843211,56.341466,-4.999823,0.042074
1,1,1,86.000000,72,355.545626,323.781372,-4.865715,1.151005
1,1,1,86.000000,73,391.657822,199.069172,2.824387,-4.125874
1,1,1,86.000000,74,325.859789,176.902645,-2.815692,4.131813
1,1,1,86.000000,75,424.458952,29.881326,-4.284665,2.577139
1,1,1,86.000000,76,490.058018,416.837622,-2.901261,-4.072184
1,1,1,86.000000,77,99.125625,348.919863,3.466632,-3.603119
1,1,1,86.000000,78,1.075047,8.736503,0.843242,-4.928381
1,1,1,86.000000,79,281.545909,414.006291,-4.953794,-0.678174
1,1,1,86.000000,80,469.428119,253.140082,-2.337806,-4.419804
1,1,1,86.000000,81,453.194668,212.388091,-0.731539,-4.946196
1,1,1,86.000000,82,311.281163,484.783555,-0.113825,4.998704
1,1,1,86.000000,83,202.673999,386.814369,-1.382333,-4.805117
1,1,1,86.000000,84,385.237241,321.284952,-2.880306,4.087033
1,1,1,86.000000,85,115.868801,1.742585,1.883691,-4.631599
1,1,1,86.000000,86,59.948674,372.538156,3.241265,-3.807125
1,1,1,86.000000,87,441.919269,150.689635,-4.999510,-0.069976
1,1,1,86.000000,88,141.642694,299.838907,0.056686,-4.999679
1,1,1,86.000000,89,312.591163,401.865109,-0.205690,-4.995767
1,1,1,86.000000,90,209.099629,52.135300,-4.815679,1.345080
1,1,1,86.000000,91,213.280846,185.208474,4.753800,1.549641
1,1,1,86.000000,92,209.911733,332.744021,-2.523615,-4.316407
1,1,1,86.000000,93,206.417695,207.396768,2.607910,4.266006
1,1,1,86.000000,94,60.909932,73.013934,-4.861928,-1.166901
1,1,1,86.000000,95,172.257490,102.304825,-1.415619,4.795417
1,1,1,86.000000,96,104.963874,421.600923,3.547582,3.523445
1,1,1,86.000000,97,4.564562,312.445249,2.306374,4.436287
1,1,1,86.000000,98,123.216897,366.170242,4.564511,2.040892
1,1,1,86.000000,99,486.399119,183.389229,4.826060,-1.307342
1,1,1,86.000000,100,168.905462,17.131958,4.870921,-1.128775
1,1,1,86.000000,101,404.668311,21.543134,-4.832891,-1.281860
1,1,1,86.000000,102,149.615196,143.894055,3.304439,-3.752423
1,1,1,86.000000,103,400.168974,371.453412,-0.034150,4.999883
1,1,1,86.000000,104,216.168033,207.050060,-0.841316,4.928711
1,1,1,86.000000,105,63.958764,213.066947,-4.751407,1.556961
1,1,1,86.000000,106,279.858638,459.075955,-3.566820,3.503968
1,1,1,86.000000,107,291.421854,495.426685,-4.988366,-0.340892
1,1,1,86.000000,108,222.692223,27.947595,3.407357,3.659224
1,1,1,86.000000,109,476.033632,96.008443,4.298082,2.554699
1,1,1,86.000000,110,187.679485,85.586517,3.228663,-3.817818
1,1,1,86.000000,111,128.783061,181.945636,3.952166,3.062741
1,1,1,86.000000,112,218.606486,47.463828,-0.684817,4.952881
1,1,1,86.000000,113,138.248416,332.196918,-4.492412,2.195047
1,1,1,86.000000,114,445.233105,64.387234,-4.327783,2.504056
1,1,1,86.000000,115,12.505793,490.999859,-1.609936,-4.733720
1,1,1,86.000000,116,56.664568,233.338162,-1.859373,-4.641415
1,1,1,86.000000,117,99.098846,132.815772,3.067658,3.948351
1,1,1,86.000000,118,13.850401,278.672025,3.635202,3.432973
1,1,1,86.000000,119,373.569184,279.186547,3.063502,-3.951577
1,1,1,86.000000,120,455.569220,409.545643,-3.779675,-3.273234
1,1,1,86.000000,121,491.463209,382.298413,-0.165959,4.997245
1,1,1,86.000000,122,240.722965,388.854618,-2.729370,-4.189336
1,1,1,86.000000,123,349.541876,371.818588,-1.928150,4.613268
1,1,1,86.000000,124,495.052003,142.841602,1.517357,-4.764203
1,1,1,86.000000,125,357.826172,162.570993,-1.925805,4.614247
1,1,1,86.000000,126,63.670145,254.998927,4.904738,-0.971364
1,1,1,86.000000,127,359.004630,245.961451,-0.157681,-4.997513
1,1,1,86.000000,128,425.613698,117.158686,4.848098,1.223089
1,1,1,86.000000,129,388.462925,341.246988,4.955898,-0.662624
1,1,1,86.000000,130,301.578423,381.770568,4.857545,-1.185015
1,1,1,86.000000,131,52.074900,212.454065,-4.858892,-1.179480
1,1,1,86.000000,132,338.395063,460.327370,1.329148,-4.820100
1,1,1,86.000000,133,44.351529,202.300853,0.508047,4.974122
1,1,1,86.000000,134,433.512156,283.228270,-4.127347,2.822234
1,1,1,86.000000,135,431.806809,167.984464,-3.093529,3.928114
1,1,1,86.000000,136,156.855832,423.742163,-3.824773,-3.220421
1,1,1,86.000000,137,394.234066,459.828241,-3.335123,3.725178
1,1,1,86.000000,138,20.024261,180.334283,-3.023359,-3.982373
1,1,1,86.000000,139,153.176582,33.525333,1.133166,4.869901
1,1,1,86.000000,140,278.193248,365.772640,3.617785,-3.451323
1,1,1,86.000000,141,452.808183,369.271783,-0.471306,4.977738
1,1,1,86.000000,142,420.833419,451.596942,-3.112299,3.913259
1,1,1,86.000000,143,377.754017,406.552486,-4.634372,-1.876858
1,1,1,86.000000,144,400.892370,434.460480,2.805192,4.138949
1,1,1,86.000000,145,50.142616,129.373761,-3.740300,-3.318155
1,1,1,86.000000,146,116.264641,323.495116,2.087465,4.543401
1,1,1,86.000000,147,133.265878,308.807666,-0.028012,-4.999922
1,1,1,86.000000,148,273.116786,196.083923,-4.977816,-0.470479
1,1,1,86.000000,149,460.627843,484.997512,-0.997523,4.899485
1,1,1,87.000000,0,133.925455,92.737823,-1.206000,4.852377
1,1,1,87.000000,1,59.499958,65.414079,-3.383652,-3.681155
1,1,1,87.000000,2,237.640246,363.121180,-4.992323,-0.276974
1,1,1,87.000000,3,166.929268,366.282143,3.067847,-3.948204
1,1,1,87.000000,4,489.484028,487.761536,-4.512667,2.153099
1,1,1,87.000000,5,322.570893,293.279514,2.292760,-4.443338
1,1,1,87.000000,6,39.237442,233.969615,-2.695124,4.211449
1,1,1,87.000000,7,33.608936,472.942361,4.657601,1.818448
1,1,1,87.000000,8,55.200201,340.991884,-0.967530,-4.905495
1,1,1,87.000000,9,80.144654,404.792415,3.449696,-3.619336
1,1,1,87.000000,10,309.014664,404.577276,2.268172,4.455940
1,1,1,87.000000,11,88.759638,85.373514,3.562731,3.508126
1,1,1,87.000000,12,421.809526,398.612159,1.742538,-4.686530
1,1,1,87.000000,13,211.206543,484.605403,3.887043,-3.144980
1,1,1,87.000000,14,146.255042,282.465898,4.897459,1.007421
1,1,1,87.000000,15,280.257715,348.180719,-2.070947,4.550954
1,1,1,87.000000,16,5.393468,204.149503,1.880775,-4.632784
1,1,1,87.000000,17,238.569540,489.506988,-3.394067,-3.671554
1,1,1,87.000000,18,443.313860,383.742950,2.783193,-4.153774
1,1,1,87.000000,19,442.590987,13.605330,0.622830,-4.961057
1,1,1,87.000000,20,244.121128,240.643737,4.847260,1.226405
1,1,1,87.000000,21,384.885261,49.988731,-0.717645,4.948230
1,1,1,87.000000,22,379.683463,143.418104,-2.799161,-4.143030
1,1,1,87.000000,23,413.121697,491.259982,3.385650,3.679317
1,1,1,87.000000,24,415.684394,71.047806,4.820582,1.327399
1,1,1,87.000000,25,2.959780,245.669908,3.411970,-3.654923
1,1,1,87.000000,26,385.249159,380.374098,-4.878709,-1.094624
1,1,1,87.000000,27,21.818548,252.235765,0.255288,4.993479
1,1,1,87.000000,28,393.162650,388.733962,3.844786,3.196502
1,1,1,87.000000,29,71.487709,240.043071,-4.820134,-1.329027
1,1,1,87.000000,30,149.049488,451.095860,4.412529,-2.351507
1,1,1,87.000000,31,130.014294,32.817714,-3.670534,-3.395171
1,1,1,87.000000,32,14.828149,70.805914,3.192930,-3.847753
1,1,1,87.000000,33,373.313750,378.924710,4.972011,0.528306
1,1,1,87.000000,34,499.918285,203.430264,4.865227,-1.153067
1,1,1,87.000000,35,302.243667,374.705832,-4.508475,-2.161864
1,1,1,87.000000,36,300.259219,218.473602,2.243764,4.468280
1,1,1,87.000000,37,133.501980,261.769994,-4.983048,-0.411374
1,1,1,87.000000,38,379.171255,139.123000,-3.297647,-3.758394
1,1,1,87.000000,39,309.306864,341.845258,2.284106,4.447792
1,1,1,87.000000,40,282.553117,270.042927,4.957709,0.648940
1,1,1,87.000000,41,276.750210,165.876448,0.328299,4.989210
1,1,1,87.000000,42,266.013059,190.437662,-0.500368,-4.974900
1,1,1,87.000000,43,465.537682,407.336662,-2.012910,4.576920
1,1,1,87.000000,44,432.137025,158.086158,4.795240,-1.416219
1,1,1,87.000000,45,378.768566,162.691384,1.385673,-4.804156
1,1,1,87.000000,46,274.088783,188.745061,-3.335262,3.725054
1,1,1,87.000000,47,110.673904,487.776850,-0.049438,4.999756
1,1,1,87.000000,48,403.174958,403.257340,-2.603381,-4.268771
1,1,1,87.000000,49,253.049203,372.567406,4.065720,-2.910313
1,1,1,87.000000,50,495.883611,165.952576,2.257061,4.461578
1,1,1,87.000000,51,466.207822,76.269566,4.974922,0.500146
1,1,1,87.000000,52,192.224913,232.091334,3.536614,-3.534453
1,1,1,87.000000,53,443.730146,5.476629,-0.302219,4.990858
1,1,1,87.000000,54,471.788641,361.139850,4.998911,0.104367
1,1,1,87.000000,55,117.012375,353.810343,2.152460,4.512972
1,1,1,87.000000,56,378.054838,41.638340,4.988069,0.345204
1,1,1,87.000000,57,201.315042,306.257324,4.535463,-2.104656
1,1,1,87.000000,58,179.216352,111.727826,2.991608,4.006280
1,1,1,87.000000,59,5.244604,93.892549,2.393488,4.389899
1,1,1,87.000000,60,325.282556,209.596346,-0.344533,4.988116
1,1,1,87.000000,61,260.348971,367.826638,3.846123,3.194893
1,1,1,87.000000,62,340.618379,107.350246,4.715930,1.661327
1,1,1,87.000000,63,470.405757,51.584932,-0.003488,-4.999999
1,1,1,87.000000,64,84.401209,13.804435,-4.481672,2.216894
1,1,1,87.000000,65,343.560276,495.300398,0.328910,4.989170
1,1,1,87.000000,66,336.263834,74.727904,-2.424762,-4.372703
1,1,1,87.000000,67,272.420275,158.978565,0.396978,4.984216
1,1,1,87.000000,68,428.593204,316.741052,0.745122,4.944168
1,1,1,87.000000,69,92.838137,250.970931,-2.620754,4.258127
1,1,1,87.000000,70,371.307534,420.258302,-2.911123,4.065140
1,1,1,87.000000,71,295.843388,56.383540,-3.504095,-3.566696
1,1,1,87.000000,72,350.679911,324.932378,-3.244964,-3.803972
1,1,1,87.000000,73,394.482209,194.943298,1.336652,-4.818025
1,1,1,87.000000,74,323.044097,181.034458,4.410449,2.355406
1,1,1,87.000000,75,420.174287,32.458465,4.424937,-2.328074
1,1,1,87.000000,76,492.250203,412.343812,2.192184,-4.493810
1,1,1,87.000000,77,102.592256,345.316745,-4.345615,2.472980
1,1,1,87.000000,78,0.967954,13.735356,-0.107093,4.998853
1,1,1,87.000000,79,276.592115,413.328117,1.585934,4.741815
1,1,1,87.000000,80,467.090313,248.720278,4.650003,1.837790
1,1,1,87.000000,81,452.463129,207.441896,-4.990573,0.306883
1,1,1,87.000000,82,316.199839,483.885432,4.918676,-0.898123
1,1,1,87.000000,83,201.291665,382.009251,-1.790804,4.668300
1,1,1,87.000000,84,382.356935,325.371985,1.927591,-4.613501
1,1,1,87.000000,85,117.752492,2.889014,1.883691,4.631599
1,1,1,87.000000,86,63.189939,368.731031,4.928185,0.844389
1,1,1,87.000000,87,437.127928,152.118990,-4.791341,1.429355
1,1,1,87.000000,88,141.699381,294.839229,4.542663,2.089071
1,1,1,87.000000,89,312.385473,396.869342,-3.750613,-3.306494
1,1,1,87.000000,90,204.283950,53.480380,1.813880,4.659382
1,1,1,87.000000,91,218.034646,186.758115,4.953245,-0.682175
1,1,1,87.000000,92,207.388118,328.427614,-4.894382,1.022265
1,1,1,87.000000,93,209.025605,211.662774,-2.990647,4.006998
1,1,1,87.000000,94,56.048004,71.847033,-4.700668,-1.704030
1,1,1,87.000000,95,170.841871,107.100242,-4.646499,-1.846632
1,1,1,87.000000,96,108.511456,425.124368,-4.874140,1.114792
1,1,1,87.000000,97,8.787076,309.767493,4.222514,-2.677756
1,1,1,87.000000,98,127.781408,368.211134,4.901448,-0.987832
1,1,1,87.000000,99,491.225179,182.081887,-0.802461,-4.935186
1,1,1,87.000000,100,164.089291,15.788642,-4.816171,-1.343316
1,1,1,87.000000,101,402.916461,26.226191,-1.751850,4.683057
1,1,1,87.000000,102,152.919635,140.141632,3.422450,-3.645112
1,1,1,87.000000,103,400.134824,376.453296,-4.674852,-1.773628
1,1,1,87.000000,104,215.326718,211.978771,-4.997202,0.167251
1,1,1,87.000000,105,59.207356,214.623909,1.298426,-4.828467
1,1,1,87.000000,106,276.291818,462.579923,4.569758,-2.029117
1,1,1,87.000000,107,292.796708,499.766052,1.374854,-4.807263
1,1,1,87.000000,108,226.099580,31.606819,3.876986,3.157369
1,1,1,87.000000,109,480.468704,98.317151,4.435073,2.308708
1,1,1,87.000000,110,190.908148,81.768699,-2.604458,-4.268114
1,1,1,87.000000,111,132.735227,185.008377,0.778659,-4.938997
1,1,1,87.000000,112,216.791514,52.122785,-1.814973,4.658956
1,1,1,87.000000,113,133.756004,334.391965,-4.982751,-0.414964
1,1,1,87.000000,114,440.905322,66.891290,0.345811,-4.988027
1,1,1,87.000000,115,13.922685,486.204819,1.416893,-4.795041
1,1,1,87.000000,116,54.805195,228.696747,-3.584553,3.485826
1,1,1,87.000000,117,102.166505,136.764123,-0.743345,-4.944435
1,1,1,87.000000,118,18.519183,280.461569,4.668783,1.789545
1,1,1,87.000000,119,376.632685,275.234970,3.836497,3.206445
1,1,1,87.000000,120,451.789545,406.272409,4.839998,-1.254758
1,1,1,87.000000,121,494.557353,378.370784,3.094144,-3.927629
1,1,1,87.000000,122,237.993595,384.665281,-4.903818,-0.975998
1,1,1,87.000000,123,347.613726,376.431855,4.442781,2.293839
1,1,1,87.000000,124,496.569360,138.077399,-3.820678,-3.225278
1,1,1,87.000000,125,355.900367,167.185240,3.743241,-3.314837
1,1,1,87.000000,126,68.574882,254.027563,-2.948569,-4.038062
1,1,1,87.000000,127,358.846949,240.963938,-4.609847,1.936314
1,1,1,87.000000,128,430.461796,118.381775,1.345246,-4.815632
1,1,1,87.000000,129,393.418823,340.584364,3.569191,3.501553
1,1,1,87.000000,130,306.435968,380.585553,4.341130,-2.480844
1,1,1,87.000000,131,47.216008,211.274586,-1.546948,-4.754677
1,1,1,87.000000,132,339.724211,455.507270,-4.672526,1.779746
1,1,1,87.000000,133,44.859576,207.274975,1.211513,4.851004
1,1,1,87.000000,134,429.384809,286.050504,3.794801,3.255685
1,1,1,87.000000,135,428.713280,171.912578,4.747459,-1.568960
1,1,1,87.000000,136,153.031058,420.521742,-0.057291,-4.999672
1,1,1,87.000000,137,390.898942,463.553419,-4.402857,-2.369568
1,1,1,87.000000,138,18.423964,175.597296,-1.600297,-4.736987
1,1,1,87.000000,139,154.309749,38.395234,4.985501,-0.380497
1,1,1,87.000000,140,281.811033,362.321316,-4.199225,-2.714132
1,1,1,87.000000,141,452.336877,374.249521,-0.929905,-4.912767
1,1,1,87.000000,142,417.721120,455.510201,2.739109,-4.182975
1,1,1,87.000000,143,373.119645,404.675628,-3.698980,3.364156
1,1,1,87.000000,144,403.697562,438.599429,1.539243,-4.757177
1,1,1,87.000000,145,46.402315,126.055606,-3.603916,-3.465803
1,1,1,87.000000,146,118.352107,328.038516,4.984362,-0.395134
1,1,1,87.000000,147,133.237867,303.807745,4.429326,2.319714
1,1,1,87.000000,148,268.138970,195.613445,4.543823,-2.086545
1,1,1,87.000000,149,455.941484,483.254515,-4.686359,-1.742998
1,1,1,88.000000,0,132.719455,97.590200,-4.805839,1.379823
1,1,1,88.000000,1,56.116306,61.732924,-1.759268,4.680275
1,1,1,88.000000,2,232.647923,362.844206,-4.777597,-1.474641
1,1,1,88.000000,3,169.997115,362.333940,3.023090,3.982578
1,1,1,88.000000,4,484.971360,489.914634,-4.169406,2.759720
1,1,1,88.000000,5,324.863654,288.836176,3.817715,-3.228785
1,1,1,88.000000,6,36.542318,238.181064,1.456823,4.783060
1,1,1,88.000000,7,31.420235,468.446854,-2.188701,-4.495507
1,1,1,88.000000,8,54.232671,336.086389,-2.727698,4.190425
1,1,1,88.000000,9,83.594350,401.173079,0.921340,-4.914380
1,1,1,88.000000,10,311.282836,409.033215,2.345561,-4.415693
1,1,1,88.000000,11,92.322369,88.881640,3.934452,3.085464
1,1,1,88.000000,12,423.552064,393.925629,4.572614,-2.022671
1,1,1,88.000000,13,215.093586,481.460423,4.887566,-1.054372
1,1,1,88.000000,14,151.152501,283.473319,-2.334712,4.421438
1,1,1,88.000000,15,278.186769,352.731673,-2.780065,-4.155868
1,1,1,88.000000,16,2.959096,199.782142,-2.434371,-4.367360
1,1,1,88.000000,17,241.749544,493.365430,3.180004,3.858442
1,1,1,88.000000,18,446.097053,379.589176,4.859726,-1.176037
1,1,1,88.000000,19,441.649049,8.694856,-0.941938,-4.910474
1,1,1,88.000000,20,248.968388,241.870142,-4.333378,2.494361
1,1,1,88.000000,21,384.167615,54.936962,-4.872519,-1.121853
1,1,1,88.000000,22,376.884302,139.275074,-4.653768,-1.828235
1,1,1,88.000000,23,416.507347,494.939299,-2.458571,4.353783
1,1,1,88.000000,24,420.504976,72.375205,-4.634194,1.877298
1,1,1,88.000000,25,0.280782,241.862185,3.240563,-3.807723
1,1,1,88.000000,26,380.370450,379.279474,-4.609480,-1.937187
1,1,1,88.000000,27,26.684752,253.384702,4.866204,1.148937
1,1,1,88.000000,28,397.007436,391.930464,0.318598,4.989839
1,1,1,88.000000,29,66.667575,238.714044,-3.148147,3.884478
1,1,1,88.000000,30,153.462018,448.744353,4.688287,-1.737804
1,1,1,88.000000,31,126.343761,29.422543,-4.328187,2.503357
1,1,1,88.000000,32,18.831389,67.810239,4.003241,-2.995674
1,1,1,88.000000,33,378.285761,379.453016,1.611566,-4.733165
1,1,1,88.000000,34,498.249704,198.716896,-1.668581,-4.713368
1,1,1,88.000000,35,297.735192,372.543968,-1.559725,4.750501
1,1,1,88.000000,36,302.502983,222.941882,-4.997990,-0.141754
1,1,1,88.000000,37,128.518932,261.358620,-4.957213,0.652716
1,1,1,88.000000,38,375.873608,135.364606,4.999238,0.087312
1,1,1,88.000000,39,311.590971,346.293051,-4.703335,1.696655
1,1,1,88.000000,40,287.510826,270.691867,4.877745,-1.098910
1,1,1,88.000000,41,277.078510,170.865658,-4.661614,1.808136
1,1,1,88.000000,42,265.512690,185.462762,-4.157290,2.777938
1,1,1,88.000000,43,470.394082,406.146964,4.856400,-1.189698
1,1,1,88.000000,44,436.932265,156.669939,0.172903,4.997010
1,1,1,88.000000,45,380.154239,157.887228,4.978102,-0.467440
1,1,1,88.000000,46,270.753521,192.470115,-0.467903,-4.978058
1,1,1,88.000000,47,110.624467,492.776606,4.999932,0.026012
1,1,1,88.000000,48,400.571577,398.988568,2.161270,4.508760
1,1,1,88.000000,49,257.114924,369.657093,-3.253128,3.796993
1,1,1,88.000000,50,495.917610,170.952460,0.033999,4.999884
1,1,1,88.000000,51,471.182744,76.769712,3.642014,-3.425746
1,1,1,88.000000,52,195.761527,228.556881,4.989705,-0.320685
1,1,1,88.000000,53,439.373945,7.930915,-4.356201,2.454285
1,1,1,88.000000,54,476.787551,361.244217,-2.853354,-4.105894
1,1,1,88.000000,55,119.164835,358.323315,-0.467803,-4.978068
1,1,1,88.000000,56,383.042907,41.983545,-4.826935,-1.304108
1,1,1,88.000000,57,205.850504,304.152668,-4.403860,2.367703
1,1,1,88.000000,58,182.207960,115.734106,3.345077,-3.716243
1,1,1,88.000000,59,7.968256,89.699492,2.723651,-4.193057
1,1,1,88.000000,60,324.938022,214.584461,4.530254,-2.115845
1,1,1,88.000000,61,264.195094,371.021531,-2.663779,4.231345
1,1,1,88.000000,62,345.334309,109.011573,4.994318,-0.238306
1,1,1,88.000000,63,475.403707,51.728098,4.997950,0.143165
1,1,1,88.000000,64,89.356726,14.469904,4.955517,0.665469
1,1,1,88.000000,65,347.716152,492.520345,4.155876,-2.780053
1,1,1,88.000000,66,333.839073,70.355201,-4.995741,-0.206323
1,1,1,88.000000,67,272.817253,163.962781,3.444217,-3.624551
1,1,1,88.000000,68,429.338326,321.685220,1.072948,4.883521
1,1,1,88.000000,69,90.217382,255.229058,1.642379,4.722562
1,1,1,88.000000,70,368.396412,424.323443,-0.451989,-4.979529
1,1,1,88.000000,71,292.339293,52.816844,0.214352,4.995403
1,1,1,88.000000,72,347.434947,321.128405,-0.830478,-4.930548
1,1,1,88.000000,73,395.818862,190.125274,2.718927,-4.196121
1,1,1,88.000000,74,327.454546,183.389864,-1.784765,-4.670612
1,1,1,88.000000,75,424.599224,30.130391,4.572133,2.023760
1,1,1,88.000000,76,490.765620,407.569295,-1.484583,-4.774517
1,1,1,88.000000,77,98.246641,347.789725,2.866071,-4.097028
1,1,1,88.000000,78,4.028593,13.549556,4.996547,-0.185799
1,1,1,88.000000,79,278.178048,418.069932,4.011787,-2.984220
1,1,1,88.000000,80,471.740317,250.558068,-3.007446,3.994405
1,1,1,88.000000,81,447.472556,207.748779,-3.652100,-3.414991
1,1,1,88.000000,82,316.788634,478.920221,0.588795,-4.965211
1,1,1,88.000000,83,199.500861,386.677551,-4.999476,-0.072409
1,1,1,88.000000,84,384.284526,320.758484,1.959579,-4.600005
1,1,1,88.000000,85,113.733684,0.085743,-4.018809,2.974757
1,1,1,88.000000,86,68.118124,369.575420,0.378526,4.985651
1,1,1,88.000000,87,434.406007,147.924810,-2.721922,-4.194180
1,1,1,88.000000,88,146.242043,296.928299,-3.136075,3.894231
1,1,1,88.000000,89,308.634860,393.562847,4.765023,-1.514780
1,1,1,88.000000,90,206.097830,58.139762,-4.797166,1.409681
1,1,1,88.000000,91,222.987891,186.075939,4.628818,1.890515
1,1,1,88.000000,92,202.493736,329.449878,-4.788054,-1.440325
1,1,1,88.000000,93,206.034959,215.669772,-1.906664,-4.622189
1,1,1,88.000000,94,51.347336,70.143003,-4.970950,0.538197
1,1,1,88.000000,95,166.195372,105.253611,2.718197,-4.196594
1,1,1,88.000000,96,103.637316,426.239159,4.909021,-0.949480
1,1,1,88.000000,97,6.622258,305.260436,-2.164818,-4.507057
1,1,1,88.000000,98,132.682856,367.223302,-4.063956,-2.912776
1,1,1,88.000000,99,490.422718,177.146701,-4.924209,-0.867276
1,1,1,88.000000,100,159.362788,14.157640,-4.726503,-1.631002
1,1,1,88.000000,101,407.915526,26.129475,4.999065,-0.096715
1,1,1,88.000000,102,156.342085,136.496520,-4.983620,0.404389
1,1,1,88.000000,103,395.459972,374.679668,-4.934946,0.803934
1,1,1,88.000000,104,210.329516,212.146022,-2.479253,4.342039
1,1,1,88.000000,105,60.505782,209.795442,4.208761,-2.699320
1,1,1,88.000000,106,280.861576,460.550806,-4.045275,2.938664
1,1,1,88.000000,107,292.819836,494.766106,0.023128,-4.999947
1,1,1,88.000000,108,229.976566,34.764188,4.942926,0.753315
1,1,1,88.000000,109,484.297631,101.532633,3.828927,3.215482
1,1,1,88.000000,110,188.303690,77.500585,2.690312,-4.214525
1,1,1,88.000000,111,133.513886,180.069380,-0.721497,4.947670
1,1,1,88.000000,112,220.103811,55.868273,3.312297,3.745489
1,1,1,88.000000,113,128.773254,333.977001,4.565003,2.039792
1,1,1,88.000000,114,441.251133,61.903263,-2.677251,-4.222834
1,1,1,88.000000,115,9.248215,487.979454,-4.674470,1.774635
1,1,1,88.000000,116,51.220642,232.182573,4.511078,2.156426
1,1,1,88.000000,117,101.423159,131.819688,1.437457,-4.788916
1,1,1,88.000000,118,17.640466,275.539389,-0.878718,-4.922180
1,1,1,88.000000,119,380.469182,278.441416,4.596406,-1.968008
1,1,1,88.000000,120,456.629543,405.017651,-3.098709,3.924028
1,1,1,88.000000,121,495.021836,383.349163,0.464483,4.978379
1,1,1,88.000000,122,233.089777,383.689283,-2.972903,4.020180
1,1,1,88.000000,123,352.056507,378.725694,-4.145668,2.795252
1,1,1,88.000000,124,492.748683,134.852121,-4.841010,1.250847
1,1,1,88.000000,125,359.643608,163.870403,-2.455538,4.355495
1,1,1,88.000000,126,65.626314,249.989501,-2.875047,4.090734
1,1,1,88.000000,127,354.237102,242.900251,3.392776,-3.672747
1,1,1,88.000000,128,431.807041,113.566143,4.982916,0.412976
1,1,1,88.000000,129,396.988015,344.085917,-2.317149,4.430668
1,1,1,88.000000,130,310.777098,378.104708,-3.510108,-3.560778
1,1,1,88.000000,131,45.669060,206.519909,-0.523672,4.972501
1,1,1,88.000000,132,335.051685,457.287016,4.912655,0.930494
1,1,1,88.000000,133,46.071089,212.125979,3.547780,-3.523245
1,1,1,88.000000,134,433.179610,289.306189,-4.467560,-2.245196
1,1,1,88.000000,135,433.460739,170.343617,2.244427,-4.467947
1,1,1,88.000000,136,152.973768,415.522070,0.953614,4.908220
1,1,1,88.000000,137,386.496086,461.183851,3.957665,3.055632
1,1,1,88.000000,138,23.271845,176.821242,4.847881,1.223947
1,1,1,88.000000,139,159.295250,38.014737,-4.497690,2.184212
1,1,1,88.000000,140,277.611808,359.607184,1.972859,-4.594326
1,1,1,88.000000,141,451.406972,369.336754,1.973674,4.593976
1,1,1,88.000000,142,420.460229,451.327226,0.767394,-4.940760
1,1,1,88.000000,143,369.420664,408.039784,4.892672,-1.030419
1,1,1,88.000000,144,405.236804,433.842252,4.746981,-1.570404
1,1,1,88.000000,145,42.798399,122.589803,4.943072,-0.752355
1,1,1,88.000000,146,123.336469,327.643382,1.968140,4.596349
1,1,1,88.000000,147,137.667193,306.127458,-2.455353,4.355599
1,1,1,88.000000,148,272.682794,193.526900,4.801242,-1.395733
1,1,1,88.000000,149,451.120384,484.580032,-4.821100,1.325518
1,1,1,89.000000,0,127.913616,98.970023,-4.836025,-1.269985
1,1,1,89.000000,1,54.357038,66.413199,3.741685,-3.316594
1,1,1,89.000000,2,227.870326,361.369565,4.347346,2.469937
1,1,1,89.000000,3,173.020206,366.316517,1.369013,-4.808930
1,1,1,89.000000,4,480.801955,492.674355,4.473691,-2.232956
1,1,1,89.000000,5,328.681368,285.607391,-4.662974,-1.804625
1,1,1,89.000000,6,37.999141,242.964124,3.770093,-3.284265
1,1,1,89.000000,7,35.506040,471.328901,4.085806,2.882047
1,1,1,89.000000,8,51.504974,340.276814,3.486516,-3.583882
1,1,1,89.000000,9,84.515691,396.258699,-2.530092,4.312613
1,1,1,89.000000,10,313.628397,404.617523,-0.775830,-4.939442
1,1,1,89.000000,11,96.256821,91.967104,-4.871874,-1.124651
1,1,1,89.000000,12,428.124678,391.902958,2.438216,-4.365215
1,1,1,89.000000,13,219.981152,480.406051,-4.941638,0.761716
1,1,1,89.000000,14,148.817789,287.894757,-4.501739,-2.175856
1,1,1,89.000000,15,275.406703,348.575805,-1.966714,4.596959
1,1,1,89.000000,16,1.584166,201.869910,4.543262,2.087767
1,1,1,89.000000,17,239.133733,497.626596,-2.615812,4.261165
1,1,1,89.000000,18,450.956779,378.413139,4.989506,-0.323778
1,1,1,89.000000,19,444.800677,12.576510,3.151628,3.881654
1,1,1,89.000000,20,244.635011,244.364503,3.619701,3.449314
1,1,1,89.000000,21,379.295096,53.815109,1.102616,4.876909
1,1,1,89.000000,22,372.230534,137.446839,0.600911,4.963759
1,1,1,89.000000,23,414.048776,499.293082,-4.036536,-2.950658
1,1,1,89.000000,24,415.870782,74.252503,3.107332,3.917204
1,1,1,89.000000,25,4.789183,244.024203,4.508401,2.162018
1,1,1,89.000000,26,375.760970,377.342287,3.951271,3.063895
1,1,1,89.000000,27,22.334948,250.919097,-4.349804,-2.465605
1,1,1,89.000000,28,397.326034,396.920303,-3.630617,3.437822
1,1,1,89.000000,29,63.519427,242.598522,-0.785277,-4.937949
1,1,1,89.000000,30,158.150305,447.006549,-0.717586,4.948239
1,1,1,89.000000,31,122.015574,31.925900,4.037504,-2.949332
1,1,1,89.000000,32,14.661024,70.568510,-4.170365,2.758271
1,1,1,89.000000,33,379.897327,374.719851,-4.865741,1.150897
1,1,1,89.000000,34,496.707775,193.960589,-1.541930,-4.756307
1,1,1,89.000000,35,296.175467,377.294468,3.911181,-3.114910
1,1,1,89.000000,36,297.504993,222.800128,4.998804,-0.109366
1,1,1,89.000000,37,123.561719,262.011336,-4.250719,-2.632753
1,1,1,89.000000,38,380.872846,135.451918,-0.287153,4.991748
1,1,1,89.000000,39,306.887635,347.989706,2.331712,-4.423021
1,1,1,89.000000,40,292.388571,269.592957,-4.587871,1.987824
1,1,1,89.000000,41,272.416896,172.673795,-3.108263,3.916466
1,1,1,89.000000,42,261.355400,188.240700,3.090039,-3.930860
1,1,1,89.000000,43,465.516612,407.247094,-4.877470,1.100130
1,1,1,89.000000,44,437.105168,161.666948,-4.972643,0.522324
1,1,1,89.000000,45,385.132341,157.419788,-4.329196,2.501611
1,1,1,89.000000,46,270.285617,187.492056,-4.828648,-1.297752
1,1,1,89.000000,47,115.624399,492.802618,-4.433524,-2.311680
1,1,1,89.000000,48,402.732846,403.497328,4.763388,1.519912
1,1,1,89.000000,49,253.861796,373.454086,-4.973266,-0.516356
1,1,1,89.000000,50,490.967066,170.250949,-4.950544,-0.701511
1,1,1,89.000000,51,474.824758,73.343966,-4.861667,-1.167989
1,1,1,89.000000,52,200.751232,228.236196,2.025218,-4.571487
1,1,1,89.000000,53,434.509014,9.085230,-4.864931,1.154316
1,1,1,89.000000,54,473.934197,357.138322,-4.929543,0.836422
1,1,1,89.000000,55,118.697032,353.345247,3.671434,-3.394197
1,1,1,89.000000,56,378.215972,40.679437,1.153815,-4.865050
1,1,1,89.000000,57,201.446644,306.520371,-4.778480,1.471777
1,1,1,89.000000,58,185.553037,112.017863,-4.157342,2.777860
1,1,1,89.000000,59,9.126675,84.835536,1.158419,-4.863956
1,1,1,89.000000,60,329.468276,212.468616,-1.177230,4.859437
1,1,1,89.000000,61,261.531315,375.252876,-4.977156,0.477406
1,1,1,89.000000,62,350.328627,108.773267,4.483993,2.212194
1,1,1,89.000000,63,470.630195,53.215912,-4.773511,1.487814
1,1,1,89.000000,64,92.795339,18.099772,3.438613,3.629867
1,1,1,89.000000,65,342.983739,494.134119,-4.732413,1.613774
1,1,1,89.000000,66,328.843331,70.148878,4.982315,0.420163
1,1,1,89.000000,67,276.261470,160.338229,2.719268,4.195901
1,1,1,89.000000,68,430.411275,326.568741,-4.998945,0.102694
1,1,1,89.000000,69,91.859761,259.951620,-1.618831,4.730686
1,1,1,89.000000,70,367.944423,419.343914,1.679768,-4.709393
1,1,1,89.000000,71,292.553645,57.812247,-4.227649,2.669641
1,1,1,89.000000,72,346.604469,316.197857,-3.854837,3.184373
1,1,1,89.000000,73,398.537789,185.929152,-2.024647,4.571740
1,1,1,89.000000,74,325.669781,178.719252,2.962877,-4.027575
1,1,1,89.000000,75,429.171357,32.154151,3.258089,-3.792738
1,1,1,89.000000,76,487.915248,411.677260,-2.850372,4.107965
1,1,1,89.000000,77,101.112712,343.692697,-4.851831,-1.208195
1,1,1,89.000000,78,0.798150,14.854377,4.826743,1.304821
1,1,1,89.000000,79,282.189835,415.085713,2.162247,-4.508291
1,1,1,89.000000,80,468.732871,254.552473,4.915802,0.913722
1,1,1,89.000000,81,443.820456,204.333787,0.869255,-4.923860
1,1,1,89.000000,82,315.454542,483.738955,-1.334092,4.818734
1,1,1,89.000000,83,194.501385,386.605142,2.077718,-4.547866
1,1,1,89.000000,84,386.244105,316.158479,-4.733996,-1.609126
1,1,1,89.000000,85,114.518102,4.852343,0.784418,4.938085
1,1,1,89.000000,86,68.496650,374.561072,-0.764000,4.941286
1,1,1,89.000000,87,435.322529,152.840091,0.916522,4.915281
1,1,1,89.000000,88,143.105968,300.822530,4.157234,2.778022
1,1,1,89.000000,89,313.399883,392.048068,-4.323829,2.510878
1,1,1,89.000000,90,201.300664,59.549443,1.159291,4.863748
1,1,1,89.000000,91,227.616709,187.966454,4.243134,2.644959
1,1,1,89.000000,92,197.705682,328.009554,0.705635,-4.949957
1,1,1,89.000000,93,204.128295,211.047583,-2.576467,4.285069
1,1,1,89.000000,94,46.376386,70.681201,4.274555,2.593873
1,1,1,89.000000,95,168.913569,101.057017,-4.949603,-0.708116
1,1,1,89.000000,96,108.546337,425.289679,4.808771,-1.369571
1,1,1,89.000000,97,4.975195,309.981366,-1.647063,4.720930
1,1,1,89.000000,98,128.618900,364.310527,1.443829,4.786999
1,1,1,89.000000,99,485.498509,176.279425,1.653950,4.718522
1,1,1,89.000000,100,158.062182,18.985519,-1.300606,4.827880
1,1,1,89.000000,101,412.541923,24.233046,4.626398,-1.896429
1,1,1,89.000000,102,151.358465,136.900909,-1.429651,4.791252
1,1,1,89.000000,103,390.525026,375.483602,2.975865,4.017988
1,1,1,89.000000,104,207.850263,216.488061,0.924044,-4.913872
1,1,1,89.000000,105,64.714543,207.096122,4.863232,-1.161452
1,1,1,89.000000,106,276.816300,463.489470,-3.909733,-3.116727
1,1,1,89.000000,107,296.712512,491.628101,3.892676,-3.138005
1,1,1,89.000000,108,234.919492,35.517503,-4.101792,2.859248
1,1,1,89.000000,109,480.365172,104.620636,-3.932459,3.088003
1,1,1,89.000000,110,190.994002,73.286060,-3.781033,-3.271665
1,1,1,89.000000,111,132.792390,185.017051,-4.696794,1.714680
1,1,1,89.000000,112,215.508354,53.898050,-4.595457,-1.970223
1,1,1,89.000000,113,133.338256,336.016792,-3.234557,3.812826
1,1,1,89.000000,114,438.573881,57.680429,-4.581830,-2.001708
1,1,1,89.000000,115,6.555974,483.766161,-2.692241,-4.213293
1,1,1,89.000000,116,55.731720,234.338999,1.300511,-4.827905
1,1,1,89.000000,117,102.860617,127.030772,-4.967408,0.569963
1,1,1,89.000000,118,13.664581,278.571277,-3.975885,3.031887
1,1,1,89.000000,119,385.065588,276.473408,4.246544,2.639481
1,1,1,89.000000,120,453.530834,408.941679,0.275078,-4.992427
1,1,1,89.000000,121,490.141582,382.261447,-4.880253,-1.087716
1,1,1,89.000000,122,230.116874,387.709464,4.855497,-1.193377
1,1,1,89.000000,123,347.910839,381.520946,0.165507,-4.997260
1,1,1,89.000000,124,487.907672,136.102968,-2.617471,4.260146
1,1,1,89.000000,125,357.188071,168.225898,-3.580086,3.490413
1,1,1,89.000000,126,62.751267,254.080235,-4.844275,1.238144
1,1,1,89.000000,127,357.629878,239.227504,-3.397161,3.668692
1,1,1,89.000000,128,436.789957,113.979119,2.544006,-4.304420
1,1,1,89.000000,129,394.670866,348.516585,-4.436147,2.306643
1,1,1,89.000000,130,307.266990,374.543930,-0.510844,-4.973835
1,1,1,89.000000,131,45.145388,211.492410,-4.493602,-2.192610
1,1,1,89.000000,132,339.964340,458.217510,-2.157230,-4.510694
1,1,1,89.000000,133,49.618869,208.602734,-2.583193,-4.281018
1,1,1,89.000000,134,428.712049,287.060994,-3.210103,-3.833437
1,1,1,89.000000,135,435.705166,165.875671,4.069783,-2.904629
1,1,1,89.000000,136,153.927382,420.430290,-3.888410,-3.143289
1,1,1,89.000000,137,390.453751,464.239483,-0.905363,4.917349
1,1,1,89.000000,138,21.890555,172.015825,-1.381290,-4.805418
1,1,1,89.000000,139,154.797559,40.198949,4.432193,2.314231
1,1,1,89.000000,140,279.584667,355.012859,2.400256,-4.386202
1,1,1,89.000000,141,453.380646,373.930730,2.058679,4.556516
1,1,1,89.000000,142,421.227622,446.386466,0.687428,4.952519
1,1,1,89.000000,143,374.313336,407.009365,-4.443575,-2.292300
1,1,1,89.000000,144,409.983786,432.271848,-4.917096,-0.906734
1,1,1,89.000000,145,47.741471,121.837448,-3.837530,-3.205208
1,1,1,89.000000,146,125.304610,332.239731,-3.205530,-3.837261
1,1,1,89.000000,147,135.211839,310.483057,-2.196904,4.491505
1,1,1,89.000000,148,277.484036,192.131167,-1.388143,-4.803442
1,1,1,89.000000,149,453.900564,480.424241,2.780180,-4.155791
1,1,1,90.000000,0,123.077591,97.700038,-0.789745,4.937236
1,1,1,90.000000,1,58.098723,63.096605,4.923003,-0.874096
1,1,1,90.000000,2,232.217671,363.839502,3.972961,3.035718
1,1,1,90.000000,3,174.389219,361.507588,-4.183457,2.738373
1,1,1,90.000000,4,485.275645,490.441399,-4.497991,-2.183593
1,1,1,90.000000,5,324.018394,283.802766,2.832359,4.120405
1,1,1,90.000000,6,41.769234,239.679859,-4.996294,-0.192472
1,1,1,90.000000,7,37.363810,466.686844,1.857770,-4.642057
1,1,1,90.000000,8,54.991490,336.692932,-4.936819,-0.792353
1,1,1,90.000000,9,81.985598,400.571312,-1.329868,-4.819902
1,1,1,90.000000,10,312.852567,399.678080,3.731108,3.328488
1,1,1,90.000000,11,91.384947,90.842452,-4.288695,-2.570427
1,1,1,90.000000,12,430.562895,387.537743,-1.343027,4.816252
1,1,1,90.000000,13,215.039513,481.167767,-2.784838,4.152671
1,1,1,90.000000,14,144.316050,285.718901,-3.659536,3.407022
1,1,1,90.000000,15,273.439989,353.172765,4.921747,-0.881138
1,1,1,90.000000,16,6.499287,200.952534,4.915122,-0.917375
1,1,1,90.000000,17,238.561214,492.659481,-0.572519,-4.967114
1,1,1,90.000000,18,455.946285,378.089361,-3.522745,-3.548277
1,1,1,90.000000,19,448.927599,9.753653,4.126921,-2.822857
1,1,1,90.000000,20,248.254712,247.813817,-1.311133,-4.825032
1,1,1,90.000000,21,380.397712,58.692018,1.688167,-4.706388
1,1,1,90.000000,22,372.831444,142.410598,1.023108,4.894206
1,1,1,90.000000,23,410.012240,496.342424,4.998576,-0.119343
1,1,1,90.000000,24,418.978114,78.169707,-1.807496,4.661862
1,1,1,90.000000,25,3.618656,248.885259,-1.170527,4.861056
1,1,1,90.000000,26,379.712241,380.406182,-4.980428,0.441974
1,1,1,90.000000,27,26.058680,247.582359,3.723732,-3.336738
1,1,1,90.000000,28,393.695417,400.358125,-2.789024,-4.149861
1,1,1,90.000000,29,62.734150,237.660573,-4.997736,-0.150448
1,1,1,90.000000,30,157.432719,451.954788,-4.616462,-1.920490
1,1,1,90.000000,31,126.053078,28.976568,4.731035,-1.617811
1,1,1,90.000000,32,16.555879,65.941467,1.894855,-4.627043
1,1,1,90.000000,33,375.031586,375.870748,3.155539,-3.878476
1,1,1,90.000000,34,491.712184,194.170526,-4.995591,0.209936
1,1,1,90.000000,35,300.086648,374.179558,-3.198831,-3.842848
1,1,1,90.000000,36,302.503797,222.690762,4.334360,2.492655
1,1,1,90.000000,37,119.310999,259.378584,3.130438,3.898764
1,1,1,90.000000,38,380.585693,140.443665,3.508423,-3.562438
1,1,1,90.000000,39,309.219347,343.566685,4.984975,0.387332
1,1,1,90.000000,40,287.800701,271.580781,-2.469064,4.347841
1,1,1,90.000000,41,269.308633,176.590260,-0.057682,4.999667
1,1,1,90.000000,42,264.445439,184.309840,0.450172,4.979693
1,1,1,90.000000,43,469.205921,403.872335,3.689309,-3.374759
1,1,1,90.000000,44,432.132525,162.189272,-0.991621,-4.900682
1,1,1,90.000000,45,380.803144,159.921399,-3.541085,-3.529974
1,1,1,90.000000,46,265.456970,186.194305,2.142909,-4.517515
1,1,1,90.000000,47,111.190875,490.490939,-4.828833,-1.297062
1,1,1,90.000000,48,407.496235,405.017240,-3.581232,-3.489238
1,1,1,90.000000,49,248.888529,372.937730,-4.832792,-1.282234
1,1,1,90.000000,50,494.428808,173.858766,3.461742,3.607817
1,1,1,90.000000,51,469.963091,72.175977,-5.000000,-0.000421
1,1,1,90.000000,52,202.776451,223.664709,-4.999934,-0.025741
1,1,1,90.000000,53,439.499885,9.387239,4.990871,0.302008
1,1,1,90.000000,54,469.004653,357.974744,4.737274,1.599449
1,1,1,90.000000,55,122.368466,349.951050,-4.808184,1.371628
1,1,1,90.000000,56,379.369787,35.814387,4.686633,1.742259
1,1,1,90.000000,57,196.668164,307.992148,-4.662835,1.804985
1,1,1,90.000000,58,181.395694,114.795723,2.390190,4.391696
1,1,1,90.000000,59,7.935069,89.691468,-1.191606,4.855932
1,1,1,90.000000,60,328.291046,217.328053,-3.836176,3.206829
1,1,1,90.000000,61,256.554158,375.730282,4.896110,1.013957
1,1,1,90.000000,62,354.812620,110.985462,4.408026,-2.359938
1,1,1,90.000000,63,468.530816,48.678004,-2.099380,-4.537907
1,1,1,90.000000,64,96.052128,14.305918,3.256789,-3.793854
1,1,1,90.000000,65,347.216495,496.795655,4.232756,2.661536
1,1,1,90.000000,66,333.825646,70.569041,4.878829,-1.094086
1,1,1,90.000000,67,278.980738,164.534130,-4.906293,0.963479
1,1,1,90.000000,68,425.412329,326.671436,-2.351446,-4.412562
1,1,1,90.000000,69,90.240930,264.682306,4.853052,1.203283
1,1,1,90.000000,70,369.624191,414.634521,4.747547,1.568694
1,1,1,90.000000,71,288.325996,60.481888,0.492014,4.975733
1,1,1,90.000000,72,342.749631,319.382230,-4.985749,0.377242
1,1,1,90.000000,73,396.513141,190.500892,-0.289649,-4.991603
1,1,1,90.000000,74,328.632658,174.691677,-0.723353,4.947399
1,1,1,90.000000,75,432.429446,28.361413,-3.269184,3.783178
1,1,1,90.000000,76,483.704714,414.373815,-4.210534,2.696555
1,1,1,90.000000,77,96.260881,342.484502,1.332834,4.819082
1,1,1,90.000000,78,4.759388,17.905376,3.961238,3.050999
1,1,1,90.000000,79,284.352082,410.577422,0.067823,4.999540
1,1,1,90.000000,80,473.648673,255.466195,4.850227,-1.214618
1,1,1,90.000000,81,444.689711,199.409928,-3.034376,3.973986
1,1,1,90.000000,82,310.590813,482.579586,-4.863729,-1.159369
1,1,1,90.000000,83,196.579104,382.057275,-1.326703,4.820774
1,1,1,90.000000,84,381.510110,314.549353,4.968828,0.557446
1,1,1,90.000000,85,114.095131,0.129735,-0.422971,4.982077
1,1,1,90.000000,86,67.732650,379.502357,-4.941212,0.764476
1,1,1,90.000000,87,432.821669,157.169722,-2.500860,4.329630
1,1,1,90.000000,88,147.263202,303.600552,-4.812205,-1.357453
1,1,1,90.000000,89,309.076055,394.558945,4.516873,-2.144262
1,1,1,90.000000,90,202.459955,64.413191,-4.280538,2.583987
1,1,1,90.000000,91,231.859843,190.611413,-4.978530,-0.462860
1,1,1,90.000000,92,198.411317,323.059596,-3.685688,-3.378714
1,1,1,90.000000,93,201.551828,215.332652,1.534287,-4.758777
1,1,1,90.000000,94,50.650941,73.275074,-4.786818,-1.444427
1,1,1,90.000000,95,163.963966,100.348901,4.379565,-2.412345
1,1,1,90.000000,96,113.355107,423.920108,-3.457524,-3.611859
1,1,1,90.000000,97,0.259561,308.319199,-4.715634,-1.662167
1,1,1,90.000000,98,130.062729,369.097525,3.144818,3.887173
1,1,1,90.000000,99,487.152459,180.997947,-0.039449,4.999844
1,1,1,90.000000,100,153.069567,18.713860,-4.992615,-0.271659
1,1,1,90.000000,101,412.291555,29.226773,-0.250369,4.993728
1,1,1,90.000000,102,149.928814,141.692161,3.834364,-3.208996
1,1,1,90.000000,103,393.500891,379.501591,-1.072078,4.883713
1,1,1,90.000000,104,208.774307,211.574189,1.209468,-4.851514
1,1,1,90.000000,105,69.577776,205.934670,-0.228785,-4.994763
1,1,1,90.000000,106,272.906567,460.372744,0.917525,-4.915094
1,1,1,90.000000,107,297.777579,486.742855,1.065067,-4.885246
1,1,1,90.000000,108,230.817700,38.376751,4.142148,2.800466
1,1,1,90.000000,109,482.153442,109.289906,1.788271,4.669271
1,1,1,90.000000,110,187.212969,70.014395,-0.069390,-4.999518
1,1,1,90.000000,111,128.095596,186.731731,-4.857644,1.184609
1,1,1,90.000000,112,213.884353,49.169137,-1.624002,-4.728913
1,1,1,90.000000,113,130.103699,339.829618,-1.449688,4.785228
1,1,1,90.000000,114,433.992051,55.678721,-4.991339,-0.294174
1,1,1,90.000000,115,11.425309,484.901759,4.869334,1.135599
1,1,1,90.000000,116,57.032232,229.511093,-0.365982,4.986588
1,1,1,90.000000,117,97.893209,127.600735,4.600123,1.959304
1,1,1,90.000000,118,17.667988,281.566729,4.003407,2.995452
1,1,1,90.000000,119,389.312132,279.112889,-1.410589,4.796899
1,1,1,90.000000,120,453.805912,403.949252,-4.591687,-1.978992
1,1,1,90.000000,121,493.611443,378.661437,3.469860,-3.600010
1,1,1,90.000000,122,234.972371,386.516087,-4.081073,-2.888744
1,1,1,90.000000,123,348.076345,376.523686,4.434068,2.310637
1,1,1,90.000000,124,485.290201,140.363114,4.299951,-2.551553
1,1,1,90.000000,125,353.607984,171.716311,0.471623,-4.977707
1,1,1,90.000000,126,57.906992,255.318379,4.974466,-0.504666
1,1,1,90.000000,127,354.232717,242.896196,3.964011,3.047395
1,1,1,90.000000,128,439.333963,109.674699,4.576387,-2.014120
1,1,1,90.000000,129,390.234719,350.823228,-0.095388,-4.999090
1,1,1,90.000000,130,306.756146,369.570095,-4.945086,0.739001
1,1,1,90.000000,131,40.651786,209.299800,1.706245,-4.699865
1,1,1,90.000000,132,337.807110,453.706816,4.976678,0.482367
1,1,1,90.000000,133,47.035675,204.321716,-4.739995,-1.591368
1,1,1,90.000000,134,425.501946,283.227557,-3.353965,3.708224
1,1,1,90.000000,135,439.774948,162.971042,4.909577,0.946600
1,1,1,90.000000,136,150.038972,417.287001,3.683877,-3.380688
1,1,1,90.000000,137,389.548388,469.156832,0.287101,4.991750
1,1,1,90.000000,138,26.669796,170.546519,4.779241,-1.469306
1,1,1,90.000000,139,159.229753,42.513180,0.629797,-4.960177
1,1,1,90.000000,140,281.984923,350.626656,-2.497019,-4.331847
1,1,1,90.000000,141,455.439325,378.487246,-4.993822,-0.248485
1,1,1,90.000000,142,421.915051,451.338985,4.883311,1.073904
1,1,1,90.000000,143,369.869761,404.717064,1.749495,-4.683937
1,1,1,90.000000,144,405.066690,431.365114,2.722624,-4.193724
1,1,1,90.000000,145,43.903941,118.632239,0.386960,4.985004
1,1,1,90.000000,146,122.099079,328.402470,-4.091264,2.874293
1,1,1,90.000000,147,133.014936,314.974562,0.800102,-4.935569
1,1,1,90.000000,148,276.095893,187.327724,4.742326,1.584408
1,1,1,90.000000,149,458.270587,477.994654,4.370023,-2.429588
1,1,1,91.000000,0,122.287846,102.637275,-4.550947,-2.070962
1,1,1,91.000000,1,63.021725,62.222509,4.219380,-2.682691
1,1,1,91.000000,2,236.190632,366.875220,-3.933662,-3.086472
1,1,1,91.000000,3,170.205761,364.245961,-0.922717,-4.914122
1,1,1,91.000000,4,480.777655,488.257805,2.608246,4.265801
1,1,1,91.000000,5,326.850753,287.923171,-3.855130,3.184019
1,1,1,91.000000,6,36.772940,239.487387,3.491526,3.579000
1,1,1,91.000000,7,40.607190,462.881520,3.243380,-3.805323
1,1,1,91.000000,8,50.054671,335.900580,1.670239,-4.712781
1,1,1,91.000000,9,80.655730,395.751410,2.293922,-4.442738
1,1,1,91.000000,10,316.583675,403.006569,4.480699,2.218859
1,1,1,91.000000,11,87.096252,88.272026,-4.866198,-1.148962
1,1,1,91.000000,12,429.219868,392.353995,-3.555789,3.515162
1,1,1,91.000000,13,212.254676,485.320438,-1.478796,-4.776313
1,1,1,91.000000,14,140.656514,289.125923,2.994137,-4.004390
1,1,1,91.000000,15,278.361736,352.291627,4.627723,-1.893192
1,1,1,91.000000,16,2.146681,203.413189,-4.352606,2.460655
1,1,1,91.000000,17,234.449695,489.814237,-4.111519,-2.845244
1,1,1,91.000000,18,452.423540,374.541084,-4.627184,-1.894509
1,1,1,91.000000,19,444.527707,12.128723,-4.399892,2.375069
1,1,1,91.000000,20,246.943578,242.988785,-4.519570,-2.138572
1,1,1,91.000000,21,382.085879,53.985629,3.453762,3.615457
1,1,1,91.000000,22,373.854552,147.304804,4.876438,-1.104694
1,1,1,91.000000,23,415.010815,496.223081,-2.231165,-4.474584
1,1,1,91.000000,24,417.170618,82.831569,-1.129048,-4.870857
1,1,1,91.000000,25,0.546051,252.829762,-3.072605,3.944502
1,1,1,91.000000,26,374.731814,380.848156,-3.849275,3.191094
1,1,1,91.000000,27,27.602094,242.826534,1.543414,-4.755825
1,1,1,91.000000,28,390.906393,396.208264,-1.088090,4.880170
1,1,1,91.000000,29,57.736414,237.510124,3.434895,-3.633387
1,1,1,91.000000,30,152.816257,450.034298,3.195384,3.845715
1,1,1,91.000000,31,130.784113,27.358757,-1.537461,4.757753
1,1,1,91.000000,32,21.533387,65.467737,4.977507,-0.473731
1,1,1,91.000000,33,378.187125,371.992272,-1.583701,-4.742562
1,1,1,91.000000,34,489.123802,189.892643,-2.588382,-4.277883
1,1,1,91.000000,35,296.887817,370.336710,4.872526,-1.121824
1,1,1,91.000000,36,306.838156,225.183416,-1.282434,-4.832739
1,1,1,91.000000,37,122.441437,263.277348,-4.915796,0.913756
1,1,1,91.000000,38,384.094116,136.881227,2.410629,4.380510
1,1,1,91.000000,39,314.204322,343.954017,0.369542,-4.986325
1,1,1,91.000000,40,285.331637,275.928622,1.440975,-4.787859
1,1,1,91.000000,41,269.250952,181.589927,4.928483,0.842649
1,1,1,91.000000,42,264.895612,189.289533,4.547707,-2.078067
1,1,1,91.000000,43,471.539164,399.450121,2.333243,-4.422214
1,1,1,91.000000,44,431.140903,157.288590,-3.944564,-3.072526
1,1,1,91.000000,45,377.262059,156.391426,-2.775875,-4.158668
1,1,1,91.000000,46,267.599879,181.676790,4.856717,1.188402
1,1,1,91.000000,47,106.362041,489.193877,-4.788161,1.439969
1,1,1,91.000000,48,403.915003,401.528002,3.710303,3.351664
1,1,1,91.000000,49,244.055738,371.655496,-4.154725,-2.781773
1,1,1,91.000000,50,495.756222,178.679344,1.327414,4.820578
1,1,1,91.000000,51,464.963091,72.175555,3.654099,-3.412853
1,1,1,91.000000,52,197.776517,223.638968,2.958128,-4.031064
1,1,1,91.000000,53,436.484952,13.375995,-3.014934,3.988756
1,1,1,91.000000,54,473.741927,359.574194,-3.345570,3.715799
1,1,1,91.000000,55,117.560282,351.322678,-0.344515,-4.988117
1,1,1,91.000000,56,384.056420,37.556646,4.890578,-1.040313
1,1,1,91.000000,57,192.005329,309.797133,-0.305382,4.990665
1,1,1,91.000000,58,183.785885,119.187419,2.192842,4.493489
1,1,1,91.000000,59,8.799782,84.766809,0.864713,-4.924659
1,1,1,91.000000,60,324.454870,220.534883,-1.093311,-4.879003
1,1,1,91.000000,61,261.450268,376.744238,2.221903,-4.479191
1,1,1,91.000000,62,359.220646,108.625524,4.959115,-0.638106
1,1,1,91.000000,63,463.548424,49.097263,-4.982391,0.419259
1,1,1,91.000000,64,100.194702,11.506082,4.142574,-2.799836
1,1,1,91.000000,65,352.214423,496.939596,4.997928,0.143941
1,1,1,91.000000,66,338.704476,69.474955,4.618524,1.915525
1,1,1,91.000000,67,274.074445,165.497609,-2.544683,-4.304020
1,1,1,91.000000,68,423.060883,322.258874,3.234454,-3.812913
1,1,1,91.000000,69,95.093982,265.885589,4.249059,2.635431
1,1,1,91.000000,70,374.371737,416.203215,-4.957733,0.648752
1,1,1,91.000000,71,288.818010,65.457622,-2.186333,-4.496660
1,1,1,91.000000,72,337.763883,319.759472,4.284047,-2.578166
1,1,1,91.000000,73,396.223492,185.509289,4.757408,1.538528
1,1,1,91.000000,74,327.909305,179.639077,4.998354,-0.128269
1,1,1,91.000000,75,429.160262,32.144592,-3.471030,-3.598882
1,1,1,91.000000,76,486.957372,418.171211,3.252658,3.797396
1,1,1,91.000000,77,97.593714,347.303584,-3.847139,3.193669
1,1,1,91.000000,78,5.059541,22.896358,0.300153,4.990983
1,1,1,91.000000,79,284.419906,415.576962,-0.817875,4.932655
1,1,1,91.000000,80,478.498900,254.251576,3.638267,-3.429725
1,1,1,91.000000,81,441.655335,203.383914,-2.110580,4.532709
1,1,1,91.000000,82,305.664439,483.434479,-4.926374,0.854892
1,1,1,91.000000,83,195.252401,386.878049,-4.995247,-0.217951
1,1,1,91.000000,84,386.478938,315.106798,4.956982,0.654465
1,1,1,91.000000,85,114.635154,4.841017,0.540022,4.970752
1,1,1,91.000000,86,62.791438,380.266834,-4.999578,0.064935
1,1,1,91.000000,87,428.083379,155.573285,-4.738290,-1.596437
1,1,1,91.000000,88,142.450997,302.243099,-2.869162,-4.094864
1,1,1,91.000000,89,313.592927,392.414683,-4.231860,-2.662962
1,1,1,91.000000,90,198.179416,66.997179,2.853744,-4.105624
1,1,1,91.000000,91,226.881313,190.148554,4.826381,-1.306158
1,1,1,91.000000,92,194.725629,319.680883,-4.979278,-0.454743
1,1,1,91.000000,93,203.086115,210.573874,0.222918,-4.995028
1,1,1,91.000000,94,45.864123,71.830647,4.907148,0.959116
1,1,1,91.000000,95,168.343532,97.936556,3.782708,3.269727
1,1,1,91.000000,96,109.897583,420.308249,4.177942,-2.746780
1,1,1,91.000000,97,1.289846,313.073075,1.549408,4.753876
1,1,1,91.000000,98,133.207547,372.984699,0.587443,-4.965371
1,1,1,91.000000,99,487.113010,185.997792,4.816877,-1.340782
1,1,1,91.000000,100,148.127444,17.955293,-4.942123,-0.758567
1,1,1,91.000000,101,414.329636,33.792540,2.038082,4.565767
1,1,1,91.000000,102,153.763177,138.483165,-4.006292,2.991592
1,1,1,91.000000,103,392.428813,384.385303,-4.236726,-2.655213
1,1,1,91.000000,104,209.983775,206.722675,4.378130,2.414949
1,1,1,91.000000,105,69.348991,200.939907,0.917638,-4.915073
1,1,1,91.000000,106,273.824092,455.457650,-3.570751,3.499963
1,1,1,91.000000,107,302.423938,484.895871,4.646359,-1.846984
1,1,1,91.000000,108,234.959848,41.177217,-2.212989,4.483601
1,1,1,91.000000,109,485.123827,105.267866,2.970385,-4.022041
1,1,1,91.000000,110,187.143579,65.014877,2.722655,4.193703
1,1,1,91.000000,111,123.237952,187.916340,-3.022923,-3.982705
1,1,1,91.000000,112,212.063918,53.825962,-1.820435,4.656825
1,1,1,91.000000,113,128.654011,344.614846,3.601617,3.468192
1,1,1,91.000000,114,429.000713,55.384546,3.927754,-3.093986
1,1,1,91.000000,115,13.083495,480.184725,1.658186,-4.717035
1,1,1,91.000000,116,56.666249,234.497681,3.607211,-3.462373
1,1,1,91.000000,117,102.493331,129.560039,4.844415,-1.237596
1,1,1,91.000000,118,13.071154,279.599721,-4.596834,-1.967007
1,1,1,91.000000,119,387.901544,283.909788,-3.726202,-3.333979
1,1,1,91.000000,120,449.214225,401.970260,-4.208564,-2.699627
1,1,1,91.000000,121,492.393199,373.812119,-1.218244,-4.849318
1,1,1,91.000000,122,230.891299,383.627342,-2.162975,-4.507942
1,1,1,91.000000,123,352.510413,378.834323,3.995241,-3.006335
1,1,1,91.000000,124,489.590151,137.811560,-4.837970,-1.262554
1,1,1,91.000000,125,354.079608,166.738603,3.710278,3.351691
1,1,1,91.000000,126,62.881458,254.813714,-4.304439,2.543974
1,1,1,91.000000,127,358.196728,245.943591,4.745973,-1.573448
1,1,1,91.000000,128,443.910351,107.660579,1.419440,4.794287
1,1,1,91.000000,129,390.139331,345.824138,4.997342,-0.163007
1,1,1,91.000000,130,301.811060,370.309095,4.088551,2.878151
1,1,1,91.000000,131,42.358030,204.599935,1.925699,4.614291
1,1,1,91.000000,132,342.783788,454.189183,-3.602695,3.467073
1,1,1,91.000000,133,42.295681,202.730348,2.596236,-4.273120
1,1,1,91.000000,134,422.147981,286.935780,-3.148079,3.884534
1,1,1,91.000000,135,444.684526,163.917642,1.751044,4.683358
1,1,1,91.000000,136,153.722849,413.906313,2.757802,4.170675
1,1,1,91.000000,137,389.835489,474.148582,-4.561014,2.048695
1,1,1,91.000000,138,25.109594,175.296863,-1.560202,4.750344
1,1,1,91.000000,139,159.859549,37.553003,-0.184396,4.996599
1,1,1,91.000000,140,279.487903,346.294810,4.984490,0.393517
1,1,1,91.000000,141,450.445503,378.238761,3.996908,-3.004119
1,1,1,91.000000,142,426.798362,452.412889,-3.288548,-3.766358
1,1,1,91.000000,143,371.619256,400.033127,2.254056,-4.463096
1,1,1,91.000000,144,407.789313,427.171391,-4.589436,-1.984208
1,1,1,91.000000,145,44.290901,123.617243,2.357924,-4.409104
1,1,1,91.000000,146,118.007815,331.276763,-4.389059,2.395029
1,1,1,91.000000,147,133.815037,310.038993,3.465904,-3.603819
1,1,1,91.000000,148,280.838218,188.912132,-4.937344,0.789069
1,1,1,91.000000,149,453.965182,475.452315,-4.305405,-2.542339
1,1,1,92.000000,0,117.736899,100.566313,-2.227923,-4.476199
1,1,1,92.000000,1,67.241106,59.539818,-2.934540,4.048268
1,1,1,92.000000,2,232.256970,363.788748,2.828293,-4.123198
1,1,1,92.000000,3,169.283044,359.331839,3.363278,3.699778
1,1,1,92.000000,4,483.385900,492.523606,-1.053639,4.887724
1,1,1,92.000000,5,322.995624,291.107190,0.151307,4.997710
1,1,1,92.000000,6,40.264466,243.066388,-1.674728,4.711187
1,1,1,92.000000,7,44.231431,466.326063,3.624241,3.444543
1,1,1,92.000000,8,51.724910,331.187799,0.175325,-4.996925
1,1,1,92.000000,9,82.949652,391.308672,4.692983,-1.725083
1,1,1,92.000000,10,321.064374,405.225428,-4.607877,-1.940996
1,1,1,92.000000,11,82.230053,87.123064,-1.232940,-4.845602
1,1,1,92.000000,12,425.664079,395.869157,0.624141,4.960892
1,1,1,92.000000,13,210.775880,480.544126,-4.559801,2.051393
1,1,1,92.000000,14,143.650651,285.121533,-3.157778,-3.876653
1,1,1,92.000000,15,282.989459,350.398435,3.395156,3.670547
1,1,1,92.000000,16,1.017410,208.283995,-1.129271,4.870805
1,1,1,92.000000,17,239.194397,491.391516,4.744701,1.577279
1,1,1,92.000000,18,447.796355,372.646575,-1.134983,-4.869478
1,1,1,92.000000,19,449.527587,12.163366,4.999880,0.034643
1,1,1,92.000000,20,242.424009,240.850213,3.010788,3.991887
1,1,1,92.000000,21,385.539641,57.601086,1.189955,4.856337
1,1,1,92.000000,22,378.730991,146.200110,-3.892340,-3.138421
1,1,1,92.000000,23,412.779651,491.748497,-4.951435,-0.695194
1,1,1,92.000000,24,416.041571,77.960712,2.337325,4.420058
1,1,1,92.000000,25,2.544490,248.899297,3.090541,-3.930465
1,1,1,92.000000,26,370.882538,384.039250,4.981595,-0.428613
1,1,1,92.000000,27,23.532630,239.921459,-4.069464,-2.905075
1,1,1,92.000000,28,389.818302,401.088434,-4.603082,1.952341
1,1,1,92.000000,29,61.171309,233.876738,-4.915401,0.915877
1,1,1,92.000000,30,156.011641,453.880013,3.432012,3.636109
1,1,1,92.000000,31,129.246651,32.116510,-0.404158,4.983639
1,1,1,92.000000,32,24.793736,69.258531,3.260350,3.790794
1,1,1,92.000000,33,376.603424,367.249710,-3.440967,3.627636
1,1,1,92.000000,34,484.797385,187.386228,-4.326417,-2.506415
1,1,1,92.000000,35,301.760343,369.214886,-3.188150,-3.851714
1,1,1,92.000000,36,305.555722,220.350678,-2.260928,4.459619
1,1,1,92.000000,37,117.525641,264.191103,-4.999823,-0.042032
1,1,1,92.000000,38,386.504745,141.261737,-1.881568,-4.632462
1,1,1,92.000000,39,314.573864,338.967691,-4.204914,2.705310
1,1,1,92.000000,40,286.772612,271.140763,-4.699204,-1.708063
1,1,1,92.000000,41,274.179434,182.432577,2.667340,4.229101
1,1,1,92.000000,42,269.443319,187.211466,-2.785987,-4.151900
1,1,1,92.000000,43,474.922726,403.131358,3.383563,3.681237
1,1,1,92.000000,44,427.196340,154.216064,-4.424502,2.328901
1,1,1,92.000000,45,374.486184,152.232758,1.860011,4.641159
1,1,1,92.000000,46,272.456596,182.865192,4.886353,-1.059981
1,1,1,92.000000,47,101.573880,490.633845,-1.158660,-4.863898
1,1,1,92.000000,48,407.625307,404.879665,3.965097,3.045982
1,1,1,92.000000,49,239.901013,368.873723,2.060458,4.555712
1,1,1,92.000000,50,499.434912,182.065676,3.678690,3.386332
1,1,1,92.000000,51,468.617190,68.762703,0.194613,4.996211
1,1,1,92.000000,52,200.734644,219.607903,4.089213,-2.877210
1,1,1,92.000000,53,438.039668,8.623852,1.554716,-4.752142
1,1,1,92.000000,54,470.396357,363.289993,3.396476,3.669325
1,1,1,92.000000,55,117.215767,346.334561,2.536112,4.309076
1,1,1,92.000000,56,388.946998,36.516333,1.686792,-4.706881
1,1,1,92.000000,57,191.699947,314.787798,-3.445254,-3.623565
1,1,1,92.000000,58,185.978727,123.680908,-3.453233,3.615962
1,1,1,92.000000,59,7.230208,80.019553,-1.569574,-4.747256
1,1,1,92.000000,60,323.361559,215.655880,-2.629883,-4.252495
1,1,1,92.000000,61,263.672171,372.265048,-4.267052,-2.606198
1,1,1,92.000000,62,364.179761,107.987418,-2.406891,-4.382565
1,1,1,92.000000,63,467.427685,52.251837,3.879260,3.154574
1,1,1,92.000000,64,95.306143,10.456324,-4.888559,-1.049758
1,1,1,92.000000,65,347.397760,498.281145,-4.816663,1.341549
1,1,1,92.000000,66,343.322999,71.390480,1.436027,4.789345
1,1,1,92.000000,67,271.529761,161.193589,-1.371700,4.808164
1,1,1,92.000000,68,426.295337,318.445961,-4.885422,-1.064262
1,1,1,92.000000,69,99.343041,268.521020,2.242082,4.469124
1,1,1,92.000000,70,369.414004,416.851968,2.312616,-4.433036
1,1,1,92.000000,71,286.631677,60.960962,-4.855077,-1.195085
1,1,1,92.000000,72,342.047930,317.181306,-1.921120,4.616199
1,1,1,92.000000,73,400.980900,187.047817,-3.121993,3.905530
1,1,1,92.000000,74,332.907660,179.510808,-2.026060,4.571114
1,1,1,92.000000,75,425.689232,28.545709,0.947969,-4.909313
1,1,1,92.000000,76,487.785053,423.102230,0.827680,4.931019
1,1,1,92.000000,77,93.746575,350.497254,1.568945,4.747464
1,1,1,92.000000,78,6.229725,18.035220,1.170184,-4.861139
1,1,1,92.000000,79,283.602031,420.509616,-2.269891,-4.455064
1,1,1,92.000000,80,482.137167,250.821852,-0.863302,4.924907
1,1,1,92.000000,81,439.544755,207.916623,4.979209,0.455497
1,1,1,92.000000,82,310.662326,483.579825,4.997887,0.145347
1,1,1,92.000000,83,190.257154,386.660098,-3.560475,3.510416
1,1,1,92.000000,84,391.435920,315.761263,4.896448,-1.012324
1,1,1,92.000000,85,111.558672,8.782496,-3.076482,3.941479
1,1,1,92.000000,86,57.791859,380.331769,-2.814259,-4.132789
1,1,1,92.000000,87,425.446332,151.325228,-2.637047,-4.248057
1,1,1,92.000000,88,139.581835,298.148235,-4.706161,1.688800
1,1,1,92.000000,89,309.361068,389.751721,3.040116,3.969596
1,1,1,92.000000,90,201.033160,62.891555,-4.915076,-0.917620
1,1,1,92.000000,91,231.707694,188.842396,3.273277,-3.779637
1,1,1,92.000000,92,189.746351,319.226139,-1.446715,4.786127
1,1,1,92.000000,93,203.309033,205.578846,0.396433,-4.984259
1,1,1,92.000000,94,50.771270,72.789763,1.368229,-4.809153
1,1,1,92.000000,95,172.126240,101.206283,4.950933,-0.698760
1,1,1,92.000000,96,114.075526,417.561469,-0.966179,-4.905762
1,1,1,92.000000,97,6.237725,313.793139,4.947879,0.720064
1,1,1,92.000000,98,133.794991,368.019328,2.076576,-4.548388
1,1,1,92.000000,99,491.929887,184.657009,4.476076,2.228171
1,1,1,92.000000,100,146.076393,13.395338,-2.051051,-4.559955
1,1,1,92.000000,101,414.781804,38.772052,0.452168,4.979512
1,1,1,92.000000,102,149.756885,141.474757,4.633602,-1.878757
1,1,1,92.000000,103,388.192087,381.730090,0.199262,4.996028
1,1,1,92.000000,104,214.361905,209.137623,4.840866,-1.251405
1,1,1,92.000000,105,70.266628,196.024834,-2.520538,4.318205
1,1,1,92.000000,106,270.253341,458.957613,0.353517,-4.987487
1,1,1,92.000000,107,307.261888,486.158500,4.837951,1.262629
1,1,1,92.000000,108,232.746858,45.660818,-1.988799,4.587448
1,1,1,92.000000,109,490.009995,106.328701,4.886167,1.060835
1,1,1,92.000000,110,189.866234,69.208580,1.088665,-4.880042
1,1,1,92.000000,111,120.215029,183.933635,-4.332299,-2.496234
1,1,1,92.000000,112,216.894525,55.116404,4.830607,1.290441
1,1,1,92.000000,113,132.255628,348.083038,-4.992966,0.265130
1,1,1,92.000000,114,432.928466,52.290560,0.344595,4.988111
1,1,1,92.000000,115,11.406029,484.894938,-1.677466,4.710213
1,1,1,92.000000,116,60.273461,231.035308,3.411552,-3.655313
1,1,1,92.000000,117,107.337747,128.322443,-3.069903,-3.946605
1,1,1,92.000000,118,8.575413,281.787943,-4.495741,2.188222
1,1,1,92.000000,119,384.175342,280.575808,-0.417762,4.982517
1,1,1,92.000000,120,445.005660,399.270633,-2.792559,-4.147483
1,1,1,92.000000,121,497.294786,374.799255,4.901588,0.987136
1,1,1,92.000000,122,228.728324,379.119400,-1.469525,-4.779173
1,1,1,92.000000,123,356.505654,375.827988,-0.095299,-4.999092
1,1,1,92.000000,124,484.752181,136.549006,-1.502732,-4.768836
1,1,1,92.000000,125,357.789886,170.090295,4.020253,-2.972804
1,1,1,92.000000,126,58.577019,257.357688,0.970640,-4.904881
1,1,1,92.000000,127,362.942701,244.370142,3.321608,3.737234
1,1,1,92.000000,128,445.329791,112.454867,4.874811,-1.111853
1,1,1,92.000000,129,395.136674,345.661131,1.584395,-4.742330
1,1,1,92.000000,130,305.899611,373.187246,-4.843380,1.241640
1,1,1,92.000000,131,44.283729,209.214226,2.256868,4.461675
1,1,1,92.000000,132,339.181093,457.656255,-4.757791,-1.537345
1,1,1,92.000000,133,44.891917,198.457228,-3.028678,3.978330
1,1,1,92.000000,134,418.999903,290.820314,0.441398,-4.980479
1,1,1,92.000000,135,446.435570,168.601000,3.776499,3.276898
1,1,1,92.000000,136,156.480651,418.076988,-0.582631,4.965938
1,1,1,92.000000,137,385.274475,476.197277,-3.881086,-3.152328
1,1,1,92.000000,138,28.629304,171.745575,3.519709,-3.551288
1,1,1,92.000000,139,159.675153,42.549601,0.562445,4.968265
1,1,1,92.000000,140,284.472394,346.688327,-4.457344,-2.265411
1,1,1,92.000000,141,454.442410,375.234642,4.985102,-0.385691
1,1,1,92.000000,142,423.509815,448.646530,-3.592970,-3.477149
1,1,1,92.000000,143,373.873312,395.570030,1.216405,-4.849779
1,1,1,92.000000,144,403.199878,425.187183,4.804073,1.385959
1,1,1,92.000000,145,46.648825,119.208140,4.946770,0.727642
1,1,1,92.000000,146,113.618757,333.671792,-4.458180,-2.263764
1,1,1,92.000000,147,137.280941,306.435174,-3.846481,3.194461
1,1,1,92.000000,148,275.900874,189.701201,2.289591,-4.444971
1,1,1,92.000000,149,458.869493,474.478801,4.904312,-0.973513
1,1,1,93.000000,0,115.508976,96.090114,-4.008569,2.988540
1,1,1,93.000000,1,64.306566,63.588086,3.918987,3.105083
1,1,1,93.000000,2,235.085263,359.665551,4.947156,0.725013
1,1,1,93.000000,3,172.646323,363.031617,0.896212,4.919025
1,1,1,93.000000,4,482.332261,497.411330,2.641600,-4.245227
1,1,1,93.000000,5,323.146931,296.104900,1.186965,-4.857069
1,1,1,93.000000,6,38.589738,247.777575,1.905874,4.622515
1,1,1,93.000000,7,41.028811,470.165754,-3.202620,3.839691
1,1,1,93.000000,8,51.900236,326.190874,4.208210,2.700179
1,1,1,93.000000,9,87.642635,389.583589,-3.333219,3.726882
1,1,1,93.000000,10,316.456496,403.284432,-4.912646,-0.930545
1,1,1,93.000000,11,80.997113,82.277462,-4.998832,0.108089
1,1,1,93.000000,12,426.288220,400.830049,-4.567169,2.034936
1,1,1,93.000000,13,206.216079,482.595519,-2.465687,4.349757
1,1,1,93.000000,14,140.492873,281.244880,0.731914,4.946140
1,1,1,93.000000,15,286.384615,354.068982,-3.571668,3.499027
1,1,1,93.000000,16,1.585865,203.316414,0.568455,-4.967581
1,1,1,93.000000,17,235.434603,488.095465,-3.759793,-3.296051
1,1,1,93.000000,18,446.661372,367.777097,3.919460,3.104486
1,1,1,93.000000,19,452.934494,15.823009,3.406907,3.659643
1,1,1,93.000000,20,245.434796,244.842100,1.543496,-4.755799
1,1,1,93.000000,21,386.729596,62.457423,-1.284818,4.832105
1,1,1,93.000000,22,374.838650,143.061689,-4.934481,-0.806780
1,1,1,93.000000,23,407.828216,491.053303,2.848677,-4.109141
1,1,1,93.000000,24,418.378896,82.380770,-3.885773,3.146549
1,1,1,93.000000,25,6.271315,252.232580,3.726825,3.333283
1,1,1,93.000000,26,375.864134,383.610637,-2.096662,4.539164
1,1,1,93.000000,27,27.680985,242.712722,4.148355,2.791263
1,1,1,93.000000,28,385.215220,403.040775,-2.287452,-4.446073
1,1,1,93.000000,29,56.255908,234.792615,-3.538487,-3.532579
1,1,1,93.000000,30,159.443654,457.516122,-1.572980,4.746128
1,1,1,93.000000,31,128.842494,37.100149,-2.461817,-4.351949
1,1,1,93.000000,32,25.115259,74.248182,0.321522,4.989652
1,1,1,93.000000,33,373.162457,370.877346,4.153398,-2.783754
1,1,1,93.000000,34,486.641132,182.738583,1.843747,-4.647644
1,1,1,93.000000,35,298.572193,365.363172,4.083182,-2.885762
1,1,1,93.000000,36,303.294794,224.810297,0.570343,4.967364
1,1,1,93.000000,37,112.525818,264.149071,-4.449040,-2.281676
1,1,1,93.000000,38,384.623177,136.629275,-3.221262,3.824064
1,1,1,93.000000,39,310.368950,341.673001,0.561986,4.968317
1,1,1,93.000000,40,282.073408,269.432700,4.886085,-1.061211
1,1,1,93.000000,41,276.846774,186.661678,3.909501,3.117018
1,1,1,93.000000,42,266.657332,183.059566,-4.837739,1.263439
1,1,1,93.000000,43,473.311965,407.864797,-1.610761,4.733439
1,1,1,93.000000,44,422.771837,156.544965,-1.822220,4.656126
1,1,1,93.000000,45,376.346195,156.873917,2.562274,-4.293571
1,1,1,93.000000,46,277.342948,181.805211,4.089305,2.877079
1,1,1,93.000000,47,100.415220,485.769947,3.394022,3.671595
1,1,1,93.000000,48,411.590403,407.925648,0.577659,-4.966519
1,1,1,93.000000,49,241.961470,373.429435,-2.507158,-4.325987
1,1,1,93.000000,50,497.787671,186.223314,-2.777417,4.157638
1,1,1,93.000000,51,468.811803,73.758914,-1.549250,-4.753927
1,1,1,93.000000,52,204.823858,216.730694,4.685258,-1.745954
1,1,1,93.000000,53,438.008410,13.623755,-0.031258,4.999902
1,1,1,93.000000,54,473.792833,366.959318,3.478202,3.591950
1,1,1,93.000000,55,119.751880,350.643637,-1.586370,-4.741670
1,1,1,93.000000,56,390.633790,31.809452,-3.859981,3.178136
1,1,1,93.000000,57,188.254693,311.164234,1.736435,4.688794
1,1,1,93.000000,58,182.525494,127.296870,4.965367,-0.587480
1,1,1,93.000000,59,3.657749,76.521334,-3.572459,-3.498219
1,1,1,93.000000,60,320.731676,211.403384,-3.156860,-3.877400
1,1,1,93.000000,61,259.405119,369.658849,-4.223130,-2.676784
1,1,1,93.000000,62,361.772870,103.604853,-4.706223,-1.688627
1,1,1,93.000000,63,462.570728,53.439258,-4.856957,1.187420
1,1,1,93.000000,64,91.593247,13.805116,-3.712895,3.348792
1,1,1,93.000000,65,347.147959,496.725099,-0.249801,-4.993756
1,1,1,93.000000,66,344.759026,76.179826,2.607569,-4.266214
1,1,1,93.000000,67,270.158062,166.001753,3.610053,3.459410
1,1,1,93.000000,68,421.409916,317.381699,2.917920,4.060264
1,1,1,93.000000,69,101.585122,272.990144,4.798080,1.406566
1,1,1,93.000000,70,371.726620,412.418931,2.040473,4.564698
1,1,1,93.000000,71,281.776601,59.765877,-1.092139,-4.879266
1,1,1,93.000000,72,340.126810,321.797505,-2.055053,-4.558153
1,1,1,93.000000,73,397.858907,190.953346,-1.598983,-4.737431
1,1,1,93.000000,74,330.881599,184.081921,3.251403,3.798471
1,1,1,93.000000,75,426.637201,23.636396,-0.711681,-4.949092
1,1,1,93.000000,76,487.500868,428.094147,-0.284185,4.991917
1,1,1,93.000000,77,95.315520,355.244717,0.695759,-4.951355
1,1,1,93.000000,78,11.223060,18.293317,4.993334,0.258097
1,1,1,93.000000,79,281.332140,416.054552,-4.999161,-0.091573
1,1,1,93.000000,80,481.273865,255.746759,-3.494353,3.576241
1,1,1,93.000000,81,444.523964,208.372120,-4.156263,2.779475
1,1,1,93.000000,82,306.268908,481.192802,-4.393418,-2.387023
1,1,1,93.000000,83,186.696679,390.170514,3.525199,3.545838
1,1,1,93.000000,84,396.332368,314.748940,-1.777081,-4.673541
1,1,1,93.000000,85,115.824137,11.391291,4.265465,2.608795
1,1,1,93.000000,86,54.977600,376.198980,-1.564147,-4.749047
1,1,1,93.000000,87,430.042060,153.294819,4.595727,1.969591
1,1,1,93.000000,88,134.875673,299.837035,-3.182914,-3.856042
1,1,1,93.000000,89,312.401184,393.721318,3.411166,-3.655673
1,1,1,93.000000,90,196.118084,61.973935,-1.872207,-4.636253
1,1,1,93.000000,91,234.980971,185.062759,-4.928359,0.843372
1,1,1,93.000000,92,188.299636,324.012267,4.854876,1.195902
1,1,1,93.000000,93,203.705466,200.594587,1.779142,-4.672757
1,1,1,93.000000,94,52.139500,67.980610,2.191957,4.493921
1,1,1,93.000000,95,177.077173,100.507524,4.992841,-0.267473
1,1,1,93.000000,96,113.109347,412.655707,-4.825063,1.311016
1,1,1,93.000000,97,1.295385,314.550287,-4.942340,0.757148
1,1,1,93.000000,98,135.871566,363.470940,3.098100,-3.924510
1,1,1,93.000000,99,496.405962,186.885180,2.269197,4.455417
1,1,1,93.000000,100,150.208780,10.580489,4.132387,-2.814849
1,1,1,93.000000,101,415.784352,33.873594,1.002548,-4.898459
1,1,1,93.000000,102,154.390488,139.596000,-4.936719,-0.792970
1,1,1,93.000000,103,388.391349,386.726118,1.765082,-4.678086
1,1,1,93.000000,104,219.202772,207.886219,-2.412744,-4.379345
1,1,1,93.000000,105,67.746091,200.343039,4.339226,2.484173
1,1,1,93.000000,106,270.606858,453.970126,-4.915094,0.917522
1,1,1,93.000000,107,309.350846,481.615785,2.088957,-4.542715
1,1,1,93.000000,108,230.758059,50.248266,3.898514,3.130749
1,1,1,93.000000,109,488.312166,111.031612,-1.697829,4.702912
1,1,1,93.000000,110,190.954899,64.328538,3.078751,3.939707
1,1,1,93.000000,111,115.882730,181.437401,-4.972020,-0.528220
1,1,1,93.000000,112,212.084911,53.749795,-4.809613,-1.366608
1,1,1,93.000000,113,127.262662,348.348169,-4.724703,1.636210
1,1,1,93.000000,114,433.273061,57.278671,0.460420,-4.978756
1,1,1,93.000000,115,8.631705,489.054640,-2.774324,4.159702
1,1,1,93.000000,116,63.685012,227.379995,-2.371725,4.401695
1,1,1,93.000000,117,104.267843,124.375838,3.162691,-3.872646
1,1,1,93.000000,118,6.082229,277.453889,-2.493184,-4.334055
1,1,1,93.000000,119,383.757580,285.558325,2.081620,-4.546082
1,1,1,93.000000,120,442.213101,395.123150,3.856030,-3.182929
1,1,1,93.000000,121,498.897066,378.039319,-3.808147,3.240064
1,1,1,93.000000,122,227.258799,374.340227,4.031480,-2.957562
1,1,1,93.000000,123,356.410355,370.828896,-3.340772,-3.720113
1,1,1,93.000000,124,483.249450,131.780170,-4.395917,-2.382417
1,1,1,93.000000,125,361.810139,167.117491,4.586821,1.990244
1,1,1,93.000000,126,59.547659,252.452807,-4.944353,0.743893
1,1,1,93.000000,127,366.264310,248.107377,-3.260295,3.790841
1,1,1,93.000000,128,450.204602,111.343014,4.980059,0.446111
1,1,1,93.000000,129,396.721069,340.918801,-0.274814,4.992442
1,1,1,93.000000,130,301.056231,374.428886,-0.292701,4.991425
1,1,1,93.000000,131,46.540598,213.675901,3.924429,3.098202
1,1,1,93.000000,132,334.423302,456.118911,2.664217,-4.231070
1,1,1,93.000000,133,41.863239,202.435558,2.166176,4.506404
1,1,1,93.000000,134,419.441301,285.839835,-3.738930,-3.319699
1,1,1,93.000000,135,450.212069,171.877898,-4.963390,0.603950
1,1,1,93.000000,136,155.898020,423.042926,-4.468666,-2.242995
1,1,1,93.000000,137,381.393389,473.044949,-4.281936,2.581671
1,1,1,93.000000,138,27.858513,176.685806,-0.770791,4.940231
1,1,1,93.000000,139,160.237598,47.517866,-4.982861,-0.413644
1,1,1,93.000000,140,280.015050,344.422916,-3.764032,-3.291210
1,1,1,93.000000,141,459.427513,374.848951,-3.056190,-3.957234
1,1,1,93.000000,142,419.916845,445.169381,-4.968132,0.563617
1,1,1,93.000000,143,375.089717,390.720251,-2.700810,-4.207805
1,1,1,93.000000,144,408.003951,426.573142,-0.701522,4.950542
1,1,1,93.000000,145,51.595595,119.935782,-2.698747,-4.209129
1,1,1,93.000000,146,109.160576,331.408028,-4.731319,1.616978
1,1,1,93.000000,147,133.434460,309.629635,0.382585,4.985341
1,1,1,93.000000,148,278.190465,185.256230,-4.919401,-0.894145
1,1,1,93.000000,149,463.857889,474.819256,4.988396,0.340455
1,1,1,94.000000,0,111.500407,99.078654,-1.951041,-4.603633
1,1,1,94.000000,1,68.225553,66.693170,-4.978668,0.461375
1,1,1,94.000000,2,240.032419,360.390564,3.751693,-3.305268
1,1,1,94.000000,3,173.542535,367.950642,4.889243,1.046568
1,1,1,94.000000,4,484.973860,493.166103,1.526526,4.761273
1,1,1,94.000000,5,324.333896,291.247831,-4.466743,2.246821
1,1,1,94.000000,6,40.495612,252.400090,-4.863311,1.161121
1,1,1,94.000000,7,42.612239,474.908407,1.583428,4.742653
1,1,1,94.000000,8,56.108446,328.891053,-0.112385,4.998737
1,1,1,94.000000,9,84.309416,393.310471,-3.130331,-3.898849
1,1,1,94.000000,10,311.543851,402.353887,4.454809,2.270391
1,1,1,94.000000,11,75.998282,82.385551,-2.703054,-4.206364
1,1,1,94.000000,12,421.721051,402.864985,4.982169,0.421893
1,1,1,94.000000,13,203.750392,486.945276,2.012975,4.576891
1,1,1,94.000000,14,141.224787,286.191020,1.850365,-4.645013
1,1,1,94.000000,15,282.812947,357.568009,-2.316810,4.430845
1,1,1,94.000000,16,1.609818,199.470948,3.195683,-3.845466
1,1,1,94.000000,17,239.686484,485.464588,4.251880,-2.630877
1,1,1,94.000000,18,450.580832,370.881584,4.932019,0.821699
1,1,1,94.000000,19,454.154172,10.974051,1.219678,-4.848957
1,1,1,94.000000,20,246.978292,240.086301,-1.121638,4.872569
1,1,1,94.000000,21,385.444777,67.289529,-0.089948,4.999191
1,1,1,94.000000,22,369.904169,142.254909,4.988930,-0.332533
1,1,1,94.000000,23,410.676893,486.944162,4.627783,1.893046
1,1,1,94.000000,24,414.493123,85.527319,-4.961695,-0.617721
1,1,1,94.000000,25,8.955292,256.451142,2.683976,4.218563
1,1,1,94.000000,26,373.767472,388.149800,0.061908,4.999617
1,1,1,94.000000,27,27.304136,247.698500,-0.376848,4.985778
1,1,1,94.000000,28,382.927768,398.594703,0.300505,-4.990962
1,1,1,94.000000,29,52.717421,231.260036,4.748006,-1.567302
1,1,1,94.000000,30,157.870673,462.262250,3.978104,3.028975
1,1,1,94.000000,31,126.380677,32.748200,-0.676771,-4.953986
1,1,1,94.000000,32,29.092083,71.217528,3.976824,-3.030655
1,1,1,94.000000,33,377.315855,368.093593,-0.906386,4.917160
1,1,1,94.000000,34,484.726369,178.119743,-1.914763,-4.618840
1,1,1,94.000000,35,302.655375,362.477410,4.103338,2.857029
1,1,1,94.000000,36,303.865136,229.777661,1.737069,4.688560
1,1,1,94.000000,37,108.076778,261.867395,2.101910,4.536736
1,1,1,94.000000,38,381.401915,140.453340,-2.392210,4.390596
1,1,1,94.000000,39,310.930936,346.641318,-4.630782,-1.885697
1,1,1,94.000000,40,286.959493,268.371489,-1.276833,4.834222
1,1,1,94.000000,41,280.756275,189.778696,2.540940,-4.306231
1,1,1,94.000000,42,261.819593,184.323005,4.666257,1.796120
1,1,1,94.000000,43,469.108224,410.571929,-4.203741,2.707131
1,1,1,94.000000,44,420.949617,161.201092,0.776436,4.939347
1,1,1,94.000000,45,378.908469,152.580346,-1.644145,-4.721947
1,1,1,94.000000,46,281.432254,184.682290,-1.090248,4.879688
1,1,1,94.000000,47,103.809243,489.441542,4.978298,0.465343
1,1,1,94.000000,48,412.168062,402.959129,3.439617,-3.628917
1,1,1,94.000000,49,239.454313,369.103449,4.679936,-1.760170
1,1,1,94.000000,50,499.269212,181.447852,1.481540,-4.775462
1,1,1,94.000000,51,467.262553,69.004987,-4.872253,-1.123008
1,1,1,94.000000,52,209.509116,214.984740,0.932122,4.912347
1,1,1,94.000000,53,443.008333,13.595924,4.999923,-0.027831
1,1,1,94.000000,54,477.271036,370.551269,-2.419613,4.375554
1,1,1,94.000000,55,118.165510,345.901967,-4.530235,2.115885
1,1,1,94.000000,56,386.773809,34.987587,-1.661331,4.715928
1,1,1,94.000000,57,189.991128,315.853028,-3.361814,-3.701109
1,1,1,94.000000,58,187.490861,126.709391,4.999935,-0.025521
1,1,1,94.000000,59,4.627724,81.426347,0.969974,4.905013
1,1,1,94.000000,60,317.574816,207.525984,-3.127916,3.900787
1,1,1,94.000000,61,255.181989,366.982065,4.291431,-2.565857
1,1,1,94.000000,62,357.066646,101.916226,4.669291,-1.788217
1,1,1,94.000000,63,463.994922,58.232135,1.424194,4.792877
1,1,1,94.000000,64,94.564191,17.826744,2.970943,4.021629
1,1,1,94.000000,65,348.278339,491.854551,1.130381,-4.870548
1,1,1,94.000000,66,347.366596,71.913612,-4.569810,-2.028999
1,1,1,94.000000,67,273.768115,169.461162,2.480002,-4.341612
1,1,1,94.000000,68,424.327835,321.441963,4.520180,-2.137281
1,1,1,94.000000,69,106.383202,274.396709,3.538529,-3.532537
1,1,1,94.000000,70,373.767092,416.983630,-1.907903,-4.621678
1,1,1,94.000000,71,280.684461,54.886611,0.172900,4.997010
1,1,1,94.000000,72,338.071756,317.239352,-4.503610,-2.171980
1,1,1,94.000000,73,396.259924,186.215915,4.922379,0.877603
1,1,1,94.000000,74,334.133002,187.880392,-1.402114,-4.799383
1,1,1,94.000000,75,425.925520,18.687304,-4.239637,2.650562
1,1,1,94.000000,76,485.713516,432.763769,-1.787351,4.669623
1,1,1,94.000000,77,96.011279,350.293362,-1.868446,-4.637770
1,1,1,94.000000,78,16.213177,17.979109,4.990118,-0.314207
1,1,1,94.000000,79,276.332978,415.962979,3.980253,3.026150
1,1,1,94.000000,80,477.779512,259.323000,-2.654420,4.237222
1,1,1,94.000000,81,440.367701,211.151595,-4.401747,2.371629
1,1,1,94.000000,82,301.671884,483.159366,-4.597024,1.966563
1,1,1,94.000000,83,190.221878,393.716352,4.339170,2.484271
1,1,1,94.000000,84,394.555287,310.075399,3.263940,-3.787703
1,1,1,94.000000,85,110.824204,11.417206,-4.999933,0.025915
1,1,1,94.000000,86,53.413453,371.449933,4.972994,0.518973
1,1,1,94.000000,87,433.229425,149.442456,3.187365,-3.852363
1,1,1,94.000000,88,131.692759,295.980993,-4.858040,-1.182983
1,1,1,94.000000,89,315.812350,390.065644,-2.625191,-4.255393
1,1,1,94.000000,90,194.245877,57.337682,2.537186,-4.308444
1,1,1,94.000000,91,230.052612,185.906131,-1.171534,-4.860813
1,1,1,94.000000,92,193.154512,325.208169,0.928130,-4.913102
1,1,1,94.000000,93,205.484608,195.921830,-4.857087,-1.186889
1,1,1,94.000000,94,54.331457,72.474531,0.616843,4.961805
1,1,1,94.000000,95,182.070013,100.240051,-4.934543,-0.806403
1,1,1,94.000000,96,108.284284,413.966724,4.293070,2.563114
1,1,1,94.000000,97,1.624505,309.561131,0.329119,-4.989156
1,1,1,94.000000,98,138.969666,359.546430,-3.581032,3.489442
1,1,1,94.000000,99,498.675159,191.340598,3.849054,3.191361
1,1,1,94.000000,100,148.065990,15.098061,-2.142789,4.517572
1,1,1,94.000000,101,415.642028,38.871568,-0.142323,4.997974
1,1,1,94.000000,102,149.453768,138.803030,-1.909733,4.620922
1,1,1,94.000000,103,390.156431,382.048033,-0.978264,4.903366
1,1,1,94.000000,104,216.790027,203.506873,4.984399,0.394671
1,1,1,94.000000,105,72.085317,202.827212,4.349490,2.466159
1,1,1,94.000000,106,265.691764,454.887647,-3.960742,3.051643
1,1,1,94.000000,107,311.484276,486.137784,2.133430,4.521999
1,1,1,94.000000,108,234.656573,53.379015,-0.413590,4.982865
1,1,1,94.000000,109,489.347603,106.140000,1.035438,-4.891612
1,1,1,94.000000,110,194.033650,68.268246,-1.229624,-4.846444
1,1,1,94.000000,111,110.910710,180.909181,-2.992489,4.005622
1,1,1,94.000000,112,207.485996,55.711931,-4.598915,1.962136
1,1,1,94.000000,113,122.537959,349.984378,-1.361128,4.811167
1,1,1,94.000000,114,433.733481,52.299915,-4.348605,-2.467718
1,1,1,94.000000,115,12.501556,485.888530,3.869851,-3.166110
1,1,1,94.000000,116,61.313287,231.781690,-4.621901,1.907363
1,1,1,94.000000,117,107.430534,120.503192,3.660836,3.405625
1,1,1,94.000000,118,10.409374,279.959046,4.327145,2.505158
1,1,1,94.000000,119,385.839200,281.012244,1.397970,-4.800592
1,1,1,94.000000,120,446.069131,391.940221,-4.546888,-2.079858
1,1,1,94.000000,121,498.738833,382.445114,-2.364100,4.405795
1,1,1,94.000000,122,231.290279,371.382665,-3.070302,3.946295
1,1,1,94.000000,123,353.069583,367.108783,-4.677101,-1.767689
1,1,1,94.000000,124,478.853532,129.397753,-0.899588,-4.918408
1,1,1,94.000000,125,366.396960,169.107735,-4.191338,-2.726295
1,1,1,94.000000,126,54.603307,253.196700,1.463464,-4.781033
1,1,1,94.000000,127,363.004015,251.898218,-4.390451,2.392475
1,1,1,94.000000,128,455.184660,111.789125,4.905947,0.965240
1,1,1,94.000000,129,396.446254,345.911243,-4.694079,-1.722099
1,1,1,94.000000,130,300.763529,379.420311,4.779735,-1.467697
1,1,1,94.000000,131,50.465027,216.774103,-1.807656,4.661800
1,1,1,94.000000,132,337.087519,451.887841,2.910007,-4.065939
1,1,1,94.000000,133,44.029415,206.941962,-2.893759,-4.077519
1,1,1,94.000000,134,415.702371,282.520136,2.901789,4.071808
1,1,1,94.000000,135,445.248678,172.481848,-4.185186,-2.735730
1,1,1,94.000000,136,151.429355,420.799930,3.024553,-3.981467
1,1,1,94.000000,137,377.111453,475.626620,4.993936,-0.246183
1,1,1,94.000000,138,22.935579,177.560295,-4.922933,0.874488
1,1,1,94.000000,139,155.254738,47.104222,-4.576158,2.014641
1,1,1,94.000000,140,276.251018,341.131706,0.204591,-4.995812
1,1,1,94.000000,141,456.371323,370.891717,-2.004547,4.580589
1,1,1,94.000000,142,414.948713,445.732998,3.939223,3.079370
1,1,1,94.000000,143,372.388907,386.512446,-0.729167,-4.946546
1,1,1,94.000000,144,407.302429,431.523684,-4.411478,2.353479
1,1,1,94.000000,145,48.896848,115.726653,0.135126,-4.998174
1,1,1,94.000000,146,104.429257,333.025006,-2.580493,-4.282646
1,1,1,94.000000,147,133.817045,314.614977,-0.758546,-4.942126
1,1,1,94.000000,148,273.271064,184.362085,-4.867989,1.141350
1,1,1,94.000000,149,465.994124,470.298581,2.136235,-4.520675
1,1,1,95.000000,0,109.549366,94.475021,-0.735748,-4.945571
1,1,1,95.000000,1,63.246885,67.154545,-2.110579,4.532710
1,1,1,95.000000,2,243.784113,357.085296,-4.999590,0.063998
1,1,1,95.000000,3,178.431778,368.997210,-4.247732,2.637569
1,1,1,95.000000,4,486.500387,497.927375,1.026269,-4.893544
1,1,1,95.000000,5,319.867152,293.494652,-0.926946,4.913326
1,1,1,95.000000,6,35.632301,253.561211,2.902737,4.071133
1,1,1,95.000000,7,47.611891,474.967411,4.999652,0.059004
1,1,1,95.000000,8,55.996061,333.889790,-4.683150,1.751601
1,1,1,95.000000,9,81.179084,389.411622,0.104669,-4.998904
1,1,1,95.000000,10,315.998660,404.624278,-2.593729,-4.274643
1,1,1,95.000000,11,73.295228,78.179187,2.851897,-4.106907
1,1,1,95.000000,12,426.703220,403.286878,-1.167368,4.861816
1,1,1,95.000000,13,205.763367,491.522167,-4.752644,1.553182
1,1,1,95.000000,14,143.075152,281.546007,4.638259,1.867232
1,1,1,95.000000,15,280.496137,361.998854,1.243032,-4.843023
1,1,1,95.000000,16,5.825554,202.159362,4.215736,2.688414
1,1,1,95.000000,17,238.002949,480.756540,-1.683535,-4.708047
1,1,1,95.000000,18,455.512851,371.703283,4.975059,0.498791
1,1,1,95.000000,19,456.721675,6.683605,2.567502,-4.290447
1,1,1,95.000000,20,245.856655,244.958870,-4.973672,0.512435
1,1,1,95.000000,21,385.354830,72.288719,4.426395,2.325301
1,1,1,95.000000,22,374.893099,141.922377,4.043468,-2.941151
1,1,1,95.000000,23,415.304676,488.837208,4.758648,1.534688
1,1,1,95.000000,24,409.531427,84.909598,-0.952226,4.908489
1,1,1,95.000000,25,5.114919,259.652945,-3.840372,3.201803
1,1,1,95.000000,26,373.829379,393.149417,-1.747326,4.684747
1,1,1,95.000000,27,30.729480,244.056108,3.425344,-3.642392
1,1,1,95.000000,28,383.228273,393.603741,-4.991546,0.290630
1,1,1,95.000000,29,57.465428,229.692735,-4.366980,-2.435054
1,1,1,95.000000,30,161.848777,465.291225,4.673445,1.777333
1,1,1,95.000000,31,125.703905,27.794214,4.920170,-0.889905
1,1,1,95.000000,32,30.317259,76.065099,1.225176,4.847571
1,1,1,95.000000,33,376.409469,373.010753,-0.811235,4.933751
1,1,1,95.000000,34,488.307265,181.609325,3.580896,3.489582
1,1,1,95.000000,35,306.758713,365.334440,1.321164,-4.822295
1,1,1,95.000000,36,305.602205,234.466221,1.184185,4.857747
1,1,1,95.000000,37,110.178689,266.404131,-4.969273,-0.553469
1,1,1,95.000000,38,379.009705,144.843935,-4.492446,-2.194977
1,1,1,95.000000,39,306.300154,344.755621,2.549517,-4.301158
1,1,1,95.000000,40,285.682660,273.205710,4.266413,-2.607244
1,1,1,95.000000,41,283.297216,185.472465,0.935632,-4.911679
1,1,1,95.000000,42,266.485849,186.119126,-3.644110,-3.423516
1,1,1,95.000000,43,465.214639,413.708806,-3.893585,3.136877
1,1,1,95.000000,44,421.726053,166.140438,-1.675250,-4.711002
1,1,1,95.000000,45,377.264324,147.858398,4.905312,0.968458
1,1,1,95.000000,46,280.342006,189.561979,-1.554550,4.752197
1,1,1,95.000000,47,108.787541,489.906886,1.085037,4.880850
1,1,1,95.000000,48,415.607679,399.330212,-4.689407,-1.734781
1,1,1,95.000000,49,244.134249,367.343279,4.687899,1.738852
1,1,1,95.000000,50,494.269340,181.411989,-4.999871,-0.035863
1,1,1,95.000000,51,462.390300,67.881979,-1.420469,4.793982
1,1,1,95.000000,52,210.441238,219.897087,-3.811574,3.236032
1,1,1,95.000000,53,447.905759,14.603501,4.897427,1.007577
1,1,1,95.000000,54,474.851423,374.926823,-4.756689,-1.540750
1,1,1,95.000000,55,113.635275,348.017852,2.250104,4.465091
1,1,1,95.000000,56,385.112478,39.703515,4.845183,-1.234585
1,1,1,95.000000,57,186.629314,312.151919,-1.282522,4.832715
1,1,1,95.000000,58,192.490796,126.683870,-2.544485,-4.304137
1,1,1,95.000000,59,7.517454,85.506721,2.889730,4.080375
1,1,1,95.000000,60,314.446900,211.426771,0.826582,4.931203
1,1,1,95.000000,61,259.473420,364.416209,4.974977,-0.499600
1,1,1,95.000000,62,361.735937,100.128009,4.571031,-2.026247
1,1,1,95.000000,63,460.102934,55.093276,-3.891988,-3.138858
1,1,1,95.000000,64,90.710640,14.640815,-3.853551,-3.185929
1,1,1,95.000000,65,352.034140,488.553951,3.755801,-3.300600
1,1,1,95.000000,66,342.796785,69.884613,4.493850,-2.192103
1,1,1,95.000000,67,276.248116,165.119551,4.999184,-0.090307
1,1,1,95.000000,68,428.848015,319.304681,3.668946,-3.396887
1,1,1,95.000000,69,109.921731,270.864173,3.599850,3.470026
1,1,1,95.000000,70,371.859189,412.361952,-1.323198,4.821737
1,1,1,95.000000,71,280.857361,59.883621,3.719358,-3.341613
1,1,1,95.000000,72,333.568147,315.067372,-4.972131,-0.527179
1,1,1,95.000000,73,401.182303,187.093519,0.773263,-4.939845
1,1,1,95.000000,74,332.730888,183.081009,-1.888256,-4.629740
1,1,1,95.000000,75,421.685883,21.337867,-3.298815,3.757369
1,1,1,95.000000,76,488.935498,436.587228,3.221982,3.823458
1,1,1,95.000000,77,94.142834,345.655592,3.385156,-3.679771
1,1,1,95.000000,78,11.429820,16.523262,-4.783358,-1.455847
1,1,1,95.000000,79,280.313231,418.989130,1.084554,-4.880957
1,1,1,95.000000,80,475.125092,263.560222,2.064022,-4.554099
1,1,1,95.000000,81,435.965954,213.523223,-3.055434,-3.957818
1,1,1,95.000000,82,304.327544,478.922920,2.655660,-4.236446
1,1,1,95.000000,83,194.561048,396.200623,-3.875963,3.158624
1,1,1,95.000000,84,397.819227,306.287696,0.388417,-4.984890
1,1,1,95.000000,85,115.824124,11.388859,4.999920,-0.028347
1,1,1,95.000000,86,58.386447,371.968906,4.185391,-2.735417
1,1,1,95.000000,87,438.175769,150.172987,4.946345,0.730531
1,1,1,95.000000,88,126.834719,294.798010,-4.814517,1.349233
1,1,1,95.000000,89,313.187159,385.810251,4.428118,2.322019
1,1,1,95.000000,90,196.783063,53.029239,0.675359,4.954179
1,1,1,95.000000,91,228.881077,181.045318,-4.996399,-0.189737
1,1,1,95.000000,92,194.082642,320.295067,-4.475491,2.229346
1,1,1,95.000000,93,200.627521,194.734941,4.923479,0.871412
1,1,1,95.000000,94,54.948300,77.436336,2.333481,-4.422089
1,1,1,95.000000,95,177.135470,99.433648,4.990855,0.302262
1,1,1,95.000000,96,112.577353,416.529838,0.590996,-4.964950
1,1,1,95.000000,97,3.240672,308.407849,4.865176,-1.153281
1,1,1,95.000000,98,135.388633,363.035872,-3.289833,3.765235
1,1,1,95.000000,99,497.475786,194.531958,-3.849054,3.191361
1,1,1,95.000000,100,143.082920,15.509170,-4.983070,0.411109
1,1,1,95.000000,101,411.048970,40.847376,-4.593058,1.975808
1,1,1,95.000000,102,147.544035,143.423952,2.219641,4.480312
1,1,1,95.000000,103,389.178167,386.951399,4.872801,1.120630
1,1,1,95.000000,104,221.774426,203.901545,-4.208149,2.700275
1,1,1,95.000000,105,76.434807,205.293371,-4.577809,2.010887
1,1,1,95.000000,106,261.731022,457.939290,-0.910006,4.916492
1,1,1,95.000000,107,314.588035,490.057819,3.103760,3.920035
1,1,1,95.000000,108,234.242983,58.361880,0.510181,-4.973903
1,1,1,95.000000,109,487.928110,110.934271,-1.419494,4.794271
1,1,1,95.000000,110,192.804026,63.421801,4.035891,-2.951539
1,1,1,95.000000,111,107.918221,184.914803,4.172826,2.754546
1,1,1,95.000000,112,212.288342,54.320001,4.802346,-1.391931
1,1,1,95.000000,113,121.176832,354.795546,2.852033,-4.106812
1,1,1,95.000000,114,429.384876,49.832197,-4.778806,1.470719
1,1,1,95.000000,115,13.589270,481.008276,1.087715,-4.880254
1,1,1,95.000000,116,56.691387,233.689053,-4.774724,1.483918
1,1,1,95.000000,117,111.091370,123.908817,-0.908491,4.916772
1,1,1,95.000000,118,14.863366,282.231039,4.453992,2.271993
1,1,1,95.000000,119,387.237170,276.211652,-4.495694,2.188318
1,1,1,95.000000,120,441.522243,389.860363,-4.911617,-0.935960
1,1,1,95.000000,121,498.307034,377.463794,-0.431799,-4.981320
1,1,1,95.000000,122,228.219977,375.328961,4.234571,-2.658648
1,1,1,95.000000,123,348.392481,365.341094,-4.268232,-2.604266
1,1,1,95.000000,124,477.953944,124.479345,-4.608265,-1.940076
1,1,1,95.000000,125,362.205622,166.381440,-1.970476,4.595348
1,1,1,95.000000,126,56.066771,248.415668,1.026983,4.893394
1,1,1,95.000000,127,358.613563,254.290693,3.305309,-3.751657
1,1,1,95.000000,128,460.090607,112.754365,4.925024,0.862633
1,1,1,95.000000,129,391.752176,344.189144,-3.206119,-3.836769
1,1,1,95.000000,130,305.543264,377.952615,4.136567,-2.808704
1,1,1,95.000000,131,48.657371,221.435903,1.923523,4.615199
1,1,1,95.000000,132,339.997526,447.821902,-4.492173,2.195537
1,1,1,95.000000,133,41.135656,202.864443,4.387667,-2.397578
1,1,1,95.000000,134,418.604160,286.591944,4.042880,2.941959
1,1,1,95.000000,135,441.063492,169.746117,-4.924275,-0.866902
1,1,1,95.000000,136,154.453908,416.818464,-1.984970,-4.589106
1,1,1,95.000000,137,382.105389,475.380437,4.133091,-2.813816
1,1,1,95.000000,138,18.436049,175.379877,-4.499531,-2.180418
1,1,1,95.000000,139,150.678580,49.118863,3.946333,-3.070253
1,1,1,95.000000,140,276.455609,336.135894,-4.607710,1.941393
1,1,1,95.000000,141,454.366776,375.472306,4.051057,2.930689
1,1,1,95.000000,142,418.887936,448.812369,-1.645128,-4.721605
1,1,1,95.000000,143,371.659739,381.565900,-3.203108,3.839284
1,1,1,95.000000,144,402.890951,433.877163,4.759749,1.531272
1,1,1,95.000000,145,49.031974,110.728480,0.753713,-4.942865
1,1,1,95.000000,146,101.848764,328.742360,2.536591,4.308794
1,1,1,95.000000,147,133.058499,309.672851,1.157717,4.864123
1,1,1,95.000000,148,268.403075,185.503435,-0.540415,-4.970709
1,1,1,95.000000,149,470.947429,469.616840,4.953305,-0.681741
1,1,1,96.000000,0,108.813618,89.529450,4.802040,1.392988
1,1,1,96.000000,1,61.136306,71.687255,4.989382,-0.325675
1,1,1,96.000000,2,238.784522,357.149294,-2.261613,4.459272
1,1,1,96.000000,3,174.184046,371.634779,-2.252635,-4.463814
1,1,1,96.000000,4,487.526655,493.033831,0.635569,4.959441
1,1,1,96.000000,5,318.940206,298.407978,-3.882406,3.150702
1,1,1,96.000000,6,38.535037,257.632344,-4.872201,-1.123236
1,1,1,96.000000,7,52.603858,474.684101,4.991967,-0.283310
1,1,1,96.000000,8,51.312911,335.641391,-3.247158,3.802100
1,1,1,96.000000,9,81.283754,384.412718,-0.973517,4.904311
1,1,1,96.000000,10,313.404930,400.349636,4.539672,-2.095560
1,1,1,96.000000,11,76.147124,74.072280,4.858858,1.179619
1,1,1,96.000000,12,425.535852,408.148694,0.823743,4.931678
1,1,1,96.000000,13,201.010723,493.075349,2.331019,-4.423387
1,1,1,96.000000,14,147.713411,283.413239,-3.052024,3.960448
1,1,1,96.000000,15,281.739169,357.155831,0.596754,4.964261
1,1,1,96.000000,16,10.825287,202.211084,4.999732,0.051722
1,1,1,96.000000,17,242.991962,481.087819,4.989013,0.331279
1,1,1,96.000000,18,460.487909,372.202074,1.584340,4.742348
1,1,1,96.000000,19,459.846473,2.780319,3.124798,-3.903286
1,1,1,96.000000,20,240.882983,245.471305,3.672350,3.393206
1,1,1,96.000000,21,389.781225,74.614020,-1.080311,-4.881898
1,1,1,96.000000,22,378.936566,138.981225,4.999976,-0.015497
1,1,1,96.000000,23,420.063324,490.371896,4.819777,-1.330319
1,1,1,96.000000,24,408.579202,89.818087,4.643262,-1.854757
1,1,1,96.000000,25,2.982323,264.175337,-2.132597,4.522392
1,1,1,96.000000,26,372.082053,397.834164,-2.039997,-4.564911
1,1,1,96.000000,27,33.455134,248.247863,2.725654,4.191755
1,1,1,96.000000,28,378.236726,393.894372,0.144003,4.997926
1,1,1,96.000000,29,53.098448,227.257680,-4.711359,1.674246
1,1,1,96.000000,30,166.522222,467.068558,-4.263335,2.612274
1,1,1,96.000000,31,130.624075,26.904309,-3.520013,-3.550987
1,1,1,96.000000,32,28.270821,80.627126,-2.046438,4.562027
1,1,1,96.000000,33,375.598234,377.944504,0.925658,-4.913569
1,1,1,96.000000,34,484.683802,185.054687,-3.623463,3.445362
1,1,1,96.000000,35,308.079878,360.512145,-4.893181,-1.027996
1,1,1,96.000000,36,306.786390,239.323968,0.061195,-4.999626
1,1,1,96.000000,37,105.209416,265.850661,-4.740642,-1.589438
1,1,1,96.000000,38,374.517259,142.648958,-1.112034,-4.874770
1,1,1,96.000000,39,308.849671,340.454462,4.040893,-2.944687
1,1,1,96.000000,40,289.949073,270.598467,4.068839,-2.905951
1,1,1,96.000000,41,284.232848,180.560786,-0.572290,4.967140
1,1,1,96.000000,42,262.841740,182.695609,-1.426906,4.792070
1,1,1,96.000000,43,470.040999,415.015043,4.826359,1.306237
1,1,1,96.000000,44,420.050804,161.429437,1.898848,4.625405
1,1,1,96.000000,45,382.169636,148.826857,-4.200372,-2.712356
1,1,1,96.000000,46,278.787455,194.314175,-4.489779,-2.200429
1,1,1,96.000000,47,109.872578,494.787735,-2.275902,-4.451996
1,1,1,96.000000,48,410.918272,397.595431,0.937835,4.911259
1,1,1,96.000000,49,248.822147,369.082131,-4.928210,-0.844244
1,1,1,96.000000,50,499.010354,183.000317,4.741014,1.588329
1,1,1,96.000000,51,460.969830,72.675961,-0.118108,-4.998605
1,1,1,96.000000,52,206.629664,223.133119,4.953465,0.680579
1,1,1,96.000000,53,443.014301,13.567338,-4.891458,-1.036163
1,1,1,96.000000,54,470.094734,373.386073,-1.211471,4.851014
1,1,1,96.000000,55,115.885378,352.482942,-1.432394,-4.790433
1,1,1,96.000000,56,389.957661,38.468930,-4.805478,-1.381080
1,1,1,96.000000,57,185.346792,316.984635,-3.176110,-3.861648
1,1,1,96.000000,58,189.946311,122.379733,1.262449,4.837998
1,1,1,96.000000,59,12.129831,87.437001,4.612377,1.930279
1,1,1,96.000000,60,315.273482,216.357974,4.386886,-2.399006
1,1,1,96.000000,61,264.448398,363.916609,4.088934,2.877607
1,1,1,96.000000,62,366.306968,98.101762,-4.835656,1.271389
1,1,1,96.000000,63,464.093782,58.105440,3.990848,3.012164
1,1,1,96.000000,64,87.221879,11.059119,-3.488761,-3.581696
1,1,1,96.000000,65,355.996938,485.504979,3.962798,-3.048972
1,1,1,96.000000,66,347.290635,67.692510,0.669378,-4.954991
1,1,1,96.000000,67,281.247301,165.029244,4.261805,2.614769
1,1,1,96.000000,68,432.516961,315.907795,-3.479709,-3.590491
1,1,1,96.000000,69,113.521580,274.334199,4.011862,-2.984119
1,1,1,96.000000,70,370.535990,417.183689,-4.636394,1.871856
1,1,1,96.000000,71,284.576718,56.542007,4.791329,-1.429395
1,1,1,96.000000,72,328.596016,314.540193,-4.319032,-2.519119
1,1,1,96.000000,73,401.955566,182.153674,1.105332,4.876294
1,1,1,96.000000,74,330.842632,178.451270,3.736004,-3.322992
1,1,1,96.000000,75,418.387069,25.095236,3.711008,3.350884
1,1,1,96.000000,76,488.967874,441.587123,0.032376,4.999895
1,1,1,96.000000,77,97.527990,341.975820,-4.344570,2.474815
1,1,1,96.000000,78,15.346275,13.414986,3.916455,-3.108276
1,1,1,96.000000,79,281.397786,414.108173,2.799127,-4.143053
1,1,1,96.000000,80,477.189113,259.006123,-4.684005,1.749312
1,1,1,96.000000,81,432.910520,209.565405,2.396115,-4.388466
1,1,1,96.000000,82,302.332382,474.338236,-1.995162,-4.584684
1,1,1,96.000000,83,190.685085,399.359248,3.819134,-3.227107
1,1,1,96.000000,84,398.207643,301.302805,-0.732978,-4.945983
1,1,1,96.000000,85,111.544778,13.974821,-4.279346,2.585962
1,1,1,96.000000,86,62.571837,369.233489,-0.815839,-4.932992
1,1,1,96.000000,87,439.799012,145.443813,1.623242,-4.729174
1,1,1,96.000000,88,122.020203,296.147243,-2.426295,4.371852
1,1,1,96.000000,89,317.615277,388.132270,4.946452,-0.729804
1,1,1,96.000000,90,197.458422,57.983418,4.663922,-1.802175
1,1,1,96.000000,91,223.884679,180.855581,-4.350747,2.463940
1,1,1,96.000000,92,189.607151,322.524413,4.196787,2.717899
1,1,1,96.000000,93,205.551000,195.606353,4.258301,-2.620472
1,1,1,96.000000,94,57.281780,73.014247,3.698335,3.364865
1,1,1,96.000000,95,182.126326,99.735910,2.213668,-4.483266
1,1,1,96.000000,96,113.168349,411.564888,-1.515379,-4.764832
1,1,1,96.000000,97,3.901097,313.364041,0.660425,4.956192
1,1,1,96.000000,98,132.098800,366.801107,-3.298231,3.757881
1,1,1,96.000000,99,493.349170,197.355261,-4.126616,2.823302
1,1,1,96.000000,100,138.672753,13.153235,-4.410167,-2.355935
1,1,1,96.000000,101,415.293684,38.204952,4.244714,-2.642424
1,1,1,96.000000,102,149.763676,147.904264,3.570285,3.500438
1,1,1,96.000000,103,394.050968,388.072028,4.345633,2.472949
1,1,1,96.000000,104,217.566278,206.601820,4.987129,-0.358528
1,1,1,96.000000,105,71.856998,207.304258,-0.195197,-4.996188
1,1,1,96.000000,106,260.821016,462.855782,-2.510149,-4.324252
1,1,1,96.000000,107,311.064172,486.510654,-3.523864,-3.547166
1,1,1,96.000000,108,234.753164,53.387976,1.064745,-4.885317
1,1,1,96.000000,109,484.048045,114.087856,-3.880065,3.153584
1,1,1,96.000000,110,196.839917,60.470262,-1.435255,-4.789576
1,1,1,96.000000,111,112.091047,187.669349,4.722693,1.642001
1,1,1,96.000000,112,214.490840,58.808765,2.202498,4.488764
1,1,1,96.000000,113,124.028865,350.688733,-3.244895,3.804031
1,1,1,96.000000,114,424.606070,51.302916,-4.768382,-1.504171
1,1,1,96.000000,115,11.860799,476.316540,-1.728472,-4.691736
1,1,1,96.000000,116,51.916663,235.172971,-0.273493,4.992515
1,1,1,96.000000,117,110.182879,128.825589,3.327116,3.732331
1,1,1,96.000000,118,10.050552,283.586333,-4.812814,1.355294
1,1,1,96.000000,119,382.741476,278.399970,-4.816725,-1.341329
1,1,1,96.000000,120,436.610626,388.924403,-4.993577,-0.253350
1,1,1,96.000000,121,498.180378,373.905462,-3.512588,-3.558332
1,1,1,96.000000,122,232.454548,372.670313,2.000502,-4.582357
1,1,1,96.000000,123,344.124250,362.736829,3.378174,3.686182
1,1,1,96.000000,124,473.345679,122.539269,-4.680947,1.757479
1,1,1,96.000000,125,360.235146,170.976788,-0.316205,-4.989991
1,1,1,96.000000,126,57.093754,253.309062,2.806591,4.138000
1,1,1,96.000000,127,361.918872,250.539036,-2.155745,-4.511404
1,1,1,96.000000,128,465.015631,113.616997,3.464778,-3.604901
1,1,1,96.000000,129,388.546056,340.352375,4.560460,-2.049927
1,1,1,96.000000,130,309.679831,375.143911,4.632814,1.880700
1,1,1,96.000000,131,50.580894,226.051102,3.267006,3.785059
1,1,1,96.000000,132,335.505353,450.017439,4.675021,-1.773182
1,1,1,96.000000,133,45.523323,200.466866,-0.454700,4.979282
1,1,1,96.000000,134,422.647040,289.533903,3.354315,3.707907
1,1,1,96.000000,135,436.139218,168.879215,4.399235,2.376285
1,1,1,96.000000,136,152.468938,412.229358,3.979508,-3.027130
1,1,1,96.000000,137,386.238480,472.566621,3.951226,3.063954
1,1,1,96.000000,138,17.723825,170.430863,-0.712223,-4.949014
1,1,1,96.000000,139,154.624913,46.048610,4.971263,-0.535296
1,1,1,96.000000,140,271.847899,338.077287,4.998235,-0.132840
1,1,1,96.000000,141,458.417833,378.402994,-3.094545,3.927313
1,1,1,96.000000,142,417.242807,444.090764,4.778834,1.470628
1,1,1,96.000000,143,368.456631,385.405184,1.247093,4.841979
1,1,1,96.000000,144,407.650700,435.408435,3.641665,3.426117
1,1,1,96.000000,145,49.785687,105.785614,-4.390816,-2.391805
1,1,1,96.000000,146,104.385356,333.051154,2.907037,-4.068063
1,1,1,96.000000,147,134.216216,314.536974,-1.249089,-4.841464
1,1,1,96.000000,148,267.862661,180.532725,-4.260634,-2.616677
1,1,1,96.000000,149,467.531827,473.268368,-3.415602,3.651529
1,1,1,97.000000,0,113.615657,90.922437,3.994039,3.007931
1,1,1,97.000000,1,66.125689,71.361580,2.530472,4.312390
1,1,1,97.000000,2,236.522909,361.608566,-3.865546,-3.171364
1,1,1,97.000000,3,171.931411,367.170965,3.613937,3.455352
1,1,1,97.000000,4,488.162224,497.993272,1.371497,-4.808222
1,1,1,97.000000,5,315.057800,301.558680,-4.655030,-1.825020
1,1,1,97.000000,6,33.662836,256.509108,1.363026,4.810630
1,1,1,97.000000,7,49.131072,478.281288,-3.472786,3.597187
1,1,1,97.000000,8,48.065753,339.443491,-4.891953,1.033825
1,1,1,97.000000,9,80.310236,389.317028,-2.328118,-4.424914
1,1,1,97.000000,10,317.944603,398.254075,-2.555595,-4.297550
1,1,1,97.000000,11,81.005982,75.251899,4.978487,-0.463319
1,1,1,97.000000,12,426.359595,413.080372,-4.036862,2.950211
1,1,1,97.000000,13,203.341742,488.651963,-4.016365,-2.978056
1,1,1,97.000000,14,144.661386,287.373687,3.975419,3.032499
1,1,1,97.000000,15,282.335923,362.120092,-3.218810,3.826129
1,1,1,97.000000,16,6.603673,204.890259,-4.221614,2.679174
1,1,1,97.000000,17,241.859713,476.217705,-1.132249,-4.870114
1,1,1,97.000000,18,462.072249,376.944423,-4.095818,2.867799
1,1,1,97.000000,19,455.149596,4.494774,-4.696876,1.714455
1,1,1,97.000000,20,244.555332,248.864511,-3.049059,-3.962731
1,1,1,97.000000,21,388.700914,69.732122,2.355655,4.410316
1,1,1,97.000000,22,383.936542,138.965729,4.758820,1.534154
1,1,1,97.000000,23,424.883101,489.041577,-4.923744,0.869910
1,1,1,97.000000,24,413.222463,87.963330,-4.989981,-0.316375
1,1,1,97.000000,25,2.944659,269.175195,-0.037664,4.999858
1,1,1,97.000000,26,370.042056,393.269253,3.444901,-3.623901
1,1,1,97.000000,27,28.918927,250.350916,-4.536206,2.103053
1,1,1,97.000000,28,378.380729,398.892297,3.061303,3.953280
1,1,1,97.000000,29,48.387089,228.931926,-0.075721,4.999427
1,1,1,97.000000,30,162.258887,469.680831,4.863519,1.160251
1,1,1,97.000000,31,127.104062,23.353323,2.904620,-4.069789
1,1,1,97.000000,32,30.966452,84.838251,2.695630,4.211126
1,1,1,97.000000,33,376.523893,373.030936,2.806128,4.138315
1,1,1,97.000000,34,484.391593,180.063233,-0.292209,-4.991454
1,1,1,97.000000,35,303.186696,359.484149,1.519300,4.763584
1,1,1,97.000000,36,306.847585,234.324342,4.534015,2.107773
1,1,1,97.000000,37,100.468774,264.261223,-2.782486,4.154247
1,1,1,97.000000,38,373.405224,137.774188,4.408211,-2.359592
1,1,1,97.000000,39,312.890564,337.509775,3.710438,3.351515
1,1,1,97.000000,40,294.017912,267.692516,2.195810,-4.492039
1,1,1,97.000000,41,283.660558,185.527927,3.837037,3.205799
1,1,1,97.000000,42,261.414833,187.487680,4.335735,-2.490261
1,1,1,97.000000,43,466.454898,418.499276,-3.586101,3.484233
1,1,1,97.000000,44,421.949652,166.054842,-4.088916,-2.877632
1,1,1,97.000000,45,377.969264,146.114501,-3.686195,3.378160
1,1,1,97.000000,46,274.297677,192.113746,-1.370084,-4.808625
1,1,1,97.000000,47,107.596676,490.335739,4.872341,1.122630
1,1,1,97.000000,48,411.856107,402.506690,3.992500,3.009974
1,1,1,97.000000,49,243.893937,368.237888,-0.775989,-4.939417
1,1,1,97.000000,50,494.063373,182.274106,-4.946981,-0.726211
1,1,1,97.000000,51,460.851722,67.677356,-0.757061,4.942354
1,1,1,97.000000,52,211.583128,223.813698,2.741775,-4.181229
1,1,1,97.000000,53,446.790126,10.289664,3.775825,-3.277674
1,1,1,97.000000,54,468.883263,378.237087,-4.220054,-2.681631
1,1,1,97.000000,55,114.452984,347.692509,4.488607,-2.202817
1,1,1,97.000000,56,385.152183,37.087851,-2.343309,4.416888
1,1,1,97.000000,57,182.170682,313.122987,-4.380509,2.410631
1,1,1,97.000000,58,191.208760,127.217731,-4.997370,0.162164
1,1,1,97.000000,59,13.489012,92.248719,1.359181,4.811718
1,1,1,97.000000,60,319.660368,213.958968,-1.340994,-4.816818
1,1,1,97.000000,61,268.537331,366.794216,-4.273785,-2.595143
1,1,1,97.000000,62,361.471312,99.373151,4.938808,0.779854
1,1,1,97.000000,63,460.623333,61.704882,-3.470450,3.599441
1,1,1,97.000000,64,87.732666,16.032960,0.510787,4.973841
1,1,1,97.000000,65,351.162130,486.779590,-4.834808,1.274611
1,1,1,97.000000,66,347.960013,62.737519,-3.306512,-3.750597
1,1,1,97.000000,67,285.509106,167.644013,-0.376354,-4.985816
1,1,1,97.000000,68,429.037252,312.317304,0.020790,4.999957
1,1,1,97.000000,69,117.533442,271.350080,4.784150,1.453239
1,1,1,97.000000,70,365.899596,419.055545,1.783940,4.670927
1,1,1,97.000000,71,289.368047,55.112613,-2.555799,4.297429
1,1,1,97.000000,72,324.276984,312.021074,4.304567,2.543758
1,1,1,97.000000,73,403.060898,187.029968,-2.908785,4.066813
1,1,1,97.000000,74,334.578635,175.128278,3.426825,3.640998
1,1,1,97.000000,75,422.098076,28.446120,0.849685,4.927275
1,1,1,97.000000,76,491.395694,437.216117,2.427821,-4.371005
1,1,1,97.000000,77,93.183420,344.450636,4.265373,-2.608946
1,1,1,97.000000,78,13.106349,17.885191,-2.239926,4.470205
1,1,1,97.000000,79,284.196913,409.965120,0.316335,4.989983
1,1,1,97.000000,80,472.505108,260.755435,1.808655,-4.661413
1,1,1,97.000000,81,435.306635,205.176939,-2.593498,4.274783
1,1,1,97.000000,82,297.414187,475.238988,-4.918195,0.900753
1,1,1,97.000000,83,194.504219,396.132141,0.297700,-4.991130
1,1,1,97.000000,84,397.474665,296.356823,4.986598,0.365837
1,1,1,97.000000,85,110.734149,18.908672,-0.810629,4.933850
1,1,1,97.000000,86,61.755998,364.300497,-4.982392,-0.419247
1,1,1,97.000000,87,437.781035,140.869125,-2.017977,-4.574688
1,1,1,97.000000,88,119.593907,300.519095,-1.996899,-4.583928
1,1,1,97.000000,89,322.561729,387.402466,0.519175,-4.972973
1,1,1,97.000000,90,202.122344,56.181243,-4.204471,-2.705997
1,1,1,97.000000,91,219.533932,183.319521,-3.633631,3.434637
1,1,1,97.000000,92,193.803938,325.242312,-3.138461,3.892308
1,1,1,97.000000,93,209.809300,192.985881,-1.730571,4.690962
1,1,1,97.000000,94,60.980115,76.379112,-1.482262,4.775238
1,1,1,97.000000,95,184.339994,95.252644,-4.907698,-0.956293
1,1,1,97.000000,96,111.652969,406.800056,1.223641,-4.847959
1,1,1,97.000000,97,1.529323,317.765710,-2.371775,4.401668
1,1,1,97.000000,98,128.800569,370.558988,2.738496,4.183377
1,1,1,97.000000,99,495.712958,201.761224,2.363788,4.405963
1,1,1,97.000000,100,138.149246,18.125753,-0.523508,4.972518
1,1,1,97.000000,101,412.719910,33.918265,-2.573774,-4.286687
1,1,1,97.000000,102,153.333960,151.404702,-0.316417,-4.989978
1,1,1,97.000000,103,398.396601,390.544977,0.939352,-4.910969
1,1,1,97.000000,104,222.553407,206.243292,3.933451,3.086739
1,1,1,97.000000,105,71.661801,202.308070,1.315477,4.823849
1,1,1,97.000000,106,258.310867,458.531530,1.468832,-4.779386
1,1,1,97.000000,107,310.092822,481.605913,-0.971349,-4.904741
1,1,1,97.000000,108,235.817909,48.502660,3.615632,-3.453579
1,1,1,97.000000,109,487.222348,117.950989,3.174303,3.863133
1,1,1,97.000000,110,195.404662,55.680685,4.734470,1.607729
1,1,1,97.000000,111,116.813740,189.311349,3.418787,3.648547
1,1,1,97.000000,112,218.944322,61.081757,4.453483,2.272992
1,1,1,97.000000,113,120.783969,354.492765,-4.810838,1.362291
1,1,1,97.000000,114,419.837688,49.798745,2.138994,4.519370
1,1,1,97.000000,115,7.853205,473.326692,-4.007594,-2.989848
1,1,1,97.000000,116,51.643169,240.165485,0.048079,-4.999769
1,1,1,97.000000,117,113.509995,132.557920,-4.713820,-1.667303
1,1,1,97.000000,118,9.189021,278.661116,-0.861531,-4.925217
1,1,1,97.000000,119,377.924751,277.058640,1.400553,-4.799839
1,1,1,97.000000,120,431.617049,388.671053,-4.324653,-2.509458
1,1,1,97.000000,121,499.035509,368.979129,0.855132,-4.926332
1,1,1,97.000000,122,234.455050,368.087956,-2.794885,-4.145916
1,1,1,97.000000,123,347.502424,366.423011,2.365216,4.405196
1,1,1,97.000000,124,468.664732,124.296748,-3.340180,3.720645
1,1,1,97.000000,125,359.918941,165.986797,3.891825,-3.139060
1,1,1,97.000000,126,59.900345,257.447062,-2.587648,4.278327
1,1,1,97.000000,127,359.763128,246.027632,-0.520120,-4.972874
1,1,1,97.000000,128,468.480410,110.012097,-1.344266,-4.815906
1,1,1,97.000000,129,393.106516,338.302448,-4.550865,2.071142
1,1,1,97.000000,130,314.312645,377.024611,-4.999145,-0.092467
1,1,1,97.000000,131,53.847900,229.836160,-3.555614,3.515339
1,1,1,97.000000,132,340.180374,448.244257,-3.298684,-3.757484
1,1,1,97.000000,133,45.068623,205.446147,4.938718,-0.780428
1,1,1,97.000000,134,426.001355,293.241809,-4.595077,-1.971107
1,1,1,97.000000,135,440.538453,171.255500,0.387717,4.984945
1,1,1,97.000000,136,156.448446,409.202228,-0.594032,4.964587
1,1,1,97.000000,137,390.189706,475.630575,-4.951146,0.697249
1,1,1,97.000000,138,13.744577,167.403392,-3.979248,-3.027471
1,1,1,97.000000,139,159.596176,45.513313,0.583350,4.965854
1,1,1,97.000000,140,276.846134,337.944447,0.648816,-4.957725
1,1,1,97.000000,141,455.323288,382.330308,-4.035449,-2.952143
1,1,1,97.000000,142,422.021641,445.561392,-4.360595,2.446470
1,1,1,97.000000,143,369.703724,390.247163,-3.720584,-3.340247
1,1,1,97.000000,144,411.292365,438.834552,-4.937140,-0.790350
1,1,1,97.000000,145,45.394870,103.393810,-4.202644,2.708834
1,1,1,97.000000,146,107.292392,328.983091,4.972401,-0.524619
1,1,1,97.000000,147,132.967127,309.695510,3.775401,-3.278163
1,1,1,97.000000,148,263.602027,177.916048,3.619404,-3.449626
1,1,1,97.000000,149,464.655288,469.178683,-2.876538,-4.089685
1,1,1,98.000000,0,117.609697,93.930368,-4.986573,-0.366179
1,1,1,98.000000,1,68.656161,75.673970,1.495668,-4.771056
1,1,1,98.000000,2,232.657363,358.437201,-3.977072,3.030330
1,1,1,98.000000,3,175.545348,370.626317,-2.178981,-4.500227
1,1,1,98.000000,4,489.533722,493.185050,-4.133154,2.813723
1,1,1,98.000000,5,310.402770,299.733660,2.339934,4.418677
1,1,1,98.000000,6,35.025863,261.319738,0.639097,-4.958987
1,1,1,98.000000,7,52.857368,474.947414,3.726296,-3.333874
1,1,1,98.000000,8,43.173800,340.477316,-0.391265,-4.984668
1,1,1,98.000000,9,77.982118,384.892114,3.967756,3.042517
1,1,1,98.000000,10,315.389008,393.956526,-3.899866,-3.129064
1,1,1,98.000000,11,85.984469,74.788580,-0.842793,4.928458
1,1,1,98.000000,12,422.322733,416.030582,0.840718,4.928813
1,1,1,98.000000,13,199.325378,485.673907,-3.141847,3.889576
1,1,1,98.000000,14,148.636805,290.406186,-4.375627,2.419481
1,1,1,98.000000,15,279.117113,365.946221,-4.649033,1.840243
1,1,1,98.000000,16,11.547297,205.638974,4.943625,0.748715
1,1,1,98.000000,17,246.617370,477.755462,4.757657,1.537757
1,1,1,98.000000,18,457.976431,379.812222,4.999226,0.087955
1,1,1,98.000000,19,459.875554,2.862193,4.725958,-1.632581
1,1,1,98.000000,20,241.506273,244.901780,0.727238,-4.946830
1,1,1,98.000000,21,391.056569,74.142438,-2.376096,-4.399337
1,1,1,98.000000,22,388.695363,140.499882,-1.138052,4.868761
1,1,1,98.000000,23,419.959357,489.911487,4.124007,2.827113
1,1,1,98.000000,24,408.232483,87.646955,-4.449150,-2.281461
1,1,1,98.000000,25,3.452905,274.149297,0.508246,4.974102
1,1,1,98.000000,26,373.486957,389.645352,3.437539,3.630885
1,1,1,98.000000,27,27.835547,245.469698,-1.083380,-4.881218
1,1,1,98.000000,28,381.442032,402.845578,-1.502158,-4.769017
1,1,1,98.000000,29,48.311368,233.931353,4.583847,-1.997084
1,1,1,98.000000,30,167.122406,470.841082,-3.909203,-3.117391
1,1,1,98.000000,31,130.008682,19.283534,4.333557,2.494050
1,1,1,98.000000,32,28.982015,89.427588,-1.984437,4.589337
1,1,1,98.000000,33,379.330020,377.169250,3.222356,-3.823143
1,1,1,98.000000,34,479.447398,180.808169,-4.944196,0.744936
1,1,1,98.000000,35,304.705996,364.247733,-1.827073,-4.654224
1,1,1,98.000000,36,311.381600,236.432115,4.925506,0.859878
1,1,1,98.000000,37,97.686288,268.415470,-4.978391,-0.464357
1,1,1,98.000000,38,377.813435,135.414596,-0.988399,4.901333
1,1,1,98.000000,39,316.601002,340.861290,0.562226,4.968290
1,1,1,98.000000,40,296.213723,263.200477,-3.776491,3.276906
1,1,1,98.000000,41,287.497595,188.733725,-1.765238,-4.678027
1,1,1,98.000000,42,265.750569,184.997419,-4.721231,-1.646200
1,1,1,98.000000,43,462.279328,415.748892,-4.175570,-2.750384
1,1,1,98.000000,44,417.860736,163.177210,-0.863355,4.924898
1,1,1,98.000000,45,374.283069,149.492661,-1.930127,-4.612441
1,1,1,98.000000,46,272.927593,187.305122,-4.202830,2.708546
1,1,1,98.000000,47,112.469016,491.458369,-1.548901,4.754041
1,1,1,98.000000,48,415.848606,405.516665,-4.842840,1.243743
1,1,1,98.000000,49,243.117949,363.298471,4.792185,1.426520
1,1,1,98.000000,50,490.471318,185.752201,-3.592055,3.478094
1,1,1,98.000000,51,460.094662,72.619710,3.352164,3.709851
1,1,1,98.000000,52,214.324903,219.632469,4.958904,-0.639744
1,1,1,98.000000,53,450.778810,13.304693,3.988684,3.015029
1,1,1,98.000000,54,464.663210,375.555456,0.395700,-4.984318
1,1,1,98.000000,55,118.941591,345.489692,-0.578103,-4.966467
1,1,1,98.000000,56,382.808874,41.504739,1.914445,4.618972
1,1,1,98.000000,57,177.790173,315.533618,3.280920,3.773005
1,1,1,98.000000,58,186.211390,127.379894,0.142767,4.997961
1,1,1,98.000000,59,10.004112,88.663266,-3.484900,-3.585453
1,1,1,98.000000,60,318.319375,209.142150,-4.848844,1.220130
1,1,1,98.000000,61,264.263547,364.199073,3.459166,3.610287
1,1,1,98.000000,62,366.410121,100.153005,-2.225896,-4.477207
1,1,1,98.000000,63,457.190612,65.340323,-3.432720,3.635441
1,1,1,98.000000,64,92.417767,14.286584,4.685101,-1.746376
1,1,1,98.000000,65,351.547558,481.794468,0.385427,-4.985122
1,1,1,98.000000,66,344.653501,58.986922,-4.793142,1.423304
1,1,1,98.000000,67,285.132752,162.658197,1.745241,-4.685524
1,1,1,98.000000,68,429.058041,317.317261,-4.356717,2.453368
1,1,1,98.000000,69,122.317593,272.803320,-2.570500,4.288651
1,1,1,98.000000,70,367.683536,423.726472,-2.723407,-4.193216
1,1,1,98.000000,71,286.812249,59.410042,4.963006,0.607104
1,1,1,98.000000,72,328.581551,314.564832,-4.721052,-1.646714
1,1,1,98.000000,73,400.152113,191.096781,-4.934892,-0.804265
1,1,1,98.000000,74,338.005461,178.769276,3.277358,-3.776099
1,1,1,98.000000,75,422.947761,33.373394,-3.532181,3.538884
1,1,1,98.000000,76,495.594760,434.501739,4.199065,-2.714378
1,1,1,98.000000,77,97.448792,341.841690,-4.978279,0.465554
1,1,1,98.000000,78,17.837331,19.503157,4.730982,1.617966
1,1,1,98.000000,79,284.513248,414.955103,-4.645594,-1.848907
1,1,1,98.000000,80,474.313763,256.094023,4.816088,1.343612
1,1,1,98.000000,81,432.713137,209.451722,-3.086717,3.933469
1,1,1,98.000000,82,294.205244,471.404580,-3.208943,-3.834408
1,1,1,98.000000,83,194.801919,391.141011,-1.669414,4.713073
1,1,1,98.000000,84,402.461264,296.722660,1.206983,-4.852133
1,1,1,98.000000,85,108.500333,23.381933,-2.233816,4.473261
1,1,1,98.000000,86,56.773606,363.881250,2.101474,4.536938
1,1,1,98.000000,87,433.350017,143.185606,-4.431018,2.316480
1,1,1,98.000000,88,117.597008,295.935167,3.555797,3.515154
1,1,1,98.000000,89,323.080904,382.429493,3.692520,-3.371246
1,1,1,98.000000,90,197.917872,53.475246,0.195875,4.996162
1,1,1,98.000000,91,215.900301,186.754158,4.284772,2.576962
1,1,1,98.000000,92,190.665477,329.134620,4.828436,1.298540
1,1,1,98.000000,93,208.078730,197.676843,3.440666,-3.627922
1,1,1,98.000000,94,59.497853,81.154350,3.153425,3.880195
1,1,1,98.000000,95,179.432295,94.296351,4.117723,2.836257
1,1,1,98.000000,96,112.876610,401.952097,-2.947603,4.038767
1,1,1,98.000000,97,0.781364,313.331668,2.310686,-4.434042
1,1,1,98.000000,98,131.539065,374.742365,2.734344,-4.186091
1,1,1,98.000000,99,494.439773,206.596407,-1.273185,4.835184
1,1,1,98.000000,100,133.183462,18.709695,-4.965784,0.583942
1,1,1,98.000000,101,417.334399,35.843490,4.614489,1.925225
1,1,1,98.000000,102,153.017543,146.414725,4.796131,-1.413198
1,1,1,98.000000,103,399.335953,385.634008,-2.051493,4.559756
1,1,1,98.000000,104,226.486858,209.330031,1.456475,-4.783166
1,1,1,98.000000,105,72.977278,207.131919,-4.022450,-2.969832
1,1,1,98.000000,106,259.779700,453.752144,4.873989,-1.115452
1,1,1,98.000000,107,314.720881,479.713542,4.628059,-1.892371
1,1,1,98.000000,108,239.433541,45.049081,4.510463,-2.157713
1,1,1,98.000000,109,482.643619,119.959779,-4.578730,2.008790
1,1,1,98.000000,110,200.139132,57.288414,-2.858666,-4.102198
1,1,1,98.000000,111,120.232528,192.959896,-3.998287,3.002282
1,1,1,98.000000,112,222.397029,57.465293,3.452707,-3.616464
1,1,1,98.000000,113,115.973131,355.855055,4.278100,-2.588023
1,1,1,98.000000,114,421.976682,54.318115,4.948793,-0.713758
1,1,1,98.000000,115,3.475524,470.910930,-4.377681,-2.415762
1,1,1,98.000000,116,51.691248,235.165716,4.699668,-1.706787
1,1,1,98.000000,117,108.796175,130.890618,4.692844,1.725462
1,1,1,98.000000,118,8.366854,283.593057,-0.822167,4.931941
1,1,1,98.000000,119,379.325304,272.258802,-2.899740,-4.073267
1,1,1,98.000000,120,427.292396,386.161595,-3.652206,-3.414878
1,1,1,98.000000,121,495.965058,368.903824,-4.999433,-0.075305
1,1,1,98.000000,122,231.660164,363.942041,-4.872532,-1.121798
1,1,1,98.000000,123,349.867640,370.828207,0.268973,-4.992760
1,1,1,98.000000,124,465.324552,128.017393,2.013253,-4.576769
1,1,1,98.000000,125,363.810766,162.847737,-1.617174,-4.731252
1,1,1,98.000000,126,57.312698,261.725389,-3.455691,-3.613613
1,1,1,98.000000,127,359.243008,241.054758,0.524119,4.972454
1,1,1,98.000000,128,467.136144,105.196191,-0.759371,-4.941999
1,1,1,98.000000,129,388.555652,340.373590,4.776736,-1.477429
1,1,1,98.000000,130,309.313500,376.932143,4.957580,-0.649921
1,1,1,98.000000,131,50.292286,233.351499,-4.290150,-2.567998
1,1,1,98.000000,132,336.881691,444.486773,-3.116670,3.909779
1,1,1,98.000000,133,50.007341,204.665719,4.547328,-2.078895
1,1,1,98.000000,134,421.406277,291.270702,1.280692,-4.833201
1,1,1,98.000000,135,440.926170,176.240445,3.723381,-3.337130
1,1,1,98.000000,136,155.854413,414.166815,3.417289,-3.649950
1,1,1,98.000000,137,385.238560,476.327824,-3.462095,-3.607478
1,1,1,98.000000,138,8.895268,166.185112,-4.849309,-1.218279
1,1,1,98.000000,139,160.179526,50.479167,1.399184,4.800238
1,1,1,98.000000,140,277.494950,332.986722,3.297683,3.758362
1,1,1,98.000000,141,451.287839,379.378165,2.270255,-4.454878
1,1,1,98.000000,142,417.661047,448.007862,4.992423,0.275161
1,1,1,98.000000,143,365.983140,386.906915,-1.382718,-4.805007
1,1,1,98.000000,144,406.355225,438.044202,0.552905,4.969336
1,1,1,98.000000,145,41.192226,106.102644,-4.377350,-2.416363
1,1,1,98.000000,146,112.264794,328.458471,-1.510375,-4.766421
1,1,1,98.000000,147,136.742527,306.417347,-4.480133,-2.220003
1,1,1,98.000000,148,267.221430,174.466423,2.319697,4.429335
1,1,1,98.000000,149,467.143263,464.841636,2.487975,-4.337047
1,1,1,99.000000,0,112.623123,93.564190,0.392834,-4.984544
1,1,1,99.000000,1,70.151829,70.902914,0.821883,-4.931988
1,1,1,99.000000,2,228.680291,361.467531,-4.695480,1.718273
1,1,1,99.000000,3,173.366367,366.126090,-0.715178,-4.948588
1,1,1,99.000000,4,485.400568,495.998774,4.891571,1.035630
1,1,1,99.000000,5,312.742704,304.152337,-4.398044,-2.378489
1,1,1,99.000000,6,35.664959,256.360751,-0.115675,4.998662
1,1,1,99.000000,7,57.395960,472.849515,4.538592,-2.097899
1,1,1,99.000000,8,42.782535,335.492648,-1.755374,-4.681737
1,1,1,99.000000,9,81.949875,387.934631,4.968114,0.563777
1,1,1,99.000000,10,311.489142,390.827461,-1.931667,-4.611796
1,1,1,99.000000,11,85.141677,79.717038,-2.537826,-4.308067
1,1,1,99.000000,12,423.163451,420.959395,-0.603007,-4.963505
1,1,1,99.000000,13,196.183531,489.563483,-4.331214,-2.498116
1,1,1,99.000000,14,144.261178,292.825667,4.963113,-0.606224
1,1,1,99.000000,15,274.468080,367.786464,4.122259,2.829660
1,1,1,99.000000,16,8.093371,202.023674,-3.453926,-3.615300
1,1,1,99.000000,17,249.369512,473.581050,2.752142,-4.174412
1,1,1,99.000000,18,462.975657,379.900176,3.052894,-3.959778
1,1,1,99.000000,19,462.111069,1.610220,2.235515,4.472412
1,1,1,99.000000,20,242.233512,239.954950,-4.251876,-2.630884
1,1,1,99.000000,21,388.680474,69.743101,2.135581,4.520984
1,1,1,99.000000,22,387.557311,145.368644,2.594189,4.274363
1,1,1,99.000000,23,424.083363,492.738600,-2.364907,-4.405362
1,1,1,99.000000,24,403.783333,85.365494,3.348006,3.713604
1,1,1,99.000000,25,0.689282,271.348889,4.142187,-2.800408
1,1,1,99.000000,26,376.924496,393.276237,-0.947775,4.909351
1,1,1,99.000000,27,27.945733,240.470912,0.110186,-4.998786
1,1,1,99.000000,28,379.939874,398.076561,-1.906866,4.622106
1,1,1,99.000000,29,52.895215,231.934269,1.236546,-4.844683
1,1,1,99.000000,30,163.213203,467.723691,-1.837834,-4.649985
1,1,1,99.000000,31,134.342239,21.777583,4.970506,0.542283
1,1,1,99.000000,32,33.493285,87.271563,4.511270,-2.156025
1,1,1,99.000000,33,382.552376,373.346107,4.891392,1.036477
1,1,1,99.000000,34,476.819254,176.554598,-2.628143,-4.253571
1,1,1,99.000000,35,302.878923,359.593508,-2.954130,-4.033995
1,1,1,99.000000,36,316.307106,237.291993,-1.467684,4.779739
1,1,1,99.000000,37,92.707897,267.951113,3.321417,3.737404
1,1,1,99.000000,38,376.825036,140.315929,-3.893245,-3.137298
1,1,1,99.000000,39,317.163228,345.829579,4.120454,2.832288
1,1,1,99.000000,40,292.437231,266.477383,-3.788367,-3.263169
1,1,1,99.000000,41,285.732358,184.055698,-2.705632,4.204707
1,1,1,99.000000,42,261.029337,183.351219,0.395976,4.984296
1,1,1,99.000000,43,459.209215,419.695335,-3.070112,3.946443
1,1,1,99.000000,44,416.997381,168.102108,-4.935981,0.797551
1,1,1,99.000000,45,372.352942,144.880220,-2.901919,-4.071716
1,1,1,99.000000,46,268.724763,190.013667,4.528947,-2.118642
1,1,1,99.000000,47,110.920115,496.212410,0.447762,-4.979911
1,1,1,99.000000,48,411.005766,406.760408,-4.971449,0.533571
1,1,1,99.000000,49,247.910134,364.724991,3.583579,-3.486827
1,1,1,99.000000,50,493.202255,181.563885,2.730936,-4.188316
1,1,1,99.000000,51,463.446826,76.329561,-2.864455,4.098158
1,1,1,99.000000,52,219.283807,218.992725,2.417785,4.376565
1,1,1,99.000000,53,448.547630,17.779270,-2.231180,4.474577
1,1,1,99.000000,54,465.058909,370.571138,-4.047069,2.936194
1,1,1,99.000000,55,118.363488,340.523225,-4.132298,2.814981
1,1,1,99.000000,56,384.723318,46.123711,4.604383,1.949271
1,1,1,99.000000,57,181.071092,319.306623,-4.408398,-2.359242
1,1,1,99.000000,58,186.354157,132.377856,3.567045,3.503740
1,1,1,99.000000,59,7.436613,84.372817,-2.567498,-4.290449
1,1,1,99.000000,60,313.470531,210.362280,4.253713,2.627913
1,1,1,99.000000,61,267.722713,367.809360,-2.727905,4.190291
1,1,1,99.000000,62,364.184224,95.675798,-3.079910,3.938801
1,1,1,99.000000,63,452.667535,63.209179,-4.523077,-2.131143
1,1,1,99.000000,64,91.063267,19.099622,-1.354500,4.813038
1,1,1,99.000000,65,351.165282,476.809103,-0.382276,-4.985365
1,1,1,99.000000,66,339.860359,60.410226,-3.460427,3.609078
1,1,1,99.000000,67,286.877993,157.972673,-4.968225,-0.562796
1,1,1,99.000000,68,424.701324,319.770629,0.267892,-4.992818
1,1,1,99.000000,69,119.747093,277.091971,3.534935,-3.536133
1,1,1,99.000000,70,364.960129,419.533257,4.744119,-1.579030
1,1,1,99.000000,71,291.775254,60.017146,0.209501,4.995609
1,1,1,99.000000,72,323.860499,312.918118,4.998594,0.118557
1,1,1,99.000000,73,395.217221,190.292516,0.433470,-4.981175
1,1,1,99.000000,74,341.282819,174.993177,4.535003,-2.105647
1,1,1,99.000000,75,419.415581,36.912279,4.593507,-1.974765
1,1,1,99.000000,76,492.322711,438.282440,-3.272048,3.780701
1,1,1,99.000000,77,92.470514,342.307244,4.669291,-1.788218
1,1,1,99.000000,78,19.990686,24.015702,2.153355,4.512545
1,1,1,99.000000,79,279.867654,413.106196,4.250790,-2.632638
1,1,1,99.000000,80,479.129851,257.437635,3.853113,-3.186459
1,1,1,99.000000,81,429.626420,213.385191,0.770913,-4.940212
1,1,1,99.000000,82,289.864483,473.886071,-4.340761,2.481491
1,1,1,99.000000,83,193.132505,395.854084,-4.783940,1.453931
1,1,1,99.000000,84,403.668247,291.870527,-4.492865,2.194119
1,1,1,99.000000,85,108.516121,18.381958,0.015788,-4.999975
1,1,1,99.000000,86,58.875080,368.418188,2.618798,-4.259331
1,1,1,99.000000,87,433.605501,138.192137,0.255484,-4.993469
1,1,1,99.000000,88,121.152805,299.450322,4.983273,0.408650
1,1,1,99.000000,89,326.773424,379.058247,-3.991207,3.011689
1,1,1,99.000000,90,198.113747,58.471407,2.910854,4.065333
1,1,1,99.000000,91,220.185073,189.331119,2.464161,-4.350622
1,1,1,99.000000,92,195.493913,330.433160,4.775930,-1.480030
1,1,1,99.000000,93,211.519396,194.048921,3.945427,-3.071418
1,1,1,99.000000,94,62.651278,85.034545,0.436770,-4.980887
1,1,1,99.000000,95,183.550018,97.132608,4.950023,-0.705174
1,1,1,99.000000,96,109.929007,405.990864,-1.647363,4.720826
1,1,1,99.000000,97,1.101013,308.699534,1.882376,-4.632133
1,1,1,99.000000,98,134.273409,370.556273,4.547013,-2.079584
1,1,1,99.000000,99,493.709822,211.542837,-0.729951,4.946430
1,1,1,99.000000,100,138.079294,17.694398,4.895832,-1.015297
1,1,1,99.000000,101,420.586441,39.641413,3.252043,3.797923
1,1,1,99.000000,102,157.813674,145.001526,2.790025,4.149188
1,1,1,99.000000,103,397.284460,390.193764,-4.997554,-0.156375
1,1,1,99.000000,104,227.943334,204.546864,-4.441738,-2.295857
1,1,1,99.000000,105,68.954828,204.162088,-4.972321,-0.525379
1,1,1,99.000000,106,264.653688,452.636692,4.993984,0.245192
1,1,1,99.000000,107,311.629756,483.643548,-3.091126,3.930005
1,1,1,99.000000,108,243.944004,42.891367,4.981984,0.424065
1,1,1,99.000000,109,486.846257,122.668622,4.202638,2.708843
1,1,1,99.000000,110,197.280465,53.186216,4.711145,1.674848
1,1,1,99.000000,111,116.234240,195.962178,4.789208,-1.436486
1,1,1,99.000000,112,219.167866,53.647897,-3.229163,-3.817395
1,1,1,99.000000,113,120.251231,353.267033,3.927543,-3.094254
1,1,1,99.000000,114,426.925475,53.604357,-0.916270,-4.915328
1,1,1,99.000000,115,5.717555,475.380079,2.242031,4.469149
1,1,1,99.000000,116,56.390916,233.458929,-4.636397,-1.871851
1,1,1,99.000000,117,113.489019,132.616080,-2.334181,-4.421719
1,1,1,99.000000,118,5.585189,287.747854,-2.781666,4.154797
1,1,1,99.000000,119,376.425564,268.185534,-4.137071,2.807960
1,1,1,99.000000,120,423.640191,382.746717,3.980992,-3.025178
1,1,1,99.000000,121,493.100175,373.001683,-2.864882,4.097859
1,1,1,99.000000,122,226.787632,362.820243,-4.879629,-1.090513
1,1,1,99.000000,123,350.136613,365.835447,2.063837,4.554182
1,1,1,99.000000,124,467.337805,123.440624,-3.622997,-3.445851
1,1,1,99.000000,125,362.193592,158.116484,-3.356192,-3.706207
1,1,1,99.000000,126,53.857006,258.111776,-4.994787,0.228254
1,1,1,99.000000,127,359.767127,246.027212,4.675275,1.772513
1,1,1,99.000000,128,466.376772,100.254192,-4.341281,2.480581
1,1,1,99.000000,129,393.332387,338.896161,-2.888028,-4.081580
1,1,1,99.000000,130,314.271081,376.282222,4.845549,1.233150
1,1,1,99.000000,131,46.002136,230.783502,-4.091374,-2.874136
1,1,1,99.000000,132,333.765021,448.396551,-0.055334,4.999694
1,1,1,99.000000,133,54.554669,202.586824,3.815525,-3.231373
1,1,1,99.000000,134,422.686969,286.437502,4.329315,2.501406
1,1,1,99.000000,135,444.649551,172.903315,-4.695324,-1.718701
1,1,1,99.000000,136,159.271703,410.516865,-1.879899,4.633139
1,1,1,99.000000,137,381.776465,472.720345,-2.964403,-4.026452
1,1,1,99.000000,138,4.920478,169.218435,-3.974790,3.033322
1,1,1,99.000000,139,161.578709,55.279405,4.765245,-1.514082
1,1,1,99.000000,140,280.792633,336.745084,2.788153,-4.150446
1,1,1,99.000000,141,453.558094,374.923286,2.836327,-4.117675
1,1,1,99.000000,142,422.653470,448.283023,-4.272854,-2.596674
1,1,1,99.000000,143,364.600422,382.101909,3.513417,3.557514
1,1,1,99.000000,144,406.908131,443.013537,4.911701,-0.935520
1,1,1,99.000000,145,36.814877,103.686281,-1.437642,-4.788861
1,1,1,99.000000,146,110.754418,323.692051,-0.440551,4.980554
1,1,1,99.000000,147,132.262395,304.197344,-2.056045,-4.557705
1,1,1,99.000000,148,269.541127,178.895757,4.391106,2.391274
1,1,1,99.000000,149,468.862025,460.146334,1.718761,-4.695302
